"ID","OR","Last Name","First Name","Team","Status","Status Details","Eligible Positions","Avg. Pick","Avg. Round","Avg. Cost","% Drafted","FGM","FGA","FG%","FTM","3PTM","PTS","REB","AST","ST","BLK","TO","PF","TECH","FF","DD","TD","Image"
"466.p.5352","1","Jokić","Nikola","DEN","Available","","C,Util","1.5","1.0","$83.2","100%","599","1046","0.573","365","109","1672","773","648","85","47","230","165","3","2","51","31","https://s.yimg.com/iu/api/res/1.2/hBtwJZPamfeu4tuuwI6eow--~C/YXBwaWQ9eXNwb3J0cztjaD0yMzM2O2NyPTE7Y3c9MTc5MDtkeD04NTc7ZHk9MDtmaT11bGNyb3A7aD02MDtxPTEwMDt3PTQ2/https://s.yimg.com/xe/i/us/sp/v/nba_cutout/players_l/11172025/5352.png"
"466.p.6022","2","Gilgeous-Alexander","Shai","OKC","Available","","PG,G,Util","3.7","1.0","$75.1","100%","681","1235","0.551","509","106","1977","274","412","89","51","137","130","3","0","7","0","https://s.yimg.com/iu/api/res/1.2/PTHNogbKQHpmk4oDUlnhKg--~C/YXBwaWQ9eXNwb3J0cztjaD0yMzM2O2NyPTE7Y3c9MTc5MDtkeD04NTc7ZHk9MDtmaT11bGNyb3A7aD02MDtxPTEwMDt3PTQ2/https://s.yimg.com/xe/i/us/sp/v/nba_cutout/players_l/11172025/6022.png"
"466.p.10094","3","Wembanyama","Victor","SAS","Available","","PF,F,C,Util","2.4","1.0","$81.2","100%","491","980","0.501","333","112","1427","666","179","63","181","148","149","2","1","38","1","https://s.yimg.com/iu/api/res/1.2/bMxejNBQnSSruNtKphOuYA--~C/YXBwaWQ9eXNwb3J0cztjaD0yMzM2O2NyPTE7Y3c9MTc5MDtkeD04NTc7ZHk9MDtmaT11bGNyb3A7aD02MDtxPTEwMDt3PTQ2/https://s.yimg.com/xe/i/us/sp/v/nba_cutout/players_l/11172025/10094.png"
"466.p.6562","4","Johnson","Jalen","ATL","Available","","SF,PF,F,Util","23.4","2.8","$32.9","100%","561","1139","0.493","279","113","1514","672","535","85","30","223","135","4","2","44","13","https://s.yimg.com/iu/api/res/1.2/7NPqebz8ci6oeNow8CW4.g--~C/YXBwaWQ9eXNwb3J0cztjaD0yMzM2O2NyPTE7Y3c9MTc5MDtkeD04NTc7ZHk9MDtmaT11bGNyb3A7aD02MDtxPTEwMDt3PTQ2/https://s.yimg.com/xe/i/us/sp/v/nba_cutout/players_l/11172025/6562.png"
"466.p.6014","5","Dončić","Luka","LAL","Out","O - Suspension","PG,SG,G,Util,IL+","4.0","1.0","$70.8","100%","677","1421","0.476","488","247","2089","486","511","102","34","249","149","16","0","33","8","https://s.yimg.com/iu/api/res/1.2/HTpJkqTe9MMoPjRiVTsceQ--~C/YXBwaWQ9eXNwb3J0cztjaD0yMzM2O2NyPTE7Y3c9MTc5MDtkeD04NTc7ZHk9MDtmaT11bGNyb3A7aD02MDtxPTEwMDt3PTQ2/https://s.yimg.com/xe/i/us/sp/v/nba_cutout/players_l/12162025/6014.png"
"466.p.5638","6","Murray","Jamal","DEN","Available","","PG,SG,G,Util","34.9","4.0","$23.4","100%","624","1289","0.484","335","224","1807","313","508","64","25","164","122","1","0","17","0","https://s.yimg.com/iu/api/res/1.2/dmVibmKyh2eu2yvY0kMf0g--~C/YXBwaWQ9eXNwb3J0cztjaD0yMzM2O2NyPTE7Y3c9MTc5MDtkeD04NTc7ZHk9MDtmaT11bGNyb3A7aD02MDtxPTEwMDt3PTQ2/https://s.yimg.com/xe/i/us/sp/v/nba_cutout/players_l/11172025/5638.png"
"466.p.4896","7","Leonard","Kawhi","LAC","Available","","SF,PF,F,Util","44.5","4.9","$19.6","100%","580","1152","0.503","346","156","1662","373","212","115","26","122","74","0","1","5","0","https://s.yimg.com/iu/api/res/1.2/w6_A4Sk6L_sftW2uEY8Rig--~C/YXBwaWQ9eXNwb3J0cztjaD0yMzM2O2NyPTE7Y3c9MTc5MDtkeD04NTc7ZHk9MDtmaT11bGNyb3A7aD02MDtxPTEwMDt3PTQ2/https://s.yimg.com/xe/i/us/sp/v/nba_cutout/players_l/10222024/4896.png"
"466.p.6413","8","Maxey","Tyrese","PHI","Available","","PG,G,Util","16.2","2.0","$39.7","100%","626","1354","0.462","336","205","1793","258","415","125","51","152","134","4","0","7","0","https://s.yimg.com/iu/api/res/1.2/LTK519rifogZSOCe2CjzrQ--~C/YXBwaWQ9eXNwb3J0cztjaD0yMzM2O2NyPTE7Y3c9MTc5MDtkeD04NTc7ZHk9MDtmaT11bGNyb3A7aD02MDtxPTEwMDt3PTQ2/https://s.yimg.com/xe/i/us/sp/v/nba_cutout/players_l/10282024/6413.png"
"466.p.6515","9","Barnes","Scottie","TOR","Available","","SG,G,SF,PF,F,C,Util","24.7","2.9","$30.8","100%","525","1035","0.507","224","64","1338","557","414","102","109","190","200","4","0","28","2","https://s.yimg.com/iu/api/res/1.2/e2y9aI9Jsh25kto30shWTg--~C/YXBwaWQ9eXNwb3J0cztjaD0yMzM2O2NyPTE7Y3c9MTc5MDtkeD04NTc7ZHk9MDtmaT11bGNyb3A7aD02MDtxPTEwMDt3PTQ2/https://s.yimg.com/xe/i/us/sp/v/nba_cutout/players_l/11172025/6515.1.png"
"466.p.5827","10","Adebayo","Bam","MIA","Available","","PF,F,C,Util","31.5","3.6","$26.6","100%","459","1048","0.438","296","112","1326","656","195","76","45","110","113","1","0","30","0","https://s.yimg.com/iu/api/res/1.2/3LWtagZXHx6NSR_wohk5og--~C/YXBwaWQ9eXNwb3J0cztjaD0yMzM2O2NyPTE7Y3c9MTc5MDtkeD04NTc7ZHk9MDtmaT11bGNyb3A7aD02MDtxPTEwMDt3PTQ2/https://s.yimg.com/xe/i/us/sp/v/nba_cutout/players_l/11172025/5827.png"
"466.p.4563","11","Harden","James","CLE","Available","","PG,SG,G,Util","14.6","2.0","$42.1","100%","450","1037","0.434","436","198","1534","319","519","73","26","228","128","0","0","19","2","https://s.yimg.com/iu/api/res/1.2/k3nd4cZRi3wd12yfBFg6mg--~C/YXBwaWQ9eXNwb3J0cztjaD0yMzM2O2NyPTE7Y3c9MTc5MDtkeD04NTc7ZHk9MDtmaT11bGNyb3A7aD02MDtxPTEwMDt3PTQ2/https://s.yimg.com/xe/i/us/sp/v/nba_cutout/players_l/02072026/4563.png"
"466.p.6692","12","Holmgren","Chet","OKC","Available","","PF,F,C,Util","27.1","3.2","$32.7","100%","401","727","0.552","215","78","1095","571","108","35","118","98","142","0","0","23","0","https://s.yimg.com/iu/api/res/1.2/ggT_L.37Eu0F9R_IRpg0fQ--~C/YXBwaWQ9eXNwb3J0cztjaD0yMzM2O2NyPTE7Y3c9MTc5MDtkeD04NTc7ZHk9MDtmaT11bGNyb3A7aD02MDtxPTEwMDt3PTQ2/https://s.yimg.com/xe/i/us/sp/v/nba_cutout/players_l/11172025/6692.png"
"466.p.5826","13","Mitchell","Donovan","CLE","Available","","PG,SG,G,Util","17.5","2.2","$38.8","100%","629","1315","0.478","342","214","1814","292","374","100","18","184","154","5","0","5","0","https://s.yimg.com/iu/api/res/1.2/SsOo4WVECsqUNxmLB0aNyw--~C/YXBwaWQ9eXNwb3J0cztjaD0yMzM2O2NyPTE7Y3c9MTc5MDtkeD04NTc7ZHk9MDtmaT11bGNyb3A7aD02MDtxPTEwMDt3PTQ2/https://s.yimg.com/xe/i/us/sp/v/nba_cutout/players_l/10242024/5826.png"
"466.p.6558","14","Sengun","Alperen","HOU","Available","","PF,F,C,Util","17.3","2.2","$39.4","100%","533","1032","0.516","241","36","1343","584","401","81","73","208","209","3","1","32","4","https://s.yimg.com/iu/api/res/1.2/uEJvBpkChep8VUVvj9dmtA--~C/YXBwaWQ9eXNwb3J0cztjaD0yMzM2O2NyPTE7Y3c9MTc5MDtkeD04NTc7ZHk9MDtmaT11bGNyb3A7aD02MDtxPTEwMDt3PTQ2/https://s.yimg.com/xe/i/us/sp/v/nba_cutout/players_l/11172025/6558.png"
"466.p.6512","15","Cunningham","Cade","DET","Injured","INJ - Chest","PG,SG,G,Util,IL,IL+","6.9","1.0","$55.8","100%","532","1153","0.461","310","123","1497","340","603","90","52","226","192","8","0","37","3","https://s.yimg.com/iu/api/res/1.2/.26BfYeb.FhjRgVDvG_DeA--~C/YXBwaWQ9eXNwb3J0cztjaD0yMzM2O2NyPTE7Y3c9MTc5MDtkeD04NTc7ZHk9MDtmaT11bGNyb3A7aD02MDtxPTEwMDt3PTQ2/https://s.yimg.com/xe/i/us/sp/v/nba_cutout/players_l/11172025/6512.png"
"466.p.6514","16","Mobley","Evan","CLE","Available","","PF,F,C,Util","20.4","2.5","$37.9","100%","424","785","0.540","163","61","1072","524","214","46","106","111","148","1","0","24","0","https://s.yimg.com/iu/api/res/1.2/epkqgLQvfzkP74TVYoYphQ--~C/YXBwaWQ9eXNwb3J0cztjaD0yMzM2O2NyPTE7Y3c9MTc5MDtkeD04NTc7ZHk9MDtmaT11bGNyb3A7aD02MDtxPTEwMDt3PTQ2/https://s.yimg.com/xe/i/us/sp/v/nba_cutout/players_l/12182025/6514.png"
"466.p.6691","17","Banchero","Paolo","ORL","Available","","PF,F,C,Util","27.3","3.2","$29.7","100%","480","1046","0.459","409","79","1448","532","324","42","39","193","123","3","0","24","2","https://s.yimg.com/iu/api/res/1.2/yYaSKok.ViUE.FUtUH7l0Q--~C/YXBwaWQ9eXNwb3J0cztjaD0yMzM2O2NyPTE7Y3c9MTc5MDtkeD04NTc7ZHk9MDtmaT11bGNyb3A7aD02MDtxPTEwMDt3PTQ2/https://s.yimg.com/xe/i/us/sp/v/nba_cutout/players_l/11172025/6691.png"
"466.p.6044","18","Brunson","Jalen","NYK","Available","","PG,G,Util","20.7","2.5","$34.4","100%","645","1385","0.466","338","186","1814","233","460","52","8","163","159","2","0","9","0","https://s.yimg.com/iu/api/res/1.2/rSoP4zwaX5v7mOETI3i5zg--~C/YXBwaWQ9eXNwb3J0cztjaD0yMzM2O2NyPTE7Y3c9MTc5MDtkeD04NTc7ZHk9MDtmaT11bGNyb3A7aD02MDtxPTEwMDt3PTQ2/https://s.yimg.com/xe/i/us/sp/v/nba_cutout/players_l/11252025/6044.png"
"466.p.10285","19","Clingan","Donovan","POR","Available","","C,Util","89.6","9.4","$6.9","100%","330","633","0.521","132","74","866","833","151","41","121","90","166","2","1","33","0","https://s.yimg.com/iu/api/res/1.2/x2zShcdgmGfAC0KT41wrJA--~C/YXBwaWQ9eXNwb3J0cztjaD0yMzM2O2NyPTE7Y3c9MTc5MDtkeD04NTc7ZHk9MDtmaT11bGNyb3A7aD02MDtxPTEwMDt3PTQ2/https://s.yimg.com/xe/i/us/sp/v/nba_cutout/players_l/11172025/10285.png"
"466.p.6401","20","Avdija","Deni","POR","Available","","SG,G,SF,PF,F,Util","46.9","5.1","$15.7","100%","438","955","0.459","439","114","1429","415","399","47","38","232","152","1","0","17","3","https://s.yimg.com/iu/api/res/1.2/WP_HfLwb8Fop0Ftwo2mL5A--~C/YXBwaWQ9eXNwb3J0cztjaD0yMzM2O2NyPTE7Y3c9MTc5MDtkeD04NTc7ZHk9MDtmaT11bGNyb3A7aD02MDtxPTEwMDt3PTQ2/https://s.yimg.com/xe/i/us/sp/v/nba_cutout/players_l/11172025/6401.png"
"466.p.6355","21","Edwards","Anthony","MIN","Available","","PG,SG,G,Util","7.2","1.0","$57.6","100%","585","1189","0.492","340","200","1710","296","216","81","48","165","109","9","0","2","0","https://s.yimg.com/iu/api/res/1.2/aA5GX_SbLsVIlut0zuC2AA--~C/YXBwaWQ9eXNwb3J0cztjaD0yMzM2O2NyPTE7Y3c9MTc5MDtkeD04NTc7ZHk9MDtmaT11bGNyb3A7aD02MDtxPTEwMDt3PTQ2/https://s.yimg.com/xe/i/us/sp/v/nba_cutout/players_l/11172025/6355.png"
"466.p.4244","22","Durant","Kevin","HOU","Available","","SG,G,SF,PF,F,Util","16.0","2.1","$42.6","100%","650","1257","0.517","371","167","1838","384","326","61","61","228","128","9","1","7","0","https://s.yimg.com/iu/api/res/1.2/bRuLg2U2QoQgSb5lOUl5mg--~C/YXBwaWQ9eXNwb3J0cztjaD0yMzM2O2NyPTE7Y3c9MTc5MDtkeD04NTc7ZHk9MDtmaT11bGNyb3A7aD02MDtxPTEwMDt3PTQ2/https://s.yimg.com/xe/i/us/sp/v/nba_cutout/players_l/11172025/4244.png"
"466.p.10274","23","Ware","Kel'el","MIA","Available","","PF,F,C,Util","93.1","9.7","$7.0","99%","314","595","0.528","68","78","774","640","45","57","75","58","109","0","0","23","0","https://s.yimg.com/iu/api/res/1.2/kHH_PPjl0a2buXaLw9PMFA--~C/YXBwaWQ9eXNwb3J0cztjaD0yMzM2O2NyPTE7Y3c9MTc5MDtkeD04NTc7ZHk9MDtmaT11bGNyb3A7aD02MDtxPTEwMDt3PTQ2/https://s.yimg.com/xe/i/us/sp/v/nba_cutout/players_l/11172025/10274.png"
"466.p.6548","24","Giddey","Josh","CHI","Available","","PG,SG,G,Util","27.8","3.2","$30.2","100%","315","700","0.450","173","101","904","436","479","55","24","190","89","4","1","28","13","https://s.yimg.com/iu/api/res/1.2/CN7i62_Q9vfr0BWm5_ssiQ--~C/YXBwaWQ9eXNwb3J0cztjaD0yMzM2O2NyPTE7Y3c9MTc5MDtkeD04NTc7ZHk9MDtmaT11bGNyb3A7aD02MDtxPTEwMDt3PTQ2/https://s.yimg.com/xe/i/us/sp/v/nba_cutout/players_l/10242024/6548.png"
"466.p.6205","25","Alexander-Walker","Nickeil","ATL","Available","","PG,SG,G,SF,F,Util","116.7","12.1","$1.3","33%","494","1096","0.451","262","225","1475","249","270","95","36","148","158","1","0","2","0","https://s.yimg.com/iu/api/res/1.2/9_D.4FsAkxMG7HMYBStk5A--~C/YXBwaWQ9eXNwb3J0cztjaD0yMzM2O2NyPTE7Y3c9MTc5MDtkeD04NTc7ZHk9MDtmaT11bGNyb3A7aD02MDtxPTEwMDt3PTQ2/https://s.yimg.com/xe/i/us/sp/v/nba_cutout/players_l/11172025/6205.png"
"466.p.5432","26","Towns","Karl-Anthony","NYK","Available","","PF,F,C,Util","12.4","1.7","$48.2","100%","479","967","0.495","338","107","1403","836","197","61","38","174","244","5","2","52","0","https://s.yimg.com/iu/api/res/1.2/Mt74BZh9V8bU0_wfNP6O8A--~C/YXBwaWQ9eXNwb3J0cztjaD0yMzM2O2NyPTE7Y3c9MTc5MDtkeD04NTc7ZHk9MDtmaT11bGNyb3A7aD02MDtxPTEwMDt3PTQ2/https://s.yimg.com/xe/i/us/sp/v/nba_cutout/players_l/11252025/5432.png"
"466.p.6021","27","Bridges","Mikal","NYK","Available","","SG,G,SF,PF,F,Util","79.8","8.4","$8.6","100%","440","905","0.486","72","148","1100","297","288","101","60","78","151","1","0","1","0","https://s.yimg.com/iu/api/res/1.2/P8cFj0hqNqbSh7modA_cvg--~C/YXBwaWQ9eXNwb3J0cztjaD0yMzM2O2NyPTE7Y3c9MTc5MDtkeD04NTc7ZHk9MDtmaT11bGNyb3A7aD02MDtxPTEwMDt3PTQ2/https://s.yimg.com/xe/i/us/sp/v/nba_cutout/players_l/11252025/6021.png"
"466.p.6698","28","Daniels","Dyson","ATL","Available","","PG,SG,G,SF,F,Util","43.7","4.8","$24.1","100%","369","715","0.516","67","16","821","469","413","135","30","126","148","2","0","12","1","https://s.yimg.com/iu/api/res/1.2/TSltow8Hp6DSdXBESpJ2Sw--~C/YXBwaWQ9eXNwb3J0cztjaD0yMzM2O2NyPTE7Y3c9MTc5MDtkeD04NTc7ZHk9MDtmaT11bGNyb3A7aD02MDtxPTEwMDt3PTQ2/https://s.yimg.com/xe/i/us/sp/v/nba_cutout/players_l/11172025/6698.png"
"466.p.10108","29","Thompson","Amen","HOU","Available","","PG,SG,G,SF,F,Util","22.5","2.7","$37.2","100%","495","946","0.523","272","25","1287","566","376","106","45","175","161","2","3","19","0","https://s.yimg.com/iu/api/res/1.2/VS._swpPaUA3AslGyj9ljQ--~C/YXBwaWQ9eXNwb3J0cztjaD0yMzM2O2NyPTE7Y3c9MTc5MDtkeD04NTc7ZHk9MDtmaT11bGNyb3A7aD02MDtxPTEwMDt3PTQ2/https://s.yimg.com/xe/i/us/sp/v/nba_cutout/players_l/11172025/10108.png"
"466.p.6411","30","Bey","Saddiq","NOP","Available","","SF,PF,F,Util","","","","","413","914","0.452","234","144","1204","387","177","64","7","66","87","1","0","7","0","https://s.yimg.com/iu/api/res/1.2/u6bYs8.6eEFn6F2T3sNwnQ--~C/YXBwaWQ9eXNwb3J0cztjaD0yMzM2O2NyPTE7Y3c9MTc5MDtkeD04NTc7ZHk9MDtmaT11bGNyb3A7aD02MDtxPTEwMDt3PTQ2/https://s.yimg.com/xe/i/us/sp/v/nba_cutout/players_l/11172025/6411.png"
"466.p.10450","31","Knueppel","Kon","CHA","Available","","SG,G,SF,F,Util","110.5","11.3","$2.1","19%","479","990","0.484","187","257","1402","399","254","51","17","146","157","1","0","7","0","https://s.yimg.com/iu/api/res/1.2/yjIcCtuFznu1hQMpBZvIhg--~C/YXBwaWQ9eXNwb3J0cztjaD0yMzM2O2NyPTE7Y3c9MTc5MDtkeD04NTc7ZHk9MDtmaT11bGNyb3A7aD02MDtxPTEwMDt3PTQ2/https://s.yimg.com/xe/i/us/sp/v/nba_cutout/players_l/11172025/10450.png"
"466.p.6703","32","Duren","Jalen","DET","Out","O - Knee","C,Util,IL+","56.4","6.1","$12.4","100%","474","738","0.642","289","0","1237","680","117","55","55","114","177","6","3","40","0","https://s.yimg.com/iu/api/res/1.2/pO_fE8vVDm6xFzrjQMbAoA--~C/YXBwaWQ9eXNwb3J0cztjaD0yMzM2O2NyPTE7Y3c9MTc5MDtkeD04NTc7ZHk9MDtmaT11bGNyb3A7aD02MDtxPTEwMDt3PTQ2/https://s.yimg.com/xe/i/us/sp/v/nba_cutout/players_l/11172025/6703.png"
"466.p.3704","33","James","LeBron","LAL","Available","","SF,PF,F,Util","29.3","3.4","$27.8","100%","419","818","0.512","200","68","1106","316","368","60","31","156","75","1","1","13","2","https://s.yimg.com/iu/api/res/1.2/.0ZCmhZyA3pArs2nkUDpZQ--~C/YXBwaWQ9eXNwb3J0cztjaD0yMzM2O2NyPTE7Y3c9MTc5MDtkeD04NTc7ZHk9MDtmaT11bGNyb3A7aD02MDtxPTEwMDt3PTQ2/https://s.yimg.com/xe/i/us/sp/v/nba_cutout/players_l/02042026/3704.3.png"
"466.p.6417","34","Quickley","Immanuel","TOR","Injured","INJ - Foot","PG,SG,G,Util,IL,IL+","73.4","7.7","$7.8","100%","394","886","0.445","170","174","1132","273","402","87","5","101","136","0","0","8","0","https://s.yimg.com/iu/api/res/1.2/jbdIwUlUGdK0LPJZcZNSdQ--~C/YXBwaWQ9eXNwb3J0cztjaD0yMzM2O2NyPTE7Y3c9MTc5MDtkeD04NTc7ZHk9MDtmaT11bGNyb3A7aD02MDtxPTEwMDt3PTQ2/https://s.yimg.com/xe/i/us/sp/v/nba_cutout/players_l/11172025/6417.1.png"
"466.p.10468","35","Flagg","Cooper","DAL","Available","","PG,SG,G,SF,F,Util","42.3","4.7","$22.3","100%","485","1023","0.474","237","60","1267","408","286","74","57","148","129","1","1","11","0","https://s.yimg.com/iu/api/res/1.2/64_5Ztd1lqG.jWfrDxnuXw--~C/YXBwaWQ9eXNwb3J0cztjaD0yMzM2O2NyPTE7Y3c9MTc5MDtkeD04NTc7ZHk9MDtmaT11bGNyb3A7aD02MDtxPTEwMDt3PTQ2/https://s.yimg.com/xe/i/us/sp/v/nba_cutout/players_l/10202025/10468.png"
"466.p.5601","36","Ingram","Brandon","TOR","Questionable","GTD - Heel","SG,G,SF,PF,F,Util,IL+","61.1","6.5","$9.8","100%","558","1185","0.471","259","124","1499","393","257","54","52","176","136","2","0","2","0","https://s.yimg.com/iu/api/res/1.2/frxDHIBDXiORLmS.C_BveQ--~C/YXBwaWQ9eXNwb3J0cztjaD0yMzM2O2NyPTE7Y3c9MTc5MDtkeD04NTc7ZHk9MDtmaT11bGNyb3A7aD02MDtxPTEwMDt3PTQ2/https://s.yimg.com/xe/i/us/sp/v/nba_cutout/players_l/11172025/5601.1.png"
"466.p.6418","37","Pritchard","Payton","BOS","Available","","PG,G,Util","72.0","7.6","$10.7","100%","460","1002","0.459","117","189","1226","293","376","54","9","101","107","0","0","4","0","https://s.yimg.com/iu/api/res/1.2/W.f_GVLqZBq1jWuhfMdkiw--~C/YXBwaWQ9eXNwb3J0cztjaD0yMzM2O2NyPTE7Y3c9MTc5MDtkeD04NTc7ZHk9MDtmaT11bGNyb3A7aD02MDtxPTEwMDt3PTQ2/https://s.yimg.com/xe/i/us/sp/v/nba_cutout/players_l/10102023/6418.png"
"466.p.5842","38","White","Derrick","BOS","Available","","PG,SG,G,Util","37.0","4.1","$25.7","100%","412","1050","0.392","180","194","1198","313","386","83","95","126","114","2","1","1","0","https://s.yimg.com/iu/api/res/1.2/OcfhZM.D1lW2EB6HHsCrKQ--~C/YXBwaWQ9eXNwb3J0cztjaD0yMzM2O2NyPTE7Y3c9MTc5MDtkeD04NTc7ZHk9MDtmaT11bGNyb3A7aD02MDtxPTEwMDt3PTQ2/https://s.yimg.com/xe/i/us/sp/v/nba_cutout/players_l/10222024/5842.png"
"466.p.5185","39","Antetokounmpo","Giannis","MIL","Injured","INJ - Knee","PF,F,C,Util,IL,IL+","4.5","1.0","$64.0","100%","373","598","0.624","232","15","993","352","196","34","24","115","86","1","0","19","0","https://s.yimg.com/iu/api/res/1.2/ad7QU7kaZttXxpZpenLqCA--~C/YXBwaWQ9eXNwb3J0cztjaD0yMzM2O2NyPTE7Y3c9MTc5MDtkeD04NTc7ZHk9MDtmaT11bGNyb3A7aD02MDtxPTEwMDt3PTQ2/https://s.yimg.com/xe/i/us/sp/v/nba_cutout/players_l/10282024/5185.png"
"466.p.4897","40","Vučević","Nikola","BOS","Injured","INJ - Finger","C,Util,IL,IL+","53.0","5.7","$15.0","100%","382","770","0.496","76","95","935","517","203","37","40","80","119","1","0","23","0","https://s.yimg.com/iu/api/res/1.2/nEzU5949yDzM_uXTLMk4Wg--~C/YXBwaWQ9eXNwb3J0cztjaD0yMzM2O2NyPTE7Y3c9MTc5MDtkeD04NTc7ZHk9MDtmaT11bGNyb3A7aD02MDtxPTEwMDt3PTQ2/https://s.yimg.com/xe/i/us/sp/v/nba_cutout/players_l/02122026/4897.2.png"
"466.p.6559","41","Murphy III","Trey","NOP","Injured","INJ - Ankle","SG,G,SF,PF,F,Util,IL,IL+","42.3","4.6","$19.4","100%","482","1024","0.471","212","212","1388","365","244","98","22","116","134","6","1","4","0","https://s.yimg.com/iu/api/res/1.2/7MiLgUTdHAZ0ZlTkkwgbkA--~C/YXBwaWQ9eXNwb3J0cztjaD0yMzM2O2NyPTE7Y3c9MTc5MDtkeD04NTc7ZHk9MDtmaT11bGNyb3A7aD02MDtxPTEwMDt3PTQ2/https://s.yimg.com/xe/i/us/sp/v/nba_cutout/players_l/11172025/6559.png"
"466.p.5835","42","Allen","Jarrett","CLE","Out","O - Knee","C,Util,IL+","61.4","6.6","$12.8","100%","314","491","0.640","168","1","797","442","97","50","45","69","93","2","0","19","0","https://s.yimg.com/iu/api/res/1.2/VSUTsgzn4Snqd2zC2Xd55w--~C/YXBwaWQ9eXNwb3J0cztjaD0yMzM2O2NyPTE7Y3c9MTc5MDtkeD04NTc7ZHk9MDtmaT11bGNyb3A7aD02MDtxPTEwMDt3PTQ2/https://s.yimg.com/xe/i/us/sp/v/nba_cutout/players_l/10242024/5835.png"
"466.p.10265","43","Buzelis","Matas","CHI","Available","","SF,PF,F,Util","86.8","9.1","$9.4","100%","426","914","0.466","178","168","1198","419","147","51","110","148","170","1","0","4","0","https://s.yimg.com/iu/api/res/1.2/1F6l97I9HpH_FwpH9FvYew--~C/YXBwaWQ9eXNwb3J0cztjaD0yMzM2O2NyPTE7Y3c9MTc5MDtkeD04NTc7ZHk9MDtmaT11bGNyb3A7aD02MDtxPTEwMDt3PTQ2/https://s.yimg.com/xe/i/us/sp/v/nba_cutout/players_l/12162025/10265.png"
"466.p.6163","44","Williamson","Zion","NOP","Available","","SF,PF,F,C,Util","39.3","4.4","$21.2","100%","470","778","0.604","316","1","1257","339","191","59","32","119","134","2","1","6","0","https://s.yimg.com/iu/api/res/1.2/MXcEIZfkC9c7pYmlOO3znQ--~C/YXBwaWQ9eXNwb3J0cztjaD0yMzM2O2NyPTE7Y3c9MTc5MDtkeD04NTc7ZHk9MDtmaT11bGNyb3A7aD02MDtxPTEwMDt3PTQ2/https://s.yimg.com/xe/i/us/sp/v/nba_cutout/players_l/11172025/6163.png"
"466.p.5318","45","Randle","Julius","MIN","Available","","PF,F,C,Util","60.7","6.5","$10.6","100%","539","1134","0.475","373","99","1550","506","377","83","18","204","211","1","3","15","3","https://s.yimg.com/iu/api/res/1.2/V_bf2OP5O8Oe1WEahqEn9w--~C/YXBwaWQ9eXNwb3J0cztjaD0yMzM2O2NyPTE7Y3c9MTc5MDtkeD04NTc7ZHk9MDtmaT11bGNyb3A7aD02MDtxPTEwMDt3PTQ2/https://s.yimg.com/xe/i/us/sp/v/nba_cutout/players_l/11172025/5318.png"
"466.p.6025","46","Porter Jr.","Michael","BKN","Injured","INJ - Hamstring","SF,PF,F,Util,IL,IL+","70.5","7.5","$8.5","100%","444","958","0.463","195","176","1259","367","158","55","13","122","116","2","0","12","0","https://s.yimg.com/iu/api/res/1.2/3fjRz4fgrXCPg.KCCNtrdw--~C/YXBwaWQ9eXNwb3J0cztjaD0yMzM2O2NyPTE7Y3c9MTc5MDtkeD04NTc7ZHk9MDtmaT11bGNyb3A7aD02MDtxPTEwMDt3PTQ2/https://s.yimg.com/xe/i/us/sp/v/nba_cutout/players_l/10312025/6025.png"
"466.p.5767","47","Fox","De'Aaron","SAS","Available","","PG,SG,G,Util","39.0","4.3","$21.9","100%","455","933","0.488","173","119","1202","240","400","76","17","146","142","2","0","7","0","https://s.yimg.com/iu/api/res/1.2/5wDxE8hlN4rdWYooGRrGBQ--~C/YXBwaWQ9eXNwb3J0cztjaD0yMzM2O2NyPTE7Y3c9MTc5MDtkeD04NTc7ZHk9MDtmaT11bGNyb3A7aD02MDtxPTEwMDt3PTQ2/https://s.yimg.com/xe/i/us/sp/v/nba_cutout/players_l/11172025/5767.png"
"466.p.6751","48","Gillespie","Collin","PHX","Available","","PG,SG,G,Util","","","","","332","780","0.426","73","220","957","301","347","93","15","116","119","0","0","2","0","https://s.yimg.com/iu/api/res/1.2/8UIEqthJ_0i1PyfNn7wGPQ--~C/YXBwaWQ9eXNwb3J0cztjaD0yMzM2O2NyPTE7Y3c9MTc5MDtkeD04NTc7ZHk9MDtmaT11bGNyb3A7aD02MDtxPTEwMDt3PTQ2/https://s.yimg.com/xe/i/us/sp/v/nba_cutout/players_l/11172025/6751.1.png"
"466.p.10115","49","Podziemski","Brandin","GSW","Available","","PG,SG,G,Util","117.0","12.0","$2.0","70%","350","781","0.448","162","137","999","398","285","83","15","122","129","0","0","5","0","https://s.yimg.com/iu/api/res/1.2/aek05TxZ_2dcygCf4TkivA--~C/YXBwaWQ9eXNwb3J0cztjaD0yMzM2O2NyPTE7Y3c9MTc5MDtkeD04NTc7ZHk9MDtmaT11bGNyb3A7aD02MDtxPTEwMDt3PTQ2/https://s.yimg.com/xe/i/us/sp/v/nba_cutout/players_l/02042026/10115.3.png"
"466.p.6398","50","Okongwu","Onyeka","ATL","Available","","PF,F,C,Util","98.8","10.3","$5.6","100%","385","796","0.484","137","133","1040","520","218","76","72","118","228","3","0","15","0","https://s.yimg.com/iu/api/res/1.2/4blJ5ycYO46pEjY1HuHRZg--~C/YXBwaWQ9eXNwb3J0cztjaD0yMzM2O2NyPTE7Y3c9MTc5MDtkeD04NTc7ZHk9MDtmaT11bGNyb3A7aD02MDtxPTEwMDt3PTQ2/https://s.yimg.com/xe/i/us/sp/v/nba_cutout/players_l/11172025/6398.png"
"466.p.6606","51","Reaves","Austin","LAL","Available","","PG,SG,G,SF,F,Util","43.2","4.8","$20.3","100%","358","726","0.493","304","114","1134","227","266","53","19","137","106","2","0","6","0","https://s.yimg.com/iu/api/res/1.2/1zoSKhr0BVSdRjUACZh4tA--~C/YXBwaWQ9eXNwb3J0cztjaD0yMzM2O2NyPTE7Y3c9MTc5MDtkeD04NTc7ZHk9MDtmaT11bGNyb3A7aD02MDtxPTEwMDt3PTQ2/https://s.yimg.com/xe/i/us/sp/v/nba_cutout/players_l/01082026/6606.1.png"
"466.p.5836","52","Anunoby","OG","NYK","Available","","SF,PF,F,Util","71.5","7.6","$11.5","100%","357","735","0.486","166","137","1017","310","135","99","42","117","152","2","0","4","0","https://s.yimg.com/iu/api/res/1.2/PhA9Mmoo2p6LEnB70qv6sQ--~C/YXBwaWQ9eXNwb3J0cztjaD0yMzM2O2NyPTE7Y3c9MTc5MDtkeD04NTc7ZHk9MDtmaT11bGNyb3A7aD02MDtxPTEwMDt3PTQ2/https://s.yimg.com/xe/i/us/sp/v/nba_cutout/players_l/11252025/5836.png"
"466.p.5602","53","Brown","Jaylen","BOS","Available","","SG,G,SF,F,Util","25.6","3.0","$28.6","100%","671","1406","0.477","389","125","1856","458","337","65","26","233","174","11","2","13","3","https://s.yimg.com/iu/api/res/1.2/Fttb_DfzhFG5FVay5d1pNg--~C/YXBwaWQ9eXNwb3J0cztjaD0yMzM2O2NyPTE7Y3c9MTc5MDtkeD04NTc7ZHk9MDtmaT11bGNyb3A7aD02MDtxPTEwMDt3PTQ2/https://s.yimg.com/xe/i/us/sp/v/nba_cutout/players_l/01292026/5602.1.png"
"466.p.5292","54","Wiggins","Andrew","MIA","Available","","SG,G,SF,PF,F,Util","105.2","10.9","$2.6","98%","359","756","0.475","113","122","953","304","167","70","63","92","140","0","0","2","0","https://s.yimg.com/iu/api/res/1.2/E.OUKMm.9JQIYbmv8EpgJA--~C/YXBwaWQ9eXNwb3J0cztjaD0yMzM2O2NyPTE7Y3c9MTc5MDtkeD04NTc7ZHk9MDtmaT11bGNyb3A7aD02MDtxPTEwMDt3PTQ2/https://s.yimg.com/xe/i/us/sp/v/nba_cutout/players_l/11172025/5292.png"
"466.p.5769","55","Markkanen","Lauri","UTA","Injured","INJ - Hip","SF,PF,F,Util,IL,IL+","52.4","5.6","$14.3","100%","384","805","0.477","240","115","1123","289","89","42","21","63","77","0","1","5","0","https://s.yimg.com/iu/api/res/1.2/C9Q5jYgob2zfbMyO1vHezg--~C/YXBwaWQ9eXNwb3J0cztjaD0yMzM2O2NyPTE7Y3c9MTc5MDtkeD04NTc7ZHk9MDtmaT11bGNyb3A7aD02MDtxPTEwMDt3PTQ2/https://s.yimg.com/xe/i/us/sp/v/nba_cutout/players_l/11172025/5769.png"
"466.p.6433","56","Jones","Tre","CHI","Available","","PG,SG,G,Util","108.8","11.4","$3.0","7%","281","516","0.545","158","34","754","179","314","71","11","81","80","0","0","5","0","https://s.yimg.com/iu/api/res/1.2/cWcGdOyntndvL1cn1XkWBQ--~C/YXBwaWQ9eXNwb3J0cztjaD0yMzM2O2NyPTE7Y3c9MTc5MDtkeD04NTc7ZHk9MDtmaT11bGNyb3A7aD02MDtxPTEwMDt3PTQ2/https://s.yimg.com/xe/i/us/sp/v/nba_cutout/players_l/01062026/6433.1.png"
"466.p.5161","57","McCollum","CJ","ATL","Available","","PG,SG,G,Util","101.6","10.6","$3.3","98%","483","1061","0.455","177","175","1318","237","263","54","28","125","131","0","1","0","0","https://s.yimg.com/iu/api/res/1.2/dqB1AUq97.11GZPG4WKyWQ--~C/YXBwaWQ9eXNwb3J0cztjaD0yMzM2O2NyPTE7Y3c9MTc5MDtkeD04NTc7ZHk9MDtmaT11bGNyb3A7aD02MDtxPTEwMDt3PTQ2/https://s.yimg.com/xe/i/us/sp/v/nba_cutout/players_l/01142026/5161.1.png"
"466.p.6581","58","Queta","Neemias","BOS","Out","O - Thumb","PF,F,C,Util,IL+","126.0","12.6","$2.4","15%","291","455","0.640","112","0","694","583","110","58","88","74","198","1","1","14","0","https://s.yimg.com/iu/api/res/1.2/B9H3bGnAzpruj_6JnWk1ug--~C/YXBwaWQ9eXNwb3J0cztjaD0yMzM2O2NyPTE7Y3c9MTc5MDtkeD04NTc7ZHk9MDtmaT11bGNyb3A7aD02MDtxPTEwMDt3PTQ2/https://s.yimg.com/xe/i/us/sp/v/nba_cutout/players_l/10222024/6581.png"
"466.p.10454","59","Edgecombe","VJ","PHI","Available","","PG,SG,G,Util","96.7","9.9","$2.8","43%","401","923","0.434","137","138","1077","381","269","94","36","121","196","2","0","6","0","https://s.yimg.com/iu/api/res/1.2/jdYqW_wK0Xg0VkXJZOqOWQ--~C/YXBwaWQ9eXNwb3J0cztjaD0yMzM2O2NyPTE7Y3c9MTc5MDtkeD04NTc7ZHk9MDtmaT11bGNyb3A7aD02MDtxPTEwMDt3PTQ2/https://s.yimg.com/xe/i/us/sp/v/nba_cutout/players_l/10202025/10454.png"
"466.p.6754","60","Champagnie","Julian","SAS","Available","","SG,G,SF,F,Util","","","","","268","615","0.436","108","178","822","425","109","59","33","66","120","1","0","7","0","https://s.yimg.com/iu/api/res/1.2/PHpF4g0DpAuVqDIzAxXFyA--~C/YXBwaWQ9eXNwb3J0cztjaD0yMzM2O2NyPTE7Y3c9MTc5MDtkeD04NTc7ZHk9MDtmaT11bGNyb3A7aD02MDtxPTEwMDt3PTQ2/https://s.yimg.com/xe/i/us/sp/v/nba_cutout/players_l/11172025/6754.png"
"466.p.10100","61","George","Keyonte","UTA","Injured","INJ - Hamstring","PG,SG,G,Util,IL,IL+","105.0","10.9","$2.0","97%","402","881","0.456","337","134","1275","199","332","58","14","166","120","1","1","4","0","https://s.yimg.com/iu/api/res/1.2/d5.3rHm0KPPLme5MHCjFVQ--~C/YXBwaWQ9eXNwb3J0cztjaD0yMzM2O2NyPTE7Y3c9MTc5MDtkeD04NTc7ZHk9MDtmaT11bGNyb3A7aD02MDtxPTEwMDt3PTQ2/https://s.yimg.com/xe/i/us/sp/v/nba_cutout/players_l/11172025/10100.png"
"466.p.5663","62","Zubac","Ivica","IND","Injured","INJ - Ribs","C,Util,IL,IL+","41.6","4.6","$19.8","100%","288","482","0.598","101","0","677","509","105","18","40","86","112","0","0","24","0","https://s.yimg.com/iu/api/res/1.2/eMHD9qo64ymrtI1CVJQl2Q--~C/YXBwaWQ9eXNwb3J0cztjaD0yMzM2O2NyPTE7Y3c9MTc5MDtkeD04NTc7ZHk9MDtmaT11bGNyb3A7aD02MDtxPTEwMDt3PTQ2/https://s.yimg.com/xe/i/us/sp/v/nba_cutout/players_l/02072026/5663.png"
"466.p.6219","63","Claxton","Nic","BKN","Available","","C,Util","103.8","10.8","$3.8","99%","325","570","0.570","137","3","790","469","248","45","77","91","153","6","0","11","2","https://s.yimg.com/iu/api/res/1.2/NE9vdyps_4l64xFBDThX1g--~C/YXBwaWQ9eXNwb3J0cztjaD0yMzM2O2NyPTE7Y3c9MTc5MDtkeD04NTc7ZHk9MDtmaT11bGNyb3A7aD02MDtxPTEwMDt3PTQ2/https://s.yimg.com/xe/i/us/sp/v/nba_cutout/players_l/10312025/6219.png"
"466.p.10288","64","Sheppard","Reed","HOU","Available","","PG,SG,G,Util","113.0","11.7","$3.7","75%","363","855","0.425","67","198","991","215","252","111","50","118","157","0","1","2","0","https://s.yimg.com/iu/api/res/1.2/v.2eYugQx_jvOUiUyuSZrg--~C/YXBwaWQ9eXNwb3J0cztjaD0yMzM2O2NyPTE7Y3c9MTc5MDtkeD04NTc7ZHk9MDtmaT11bGNyb3A7aD02MDtxPTEwMDt3PTQ2/https://s.yimg.com/xe/i/us/sp/v/nba_cutout/players_l/11172025/10288.png"
"466.p.5658","65","Siakam","Pascal","IND","Available","","SF,PF,F,C,Util","28.4","3.3","$27.5","100%","535","1115","0.480","258","102","1430","400","229","67","25","136","146","9","1","10","0","https://s.yimg.com/iu/api/res/1.2/JXP6dQBfsmp.RstExcA2RQ--~C/YXBwaWQ9eXNwb3J0cztjaD0yMzM2O2NyPTE7Y3c9MTc5MDtkeD04NTc7ZHk9MDtmaT11bGNyb3A7aD02MDtxPTEwMDt3PTQ2/https://s.yimg.com/xe/i/us/sp/v/nba_cutout/players_l/11172025/5658.png"
"466.p.6596","66","Mamukelashvili","Sandro","TOR","Available","","PF,F,C,Util","","","","","297","570","0.521","104","100","798","351","132","59","39","60","136","1","0","3","0","https://s.yimg.com/iu/api/res/1.2/jE1kI0Jp48OEvGVbj38SZw--~C/YXBwaWQ9eXNwb3J0cztjaD0yMzM2O2NyPTE7Y3c9MTc5MDtkeD04NTc7ZHk9MDtmaT11bGNyb3A7aD02MDtxPTEwMDt3PTQ2/https://s.yimg.com/xe/i/us/sp/v/nba_cutout/players_l/11172025/6596.1.png"
"466.p.4912","67","Butler III","Jimmy","GSW","Injured","INJ - Knee","SG,G,SF,PF,F,Util,IL,IL+","45.8","5.0","$17.8","100%","240","462","0.519","248","32","760","211","185","55","8","60","46","2","0","3","0","https://s.yimg.com/iu/api/res/1.2/3ChcWh6aSJDSnKqr4keaKw--~C/YXBwaWQ9eXNwb3J0cztjaD0yMzM2O2NyPTE7Y3c9MTc5MDtkeD04NTc7ZHk9MDtmaT11bGNyb3A7aD02MDtxPTEwMDt3PTQ2/https://s.yimg.com/xe/i/us/sp/v/nba_cutout/players_l/01142026/4912.1.png"
"466.p.6395","68","Ball","LaMelo","CHA","Available","","PG,SG,G,Util","25.3","3.0","$31.5","100%","451","1119","0.403","141","238","1281","312","457","78","15","179","175","3","1","9","1","https://s.yimg.com/iu/api/res/1.2/GEfgXprQ0V0HbW0ShX2t3A--~C/YXBwaWQ9eXNwb3J0cztjaD0yMzM2O2NyPTE7Y3c9MTc5MDtkeD04NTc7ZHk9MDtmaT11bGNyb3A7aD02MDtxPTEwMDt3PTQ2/https://s.yimg.com/xe/i/us/sp/v/nba_cutout/players_l/11172025/6395.png"
"466.p.10496","69","Raynaud","Maxime","SAC","Available","","C,Util","","","","","342","605","0.565","113","19","816","499","87","35","36","82","161","1","0","17","0","https://s.yimg.com/iu/api/res/1.2/fwGj.PVeLR6bGPY_pJxH_Q--~C/YXBwaWQ9eXNwb3J0cztjaD0yMzM2O2NyPTE7Y3c9MTc5MDtkeD04NTc7ZHk9MDtmaT11bGNyb3A7aD02MDtxPTEwMDt3PTQ2/https://s.yimg.com/xe/i/us/sp/v/nba_cutout/players_l/10202025/10496.png"
"466.p.10092","70","Jaquez Jr.","Jaime","MIA","Available","","SG,G,SF,PF,F,Util","102.4","10.6","$1.1","9%","408","816","0.500","155","46","1017","343","321","50","20","139","130","2","0","5","0","https://s.yimg.com/iu/api/res/1.2/5VHdC9F6DT29jCa6nkAJzQ--~C/YXBwaWQ9eXNwb3J0cztjaD0yMzM2O2NyPTE7Y3c9MTc5MDtkeD04NTc7ZHk9MDtmaT11bGNyb3A7aD02MDtxPTEwMDt3PTQ2/https://s.yimg.com/xe/i/us/sp/v/nba_cutout/players_l/11172025/10092.png"
"466.p.6217","71","Johnson","Keldon","SAS","Available","","SF,PF,F,Util","","","","","373","700","0.533","128","90","964","398","103","41","9","63","148","1","0","5","0","https://s.yimg.com/iu/api/res/1.2/ihHUoWtxtywWljDI60.pMg--~C/YXBwaWQ9eXNwb3J0cztjaD0yMzM2O2NyPTE7Y3c9MTc5MDtkeD04NTc7ZHk9MDtmaT11bGNyb3A7aD02MDtxPTEwMDt3PTQ2/https://s.yimg.com/xe/i/us/sp/v/nba_cutout/players_l/11172025/6217.png"
"466.p.4612","72","Curry","Stephen","GSW","Injured","INJ - Knee","PG,G,Util,IL,IL+","14.4","1.9","$44.0","100%","348","744","0.468","190","175","1061","138","189","44","16","111","74","0","1","3","0","https://s.yimg.com/iu/api/res/1.2/pjdaACwlt6azziSKMnlF1A--~C/YXBwaWQ9eXNwb3J0cztjaD0yMzM2O2NyPTE7Y3c9MTc5MDtkeD04NTc7ZHk9MDtmaT11bGNyb3A7aD02MDtxPTEwMDt3PTQ2/https://s.yimg.com/xe/i/us/sp/v/nba_cutout/players_l/02042026/4612.3.png"
"466.p.5471","73","Turner","Myles","MIL","Available","","C,Util","53.6","5.8","$19.2","100%","268","610","0.439","123","141","800","353","98","47","102","81","175","0","0","3","0","https://s.yimg.com/iu/api/res/1.2/sQB9bvN2ebi1UsPB485OSw--~C/YXBwaWQ9eXNwb3J0cztjaD0yMzM2O2NyPTE7Y3c9MTc5MDtkeD04NTc7ZHk9MDtmaT11bGNyb3A7aD02MDtxPTEwMDt3PTQ2/https://s.yimg.com/xe/i/us/sp/v/nba_cutout/players_l/11172025/5471.png"
"466.p.4614","74","DeRozan","DeMar","SAC","Questionable","GTD - Hamstring","SF,PF,F,Util,IL+","59.7","6.4","$9.6","100%","481","971","0.495","362","44","1368","223","307","78","22","94","145","7","2","2","0","https://s.yimg.com/iu/api/res/1.2/Ck4MMRiet76barMtMMpSSg--~C/YXBwaWQ9eXNwb3J0cztjaD0yMzM2O2NyPTE7Y3c9MTc5MDtkeD04NTc7ZHk9MDtmaT11bGNyb3A7aD02MDtxPTEwMDt3PTQ2/https://s.yimg.com/xe/i/us/sp/v/nba_cutout/players_l/10292024/4614.png"
"466.p.10290","75","Castle","Stephon","SAS","Available","","PG,SG,G,Util","104.1","10.8","$2.8","93%","349","741","0.471","260","70","1028","317","445","73","19","196","202","2","1","14","4","https://s.yimg.com/iu/api/res/1.2/RSsudnGaJ431N6SNxB0p9g--~C/YXBwaWQ9eXNwb3J0cztjaD0yMzM2O2NyPTE7Y3c9MTc5MDtkeD04NTc7ZHk9MDtmaT11bGNyb3A7aD02MDtxPTEwMDt3PTQ2/https://s.yimg.com/xe/i/us/sp/v/nba_cutout/players_l/11172025/10290.png"
"466.p.6734","76","Rollins","Ryan","MIL","Questionable","GTD - Hip","PG,SG,G,Util,IL+","93.7","9.8","$6.0","13%","460","981","0.469","115","175","1210","325","396","106","30","193","188","6","1","6","0","https://s.yimg.com/iu/api/res/1.2/n_OOiZiECHuNvOydi8YUFA--~C/YXBwaWQ9eXNwb3J0cztjaD0yMzM2O2NyPTE7Y3c9MTc5MDtkeD04NTc7ZHk9MDtmaT11bGNyb3A7aD02MDtxPTEwMDt3PTQ2/https://s.yimg.com/xe/i/us/sp/v/nba_cutout/players_l/11172025/6734.png"
"466.p.10294","77","Sarr","Alex","WAS","Out","O - Toe","C,Util,IL+","81.2","8.5","$7.7","100%","316","656","0.482","101","50","783","355","130","39","95","82","105","2","1","12","0","https://s.yimg.com/iu/api/res/1.2/E5rVHB8UPC1lWMA.N8Ga8g--~C/YXBwaWQ9eXNwb3J0cztjaD0yMzM2O2NyPTE7Y3c9MTc5MDtkeD04NTc7ZHk9MDtmaT11bGNyb3A7aD02MDtxPTEwMDt3PTQ2/https://s.yimg.com/xe/i/us/sp/v/nba_cutout/players_l/11172025/10294.png"
"466.p.6218","78","Porter Jr.","Kevin","MIL","Injured","INJ - Knee","PG,SG,G,Util,IL,IL+","107.1","11.1","$3.1","85%","239","514","0.465","137","46","661","198","280","83","19","110","88","2","0","10","2","https://s.yimg.com/iu/api/res/1.2/C2.3sqD8SfokJz_fhxTBDg--~C/YXBwaWQ9eXNwb3J0cztjaD0yMzM2O2NyPTE7Y3c9MTc5MDtkeD04NTc7ZHk9MDtmaT11bGNyb3A7aD02MDtxPTEwMDt3PTQ2/https://s.yimg.com/xe/i/us/sp/v/nba_cutout/players_l/11172025/6218.png"
"466.p.6499","79","Marshall","Naji","DAL","Out","O - Illness","SG,G,SF,PF,F,Util,IL+","","","","","408","790","0.516","223","61","1100","336","232","76","6","116","136","4","1","2","0","https://s.yimg.com/iu/api/res/1.2/pEyjD21AkBupZ1Yq0V8MwA--~C/YXBwaWQ9eXNwb3J0cztjaD0yMzM2O2NyPTE7Y3c9MTc5MDtkeD04NTc7ZHk9MDtmaT11bGNyb3A7aD02MDtxPTEwMDt3PTQ2/https://s.yimg.com/xe/i/us/sp/v/nba_cutout/players_l/11172025/6499.png"
"466.p.6705","80","Williams","Mark","PHX","Injured","INJ - Foot","C,Util,IL,IL+","86.1","9.0","$6.9","100%","261","412","0.633","125","1","648","452","56","51","50","59","123","2","1","14","0","https://s.yimg.com/iu/api/res/1.2/Ag2LCoNM6dI1c4i7BT08Dg--~C/YXBwaWQ9eXNwb3J0cztjaD0yMzM2O2NyPTE7Y3c9MTc5MDtkeD04NTc7ZHk9MDtmaT11bGNyb3A7aD02MDtxPTEwMDt3PTQ2/https://s.yimg.com/xe/i/us/sp/v/nba_cutout/players_l/11172025/6705.png"
"466.p.6403","81","Vassell","Devin","SAS","Available","","SG,G,SF,F,Util","98.8","10.3","$3.6","100%","297","670","0.443","95","150","839","227","147","51","23","53","97","0","0","0","0","https://s.yimg.com/iu/api/res/1.2/12bpd8VK9jDyFzK3pbV2cA--~C/YXBwaWQ9eXNwb3J0cztjaD0yMzM2O2NyPTE7Y3c9MTc5MDtkeD04NTc7ZHk9MDtmaT11bGNyb3A7aD02MDtxPTEwMDt3PTQ2/https://s.yimg.com/xe/i/us/sp/v/nba_cutout/players_l/11172025/6403.png"
"466.p.6721","82","Nembhard","Andrew","IND","Available","","PG,SG,G,Util","76.4","8.0","$7.9","100%","333","753","0.442","193","107","966","160","437","51","8","137","126","2","0","13","0","https://s.yimg.com/iu/api/res/1.2/tFTqSyfenWzRz18tFGLdcw--~C/YXBwaWQ9eXNwb3J0cztjaD0yMzM2O2NyPTE7Y3c9MTc5MDtkeD04NTc7ZHk9MDtmaT11bGNyb3A7aD02MDtxPTEwMDt3PTQ2/https://s.yimg.com/xe/i/us/sp/v/nba_cutout/players_l/11172025/6721.png"
"466.p.5843","83","Hart","Josh","NYK","Available","","SG,G,SF,PF,F,Util","77.5","8.2","$9.1","100%","280","551","0.508","83","93","736","454","297","71","17","114","149","3","1","13","2","https://s.yimg.com/iu/api/res/1.2/YEEs3hnB3M8Cnjp.OS17KQ--~C/YXBwaWQ9eXNwb3J0cztjaD0yMzM2O2NyPTE7Y3c9MTc5MDtkeD04NTc7ZHk9MDtmaT11bGNyb3A7aD02MDtxPTEwMDt3PTQ2/https://s.yimg.com/xe/i/us/sp/v/nba_cutout/players_l/11252025/5843.png"
"466.p.10107","84","Wallace","Cason","OKC","Available","","PG,SG,G,SF,F,Util","119.8","12.0","$2.8","22%","237","548","0.432","53","92","619","224","192","144","27","70","146","2","0","1","0","https://s.yimg.com/iu/api/res/1.2/N86e8NR109ryyCjAYU3p4w--~C/YXBwaWQ9eXNwb3J0cztjaD0yMzM2O2NyPTE7Y3c9MTc5MDtkeD04NTc7ZHk9MDtmaT11bGNyb3A7aD02MDtxPTEwMDt3PTQ2/https://s.yimg.com/xe/i/us/sp/v/nba_cutout/players_l/11172025/10107.png"
"466.p.5506","85","Powell","Norman","MIA","Out","O - Illness","SG,G,SF,F,Util,IL+","85.6","9.0","$5.5","100%","407","861","0.473","250","151","1215","198","141","63","14","107","124","0","2","1","0","https://s.yimg.com/iu/api/res/1.2/GBNdObP8tmRgvUQHKEejZg--~C/YXBwaWQ9eXNwb3J0cztjaD0yMzM2O2NyPTE7Y3c9MTc5MDtkeD04NTc7ZHk9MDtmaT11bGNyb3A7aD02MDtxPTEwMDt3PTQ2/https://s.yimg.com/xe/i/us/sp/v/nba_cutout/players_l/11172025/5506.png"
"466.p.6023","86","Bridges","Miles","CHA","Available","","SF,PF,F,Util","57.9","6.2","$10.2","100%","434","962","0.451","194","134","1196","406","225","41","30","101","122","3","2","7","0","https://s.yimg.com/iu/api/res/1.2/lUyEQ92XfSvz8NEwmwSlsg--~C/YXBwaWQ9eXNwb3J0cztjaD0yMzM2O2NyPTE7Y3c9MTc5MDtkeD04NTc7ZHk9MDtmaT11bGNyb3A7aD02MDtxPTEwMDt3PTQ2/https://s.yimg.com/xe/i/us/sp/v/nba_cutout/players_l/11172025/6023.png"
"466.p.6412","87","Achiuwa","Precious","SAC","Available","","PF,F,C,Util","","","","","277","519","0.534","63","26","643","438","86","61","46","54","112","1","1","10","0","https://s.yimg.com/iu/api/res/1.2/EFOdS6MDYaMMcLgp1eR5yA--~C/YXBwaWQ9eXNwb3J0cztjaD0yMzM2O2NyPTE7Y3c9MTc5MDtkeD04NTc7ZHk9MDtmaT11bGNyb3A7aD02MDtxPTEwMDt3PTQ2/https://s.yimg.com/xe/i/us/sp/v/nba_cutout/players_l/01152026/6412.1.png"
"466.p.10476","88","Kalkbrenner","Ryan","CHA","Available","","C,Util","117.4","12.0","$1.8","8%","202","269","0.751","75","0","479","342","48","30","90","58","98","1","0","3","0","https://s.yimg.com/iu/api/res/1.2/FCfRNdOEXXv7YbYhTgPKlw--~C/YXBwaWQ9eXNwb3J0cztjaD0yMzM2O2NyPTE7Y3c9MTc5MDtkeD04NTc7ZHk9MDtmaT11bGNyb3A7aD02MDtxPTEwMDt3PTQ2/https://s.yimg.com/xe/i/us/sp/v/nba_cutout/players_l/11172025/10476.png"
"466.p.6720","89","Watson","Peyton","DEN","Available","","SF,PF,F,Util","","","","","282","576","0.490","138","81","783","261","111","50","61","92","135","0","0","2","0","https://s.yimg.com/iu/api/res/1.2/ZvywlMkaHUIMBBcY3nmFwg--~C/YXBwaWQ9eXNwb3J0cztjaD0yMzM2O2NyPTE7Y3c9MTc5MDtkeD04NTc7ZHk9MDtmaT11bGNyb3A7aD02MDtxPTEwMDt3PTQ2/https://s.yimg.com/xe/i/us/sp/v/nba_cutout/players_l/11172025/6720.png"
"466.p.5197","90","Gobert","Rudy","MIN","Available","","C,Util","71.5","7.6","$10.3","100%","317","458","0.692","153","0","787","817","120","55","118","97","185","6","6","31","0","https://s.yimg.com/iu/api/res/1.2/6jccokSy5169jKNh_9UYvw--~C/YXBwaWQ9eXNwb3J0cztjaD0yMzM2O2NyPTE7Y3c9MTc5MDtkeD04NTc7ZHk9MDtmaT11bGNyb3A7aD02MDtxPTEwMDt3PTQ2/https://s.yimg.com/xe/i/us/sp/v/nba_cutout/players_l/11172025/5197.png"
"466.p.10104","91","Miller","Brandon","CHA","Available","","SF,PF,F,Util","54.2","5.9","$14.7","100%","406","937","0.433","182","185","1179","296","200","59","41","157","164","4","0","3","0","https://s.yimg.com/iu/api/res/1.2/doGN5zKcAuU_1g1wEEcoig--~C/YXBwaWQ9eXNwb3J0cztjaD0yMzM2O2NyPTE7Y3c9MTc5MDtkeD04NTc7ZHk9MDtmaT11bGNyb3A7aD02MDtxPTEwMDt3PTQ2/https://s.yimg.com/xe/i/us/sp/v/nba_cutout/players_l/11172025/10104.png"
"466.p.10327","92","Spencer","Cam","MEM","Available","","PG,SG,G,Util","","","","","252","538","0.468","120","139","763","178","378","51","11","88","98","1","1","6","0","https://s.yimg.com/iu/api/res/1.2/jnHflQ5cJkmquFJzKLHBdg--~C/YXBwaWQ9eXNwb3J0cztjaD0yMzM2O2NyPTE7Y3c9MTc5MDtkeD04NTc7ZHk9MDtmaT11bGNyb3A7aD02MDtxPTEwMDt3PTQ2/https://s.yimg.com/xe/i/us/sp/v/nba_cutout/players_l/11172025/10327.png"
"466.p.6038","93","Williams III","Robert","POR","Available","","C,Util","","","","","160","224","0.714","29","7","356","366","53","32","81","44","66","1","0","4","0","https://s.yimg.com/iu/api/res/1.2/DH7a1qDJJb39lgiezme.rw--~C/YXBwaWQ9eXNwb3J0cztjaD0yMzM2O2NyPTE7Y3c9MTc5MDtkeD04NTc7ZHk9MDtmaT11bGNyb3A7aD02MDtxPTEwMDt3PTQ2/https://s.yimg.com/xe/i/us/sp/v/nba_cutout/players_l/11172025/6038.png"
"466.p.6725","94","Christie","Max","DAL","Available","","SG,G,SF,F,Util","","","","","296","657","0.451","104","163","859","227","139","41","24","90","95","0","0","0","0","https://s.yimg.com/iu/api/res/1.2/EsRwQ8BvXqVHIiFKTTSVWg--~C/YXBwaWQ9eXNwb3J0cztjaD0yMzM2O2NyPTE7Y3c9MTc5MDtkeD04NTc7ZHk9MDtmaT11bGNyb3A7aD02MDtxPTEwMDt3PTQ2/https://s.yimg.com/xe/i/us/sp/v/nba_cutout/players_l/11172025/6725.png"
"466.p.5958","95","Ayton","Deandre","LAL","Available","","C,Util","68.8","7.3","$9.8","100%","357","530","0.674","76","0","790","531","54","38","59","80","147","2","3","21","0","https://s.yimg.com/iu/api/res/1.2/tmIveLxfYicnCfBfP6eSLA--~C/YXBwaWQ9eXNwb3J0cztjaD0yMzM2O2NyPTE7Y3c9MTc5MDtkeD04NTc7ZHk9MDtmaT11bGNyb3A7aD02MDtxPTEwMDt3PTQ2/https://s.yimg.com/xe/i/us/sp/v/nba_cutout/players_l/12162025/5958.png"
"466.p.4622","96","Holiday","Jrue","POR","Available","","PG,SG,G,Util","101.8","10.6","$2.8","90%","277","606","0.457","75","115","744","208","287","50","5","129","68","0","0","7","0","https://s.yimg.com/iu/api/res/1.2/XDXZX3GG2cctnxQ.5jWMig--~C/YXBwaWQ9eXNwb3J0cztjaD0yMzM2O2NyPTE7Y3c9MTc5MDtkeD04NTc7ZHk9MDtmaT11bGNyb3A7aD02MDtxPTEwMDt3PTQ2/https://s.yimg.com/xe/i/us/sp/v/nba_cutout/players_l/11172025/4622.png"
"466.p.6733","97","Diabaté","Moussa","CHA","Available","","C,Util","","","","","214","341","0.628","110","1","539","584","125","53","67","66","158","2","2","19","0","https://s.yimg.com/iu/api/res/1.2/p9VlTej6dIjCe4c0YNaAyA--~C/YXBwaWQ9eXNwb3J0cztjaD0yMzM2O2NyPTE7Y3c9MTc5MDtkeD04NTc7ZHk9MDtmaT11bGNyb3A7aD02MDtxPTEwMDt3PTQ2/https://s.yimg.com/xe/i/us/sp/v/nba_cutout/players_l/11172025/6733.png"
"466.p.5294","98","Embiid","Joel","PHI","Available","","C,Util","47.2","5.1","$18.9","100%","317","636","0.498","260","48","942","261","139","21","38","101","72","3","1","8","1","https://s.yimg.com/iu/api/res/1.2/O84l_D4cHO2jFY_0JyJ1dA--~C/YXBwaWQ9eXNwb3J0cztjaD0yMzM2O2NyPTE7Y3c9MTc5MDtkeD04NTc7ZHk9MDtmaT11bGNyb3A7aD02MDtxPTEwMDt3PTQ2/https://s.yimg.com/xe/i/us/sp/v/nba_cutout/players_l/10282024/5294.png"
"466.p.10103","99","Walker","Jarace","IND","Questionable","GTD - Back","SF,PF,F,Util,IL+","","","","","292","693","0.421","131","127","842","372","177","58","24","130","121","0","0","3","0","https://s.yimg.com/iu/api/res/1.2/EkX1KDzxEbIoQZTXYpn_lA--~C/YXBwaWQ9eXNwb3J0cztjaD0yMzM2O2NyPTE7Y3c9MTc5MDtkeD04NTc7ZHk9MDtmaT11bGNyb3A7aD02MDtxPTEwMDt3PTQ2/https://s.yimg.com/xe/i/us/sp/v/nba_cutout/players_l/11172025/10103.png"
"466.p.10095","100","Black","Anthony","ORL","Injured","INJ - Abdomen","PG,SG,G,SF,F,Util,IL,IL+","111.9","11.5","$1.5","3%","332","736","0.451","157","96","917","232","229","86","41","125","159","3","0","2","0","https://s.yimg.com/iu/api/res/1.2/T6F7og_dLKBlhQTPuu9TGA--~C/YXBwaWQ9eXNwb3J0cztjaD0yMzM2O2NyPTE7Y3c9MTc5MDtkeD04NTc7ZHk9MDtmaT11bGNyb3A7aD02MDtxPTEwMDt3PTQ2/https://s.yimg.com/xe/i/us/sp/v/nba_cutout/players_l/11172025/10095.png"
"466.p.5832","101","Collins","John","LAC","Available","","PF,F,C,Util","94.4","9.9","$5.3","96%","324","586","0.553","108","80","836","324","63","53","48","83","171","2","0","3","0","https://s.yimg.com/iu/api/res/1.2/180zemYsp4DeleHyU1wlfA--~C/YXBwaWQ9eXNwb3J0cztjaD0yMzM2O2NyPTE7Y3c9MTc5MDtkeD04NTc7ZHk9MDtmaT11bGNyb3A7aD02MDtxPTEwMDt3PTQ2/https://s.yimg.com/xe/i/us/sp/v/nba_cutout/players_l/07092025/5832.png"
"466.p.10465","102","Coward","Cedric","MEM","Available","","SG,G,SF,F,Util","101.5","10.6","$2.4","8%","279","596","0.468","124","85","767","348","162","36","23","100","114","0","0","7","0","https://s.yimg.com/iu/api/res/1.2/7KRIa4unaeMFkjtRM45Ifw--~C/YXBwaWQ9eXNwb3J0cztjaD0yMzM2O2NyPTE7Y3c9MTc5MDtkeD04NTc7ZHk9MDtmaT11bGNyb3A7aD02MDtxPTEwMDt3PTQ2/https://s.yimg.com/xe/i/us/sp/v/nba_cutout/players_l/11172025/10465.png"
"466.p.10275","103","da Silva","Tristan","ORL","Available","","SF,PF,F,Util","","","","","253","560","0.452","69","114","689","256","104","62","23","57","103","0","0","0","0","https://s.yimg.com/iu/api/res/1.2/Dzn.1nJYOkCwIgtFoTga4A--~C/YXBwaWQ9eXNwb3J0cztjaD0yMzM2O2NyPTE7Y3c9MTc5MDtkeD04NTc7ZHk9MDtmaT11bGNyb3A7aD02MDtxPTEwMDt3PTQ2/https://s.yimg.com/xe/i/us/sp/v/nba_cutout/players_l/11172025/10275.png"
"466.p.6679","104","Williams","Brandon","DAL","Available","","PG,G,Util","","","","","270","574","0.470","215","35","790","179","237","55","20","115","100","0","0","1","0","https://s.yimg.com/iu/api/res/1.2/7vDqyaHAovuf8w63BJ9ZOg--~C/YXBwaWQ9eXNwb3J0cztjaD0yMzM2O2NyPTE7Y3c9MTc5MDtkeD04NTc7ZHk9MDtmaT11bGNyb3A7aD02MDtxPTEwMDt3PTQ2/https://s.yimg.com/xe/i/us/sp/v/nba_cutout/players_l/11172025/6679.png"
"466.p.6567","105","Grimes","Quentin","PHI","Available","","SG,G,SF,F,Util","123.3","12.5","$1.4","33%","309","684","0.452","189","117","924","247","231","62","26","125","139","0","1","2","0","https://s.yimg.com/iu/api/res/1.2/kouAaH4EfP5462lgQUEq6Q--~C/YXBwaWQ9eXNwb3J0cztjaD0yMzM2O2NyPTE7Y3c9MTc5MDtkeD04NTc7ZHk9MDtmaT11bGNyb3A7aD02MDtxPTEwMDt3PTQ2/https://s.yimg.com/xe/i/us/sp/v/nba_cutout/players_l/03052025/6567.png"
"466.p.10065","106","Camara","Toumani","POR","Available","","SF,PF,F,C,Util","111.8","11.6","$5.0","89%","352","805","0.437","94","194","992","396","189","84","32","139","220","0","1","3","0","https://s.yimg.com/iu/api/res/1.2/zJAhL41b4atICpuFnorlKQ--~C/YXBwaWQ9eXNwb3J0cztjaD0yMzM2O2NyPTE7Y3c9MTc5MDtkeD04NTc7ZHk9MDtmaT11bGNyb3A7aD02MDtxPTEwMDt3PTQ2/https://s.yimg.com/xe/i/us/sp/v/nba_cutout/players_l/11172025/10065.png"
"466.p.5013","107","Barnes","Harrison","SAS","Available","","SF,PF,F,Util","","","","","239","530","0.451","93","129","700","199","138","45","11","57","75","0","0","0","0","https://s.yimg.com/iu/api/res/1.2/xJdvFzRYfkp4zItEJ6OzEQ--~C/YXBwaWQ9eXNwb3J0cztjaD0yMzM2O2NyPTE7Y3c9MTc5MDtkeD04NTc7ZHk9MDtmaT11bGNyb3A7aD02MDtxPTEwMDt3PTQ2/https://s.yimg.com/xe/i/us/sp/v/nba_cutout/players_l/11172025/5013.png"
"466.p.10444","108","Queen","Derik","NOP","Available","","PF,F,C,Util","107.0","11.1","$9.0","6%","320","673","0.475","192","22","854","511","273","71","66","171","195","5","1","11","2","https://s.yimg.com/iu/api/res/1.2/Acd3geBn_65K3NfQdGlyIQ--~C/YXBwaWQ9eXNwb3J0cztjaD0yMzM2O2NyPTE7Y3c9MTc5MDtkeD04NTc7ZHk9MDtmaT11bGNyb3A7aD02MDtxPTEwMDt3PTQ2/https://s.yimg.com/xe/i/us/sp/v/nba_cutout/players_l/11172025/10444.png"
"466.p.5194","109","Hardaway Jr.","Tim","DEN","Available","","SG,G,SF,F,Util","","","","","334","742","0.450","155","214","1037","194","102","39","9","42","93","4","1","0","0","https://s.yimg.com/iu/api/res/1.2/g84zRmEEgWDh64dCW_onzg--~C/YXBwaWQ9eXNwb3J0cztjaD0yMzM2O2NyPTE7Y3c9MTc5MDtkeD04NTc7ZHk9MDtmaT11bGNyb3A7aD02MDtxPTEwMDt3PTQ2/https://s.yimg.com/xe/i/us/sp/v/nba_cutout/players_l/11172025/5194.png"
"466.p.6614","110","Landale","Jock","ATL","Out","O - Illness","C,Util,IL+","","","","","279","544","0.513","79","73","710","386","114","35","36","59","147","2","0","9","0","https://s.yimg.com/iu/api/res/1.2/P_IbQo.bS7TaLQl3QNYmug--~C/YXBwaWQ9eXNwb3J0cztjaD0yMzM2O2NyPTE7Y3c9MTc5MDtkeD04NTc7ZHk9MDtmaT11bGNyb3A7aD02MDtxPTEwMDt3PTQ2/https://s.yimg.com/xe/i/us/sp/v/nba_cutout/players_l/02132026/6614.1.png"
"466.p.6571","111","Sharpe","Day'Ron","BKN","Injured","INJ - Thumb","C,Util,IL,IL+","","","","","214","356","0.601","103","9","540","413","145","67","26","106","147","0","0","5","0","https://s.yimg.com/iu/api/res/1.2/9PWTUUFWL7nbCtPVUMdeuQ--~C/YXBwaWQ9eXNwb3J0cztjaD0yMzM2O2NyPTE7Y3c9MTc5MDtkeD04NTc7ZHk9MDtmaT11bGNyb3A7aD02MDtxPTEwMDt3PTQ2/https://s.yimg.com/xe/i/us/sp/v/nba_cutout/players_l/10312025/6571.png"
"466.p.5959","112","Bagley III","Marvin","DAL","Out","O - Shoulder","PF,F,C,Util,IL+","","","","","233","378","0.616","90","19","575","344","81","26","39","59","117","0","0","6","0","https://s.yimg.com/iu/api/res/1.2/hQTX9GdrW9kirWaIJnaFQw--~C/YXBwaWQ9eXNwb3J0cztjaD0yMzM2O2NyPTE7Y3c9MTc5MDtkeD04NTc7ZHk9MDtmaT11bGNyb3A7aD02MDtxPTEwMDt3PTQ2/https://s.yimg.com/xe/i/us/sp/v/nba_cutout/players_l/02132026/5959.1.png"
"466.p.6018","113","Carter Jr.","Wendell","ORL","Available","","C,Util","126.3","12.7","$1.2","13%","294","577","0.510","166","68","822","524","144","56","44","86","241","4","0","11","0","https://s.yimg.com/iu/api/res/1.2/lpPFjqMMk_LtgNascde8eQ--~C/YXBwaWQ9eXNwb3J0cztjaD0yMzM2O2NyPTE7Y3c9MTc5MDtkeD04NTc7ZHk9MDtmaT11bGNyb3A7aD02MDtxPTEwMDt3PTQ2/https://s.yimg.com/xe/i/us/sp/v/nba_cutout/players_l/11172025/6018.png"
"466.p.10282","114","Collier","Isaiah","UTA","Injured","INJ - Hamstring","PG,SG,G,Util,IL,IL+","123.7","12.3","$1.5","16%","255","515","0.495","151","27","688","150","423","66","20","148","138","1","0","10","0","https://s.yimg.com/iu/api/res/1.2/0_nt5qHtiz0Gn1kpTj4m4w--~C/YXBwaWQ9eXNwb3J0cztjaD0yMzM2O2NyPTE7Y3c9MTc5MDtkeD04NTc7ZHk9MDtmaT11bGNyb3A7aD02MDtxPTEwMDt3PTQ2/https://s.yimg.com/xe/i/us/sp/v/nba_cutout/players_l/11172025/10282.png"
"466.p.6028","115","DiVincenzo","Donte","MIN","Available","","PG,SG,G,Util","119.7","12.3","$1.9","67%","312","760","0.411","73","222","919","320","295","99","30","110","179","2","2","1","0","https://s.yimg.com/iu/api/res/1.2/__yeAQv76FAZqtuOVO9FPQ--~C/YXBwaWQ9eXNwb3J0cztjaD0yMzM2O2NyPTE7Y3c9MTc5MDtkeD04NTc7ZHk9MDtmaT11bGNyb3A7aD02MDtxPTEwMDt3PTQ2/https://s.yimg.com/xe/i/us/sp/v/nba_cutout/players_l/11172025/6028.png"
"466.p.6174","116","Washington","P.J.","DAL","Out","O - Illness","SF,PF,F,C,Util,IL+","121.0","12.3","$1.2","45%","290","648","0.448","125","73","778","388","98","55","60","92","117","3","1","8","0","https://s.yimg.com/iu/api/res/1.2/Qet2l1K7DTSFrylQrOCR8w--~C/YXBwaWQ9eXNwb3J0cztjaD0yMzM2O2NyPTE7Y3c9MTc5MDtkeD04NTc7ZHk9MDtmaT11bGNyb3A7aD02MDtxPTEwMDt3PTQ2/https://s.yimg.com/xe/i/us/sp/v/nba_cutout/players_l/11172025/6174.png"
"466.p.6693","117","Smith Jr.","Jabari","HOU","Available","","SF,PF,F,C,Util","115.2","11.8","$2.5","61%","395","876","0.451","147","155","1092","485","133","54","65","95","174","8","2","14","0","https://s.yimg.com/iu/api/res/1.2/_5cotRagG78cNIX4vnPPJA--~C/YXBwaWQ9eXNwb3J0cztjaD0yMzM2O2NyPTE7Y3c9MTc5MDtkeD04NTc7ZHk9MDtmaT11bGNyb3A7aD02MDtxPTEwMDt3PTQ2/https://s.yimg.com/xe/i/us/sp/v/nba_cutout/players_l/11172025/6693.png"
"466.p.6616","118","Goodwin","Jordan","PHX","Available","","PG,SG,G,SF,F,Util","","","","","211","517","0.408","36","98","556","317","137","95","12","62","126","0","0","2","0","https://s.yimg.com/iu/api/res/1.2/kTNZzgrQbk0I1t90saPteQ--~C/YXBwaWQ9eXNwb3J0cztjaD0yMzM2O2NyPTE7Y3c9MTc5MDtkeD04NTc7ZHk9MDtmaT11bGNyb3A7aD02MDtxPTEwMDt3PTQ2/https://s.yimg.com/xe/i/us/sp/v/nba_cutout/players_l/11172025/6616.1.png"
"466.p.6556","119","Moody","Moses","GSW","Injured","INJ - Knee","SG,G,SF,PF,F,Util,IL,IL+","","","","","245","557","0.440","87","151","728","200","98","58","34","57","122","1","0","0","0","https://s.yimg.com/iu/api/res/1.2/Q5BOa8SuNmHBhE9k5bz9tw--~C/YXBwaWQ9eXNwb3J0cztjaD0yMzM2O2NyPTE7Y3c9MTc5MDtkeD04NTc7ZHk9MDtmaT11bGNyb3A7aD02MDtxPTEwMDt3PTQ2/https://s.yimg.com/xe/i/us/sp/v/nba_cutout/players_l/02042026/6556.3.png"
"466.p.6420","120","McDaniels","Jaden","MIN","Injured","INJ - Knee","SF,PF,F,Util,IL,IL+","115.2","11.9","$2.4","83%","401","774","0.518","146","102","1050","301","195","80","69","129","240","4","1","0","0","https://s.yimg.com/iu/api/res/1.2/JvNjJGtHXS8xN2kzEO.iCA--~C/YXBwaWQ9eXNwb3J0cztjaD0yMzM2O2NyPTE7Y3c9MTc5MDtkeD04NTc7ZHk9MDtmaT11bGNyb3A7aD02MDtxPTEwMDt3PTQ2/https://s.yimg.com/xe/i/us/sp/v/nba_cutout/players_l/11172025/6420.png"
"466.p.4901","121","Harris","Tobias","DET","Out","O - Hip","PF,F,Util,IL+","115.2","11.9","$2.7","89%","282","611","0.462","124","73","761","299","144","50","25","58","99","4","0","3","0","https://s.yimg.com/iu/api/res/1.2/Zme1A61g2jhYdwVc7URmsQ--~C/YXBwaWQ9eXNwb3J0cztjaD0yMzM2O2NyPTE7Y3c9MTc5MDtkeD04NTc7ZHk9MDtmaT11bGNyb3A7aD02MDtxPTEwMDt3PTQ2/https://s.yimg.com/xe/i/us/sp/v/nba_cutout/players_l/11172025/4901.png"
"466.p.10304","122","Mitchell","Ajay","OKC","Available","","PG,SG,G,Util","113.8","11.7","$1.5","2%","269","549","0.490","132","57","727","180","189","66","17","78","110","2","0","1","0","https://s.yimg.com/iu/api/res/1.2/rn3EjdR3fWbbO2ciFM5sJA--~C/YXBwaWQ9eXNwb3J0cztjaD0yMzM2O2NyPTE7Y3c9MTc5MDtkeD04NTc7ZHk9MDtmaT11bGNyb3A7aD02MDtxPTEwMDt3PTQ2/https://s.yimg.com/xe/i/us/sp/v/nba_cutout/players_l/11172025/10304.png"
"466.p.6047","123","Robinson","Mitchell","NYK","Available","","C,Util","127.4","12.9","$1.7","4%","133","185","0.719","37","0","303","490","51","48","65","41","118","2","0","5","0","https://s.yimg.com/iu/api/res/1.2/yygqqx5t4.6e74iTGiSItQ--~C/YXBwaWQ9eXNwb3J0cztjaD0yMzM2O2NyPTE7Y3c9MTc5MDtkeD04NTc7ZHk9MDtmaT11bGNyb3A7aD02MDtxPTEwMDt3PTQ2/https://s.yimg.com/xe/i/us/sp/v/nba_cutout/players_l/11252025/6047.png"
"466.p.5473","124","Booker","Devin","PHX","Available","","PG,SG,G,Util","10.6","1.4","$47.1","100%","484","1071","0.452","404","106","1478","226","347","48","18","184","151","10","1","6","0","https://s.yimg.com/iu/api/res/1.2/ZvVIpM9FIHqevl6dKX3T8w--~C/YXBwaWQ9eXNwb3J0cztjaD0yMzM2O2NyPTE7Y3c9MTc5MDtkeD04NTc7ZHk9MDtmaT11bGNyb3A7aD02MDtxPTEwMDt3PTQ2/https://s.yimg.com/xe/i/us/sp/v/nba_cutout/players_l/11172025/5473.png"
"466.p.6402","125","Smith","Jalen","CHI","Injured","INJ - Calf","PF,F,C,Util,IL,IL+","","","","","195","404","0.483","69","82","541","355","65","24","42","53","111","0","0","9","0","https://s.yimg.com/iu/api/res/1.2/pwcdcaAWt2bnbFoZfnT.XQ--~C/YXBwaWQ9eXNwb3J0cztjaD0yMzM2O2NyPTE7Y3c9MTc5MDtkeD04NTc7ZHk9MDtmaT11bGNyb3A7aD02MDtxPTEwMDt3PTQ2/https://s.yimg.com/xe/i/us/sp/v/nba_cutout/players_l/01142026/6402.1.png"
"466.p.5840","126","Kuzma","Kyle","MIL","Injured","INJ - Achilles","SF,PF,F,Util,IL,IL+","121.6","12.3","$1.3","32%","319","651","0.490","132","80","850","295","167","42","25","106","128","3","0","4","0","https://s.yimg.com/iu/api/res/1.2/2_Gns2.YL9N8Qb82c1ONYA--~C/YXBwaWQ9eXNwb3J0cztjaD0yMzM2O2NyPTE7Y3c9MTc5MDtkeD04NTc7ZHk9MDtmaT11bGNyb3A7aD02MDtxPTEwMDt3PTQ2/https://s.yimg.com/xe/i/us/sp/v/nba_cutout/players_l/11172025/5840.png"
"466.p.6441","127","Joe","Isaiah","OKC","Available","","SG,G,SF,F,Util","","","","","223","506","0.441","104","161","711","174","91","47","11","41","115","0","0","0","0","https://s.yimg.com/iu/api/res/1.2/FOWbYjdDamVK0t.rdP5Qkw--~C/YXBwaWQ9eXNwb3J0cztjaD0yMzM2O2NyPTE7Y3c9MTc5MDtkeD04NTc7ZHk9MDtmaT11bGNyb3A7aD02MDtxPTEwMDt3PTQ2/https://s.yimg.com/xe/i/us/sp/v/nba_cutout/players_l/11172025/6441.png"
"466.p.6580","128","Dosunmu","Ayo","MIN","Available","","PG,SG,G,SF,F,Util","130.0","13.0","$1.0","17%","345","667","0.517","111","114","915","203","223","49","16","83","120","1","2","1","0","https://s.yimg.com/iu/api/res/1.2/tH_YsUJlF9SwsejRHr.sSQ--~C/YXBwaWQ9eXNwb3J0cztjaD0yMzM2O2NyPTE7Y3c9MTc5MDtkeD04NTc7ZHk9MDtmaT11bGNyb3A7aD02MDtxPTEwMDt3PTQ2/https://s.yimg.com/xe/i/us/sp/v/nba_cutout/players_l/03192026/6580.png"
"466.p.6226","129","Gafford","Daniel","DAL","Available","","C,Util","126.5","12.6","$1.6","11%","192","292","0.658","98","0","482","356","55","38","63","62","130","0","1","10","0","https://s.yimg.com/iu/api/res/1.2/fRFYbHe2cHs17aB4WGJ7pw--~C/YXBwaWQ9eXNwb3J0cztjaD0yMzM2O2NyPTE7Y3c9MTc5MDtkeD04NTc7ZHk9MDtmaT11bGNyb3A7aD02MDtxPTEwMDt3PTQ2/https://s.yimg.com/xe/i/us/sp/v/nba_cutout/players_l/11172025/6226.png"
"466.p.5327","130","Nurkić","Jusuf","UTA","Injured","INJ - Nose","C,Util,IL,IL+","107.2","11.1","$1.3","7%","180","358","0.503","62","25","447","425","196","52","22","101","134","0","1","16","3","https://s.yimg.com/iu/api/res/1.2/oOHJTwhxE6jjjWMnUb4u2A--~C/YXBwaWQ9eXNwb3J0cztjaD0yMzM2O2NyPTE7Y3c9MTc5MDtkeD04NTc7ZHk9MDtmaT11bGNyb3A7aD02MDtxPTEwMDt3PTQ2/https://s.yimg.com/xe/i/us/sp/v/nba_cutout/players_l/11172025/5327.png"
"466.p.6019","131","Sexton","Collin","CHI","Available","","PG,SG,G,Util","123.3","12.4","$1.2","25%","303","622","0.487","199","97","902","121","200","59","9","123","119","0","1","1","0","https://s.yimg.com/iu/api/res/1.2/HzTXZfiH_Oxq21YFZ1H84w--~C/YXBwaWQ9eXNwb3J0cztjaD0yMzM2O2NyPTE7Y3c9MTc5MDtkeD04NTc7ZHk9MDtmaT11bGNyb3A7aD02MDtxPTEwMDt3PTQ2/https://s.yimg.com/xe/i/us/sp/v/nba_cutout/players_l/02132026/6019.1.png"
"466.p.6422","132","Bane","Desmond","ORL","Available","","SG,G,SF,F,Util","46.4","5.1","$18.9","100%","536","1102","0.486","282","151","1505","307","310","75","31","148","229","5","4","1","0","https://s.yimg.com/iu/api/res/1.2/tKxcjP16dim1YCiYMxPURg--~C/YXBwaWQ9eXNwb3J0cztjaD0yMzM2O2NyPTE7Y3c9MTc5MDtkeD04NTc7ZHk9MDtmaT11bGNyb3A7aD02MDtxPTEwMDt3PTQ2/https://s.yimg.com/xe/i/us/sp/v/nba_cutout/players_l/11172025/6422.png"
"466.p.10315","133","Filipowski","Kyle","UTA","Available","","PF,F,C,Util","125.8","12.7","$1.7","15%","286","580","0.493","150","66","788","503","177","69","36","119","211","0","2","10","0","https://s.yimg.com/iu/api/res/1.2/9DiUh2Of3DLVkSQ9cT0RRw--~C/YXBwaWQ9eXNwb3J0cztjaD0yMzM2O2NyPTE7Y3c9MTc5MDtkeD04NTc7ZHk9MDtmaT11bGNyb3A7aD02MDtxPTEwMDt3PTQ2/https://s.yimg.com/xe/i/us/sp/v/nba_cutout/players_l/11172025/10315.png"
"466.p.5350","134","Grant","Jerami","POR","Injured","INJ - Calf","SF,PF,F,Util,IL,IL+","116.2","11.8","$1.1","20%","331","730","0.453","262","136","1060","198","122","42","36","119","142","2","1","0","0","https://s.yimg.com/iu/api/res/1.2/Rx4ttFPSu7R.Rxff1zDKLw--~C/YXBwaWQ9eXNwb3J0cztjaD0yMzM2O2NyPTE7Y3c9MTc5MDtkeD04NTc7ZHk9MDtmaT11bGNyb3A7aD02MDtxPTEwMDt3PTQ2/https://s.yimg.com/xe/i/us/sp/v/nba_cutout/players_l/11172025/5350.png"
"466.p.6619","135","Hauser","Sam","BOS","Available","","SF,PF,F,Util","130.1","12.6","$1.7","7%","221","545","0.406","14","177","633","273","101","37","22","33","103","0","0","0","0","https://s.yimg.com/iu/api/res/1.2/7hLDTsNNTSXV_OMfY51C6A--~C/YXBwaWQ9eXNwb3J0cztjaD0yMzM2O2NyPTE7Y3c9MTc5MDtkeD04NTc7ZHk9MDtmaT11bGNyb3A7aD02MDtxPTEwMDt3PTQ2/https://s.yimg.com/xe/i/us/sp/v/nba_cutout/players_l/10222024/6619.png"
"466.p.10313","136","Ighodaro","Oso","PHX","Available","","C,Util","","","","","216","330","0.655","49","0","481","368","161","70","47","94","197","0","0","4","0","https://s.yimg.com/iu/api/res/1.2/Fba0UpVB82D9ygaWhTMP7w--~C/YXBwaWQ9eXNwb3J0cztjaD0yMzM2O2NyPTE7Y3c9MTc5MDtkeD04NTc7ZHk9MDtmaT11bGNyb3A7aD02MDtxPTEwMDt3PTQ2/https://s.yimg.com/xe/i/us/sp/v/nba_cutout/players_l/11172025/10313.png"
"466.p.6709","137","LaRavia","Jake","LAL","Available","","SF,PF,F,Util","","","","","218","476","0.458","107","71","614","282","131","89","32","77","173","1","0","1","0","https://s.yimg.com/iu/api/res/1.2/jYexmHnkpmQ3PuzGaMDS6w--~C/YXBwaWQ9eXNwb3J0cztjaD0yMzM2O2NyPTE7Y3c9MTc5MDtkeD04NTc7ZHk9MDtmaT11bGNyb3A7aD02MDtxPTEwMDt3PTQ2/https://s.yimg.com/xe/i/us/sp/v/nba_cutout/players_l/11122025/6709.png"
"466.p.6165","138","Barrett","RJ","TOR","Questionable","GTD - Shoulder","SG,G,SF,PF,F,Util,IL+","87.5","9.2","$3.8","100%","349","705","0.495","167","85","950","264","166","39","15","84","130","2","1","0","0","https://s.yimg.com/iu/api/res/1.2/HZQiyruQqF6p_2E100VUcQ--~C/YXBwaWQ9eXNwb3J0cztjaD0yMzM2O2NyPTE7Y3c9MTc5MDtkeD04NTc7ZHk9MDtmaT11bGNyb3A7aD02MDtxPTEwMDt3PTQ2/https://s.yimg.com/xe/i/us/sp/v/nba_cutout/players_l/11172025/6165.1.png"
"466.p.5582","139","McConnell","T.J.","IND","Available","","PG,G,Util","121.9","12.4","$1.6","13%","242","450","0.538","25","16","525","124","287","56","10","64","62","2","0","1","0","https://s.yimg.com/iu/api/res/1.2/m8FnydYIdgEUbapY7Q2uCg--~C/YXBwaWQ9eXNwb3J0cztjaD0yMzM2O2NyPTE7Y3c9MTc5MDtkeD04NTc7ZHk9MDtmaT11bGNyb3A7aD02MDtxPTEwMDt3PTQ2/https://s.yimg.com/xe/i/us/sp/v/nba_cutout/players_l/11172025/5582.png"
"466.p.10279","140","Tyson","Jaylon","CLE","Injured","INJ - Toe","SG,G,SF,F,Util,IL,IL+","","","","","317","639","0.496","75","130","839","328","141","50","26","94","161","2","1","7","0","https://s.yimg.com/iu/api/res/1.2/1pWUPrLoQ63DuYb5C7S8lQ--~C/YXBwaWQ9eXNwb3J0cztjaD0yMzM2O2NyPTE7Y3c9MTc5MDtkeD04NTc7ZHk9MDtmaT11bGNyb3A7aD02MDtxPTEwMDt3PTQ2/https://s.yimg.com/xe/i/us/sp/v/nba_cutout/players_l/01202026/10279.1.png"
"466.p.6030","141","Huerter","Kevin","DET","Available","","SG,G,SF,F,Util","","","","","240","530","0.453","49","85","614","215","150","53","32","61","106","1","0","1","0","https://s.yimg.com/iu/api/res/1.2/2sIRRyfup9K6g.NwKgr9Dw--~C/YXBwaWQ9eXNwb3J0cztjaD0yMzM2O2NyPTE7Y3c9MTc5MDtkeD04NTc7ZHk9MDtmaT11bGNyb3A7aD02MDtxPTEwMDt3PTQ2/https://s.yimg.com/xe/i/us/sp/v/nba_cutout/players_l/02132026/6030.1.png"
"466.p.6652","142","Smith","Dru","MIA","Available","","PG,SG,G,Util","","","","","133","319","0.417","84","38","388","172","178","98","21","55","108","0","0","0","0","https://s.yimg.com/iu/api/res/1.2/gWK6pxnXigx914DXtViwwg--~C/YXBwaWQ9eXNwb3J0cztjaD0yMzM2O2NyPTE7Y3c9MTc5MDtkeD04NTc7ZHk9MDtmaT11bGNyb3A7aD02MDtxPTEwMDt3PTQ2/https://s.yimg.com/xe/i/us/sp/v/nba_cutout/players_l/11172025/6652.png"
"466.p.6171","143","Hachimura","Rui","LAL","Available","","SF,PF,F,Util","119.7","12.1","$1.2","9%","260","515","0.505","43","102","665","192","50","33","18","38","96","0","0","0","0","https://s.yimg.com/iu/api/res/1.2/Wtu0zqQxhP0CB34Ht.KJeQ--~C/YXBwaWQ9eXNwb3J0cztjaD0yMzM2O2NyPTE7Y3c9MTc5MDtkeD04NTc7ZHk9MDtmaT11bGNyb3A7aD02MDtxPTEwMDt3PTQ2/https://s.yimg.com/xe/i/us/sp/v/nba_cutout/players_l/01292026/6171.1.png"
"466.p.6791","144","Barlow","Dominick","PHI","Available","","PF,F,C,Util","","","","","198","368","0.538","86","21","503","299","80","56","44","52","133","1","0","2","0","https://s.yimg.com/iu/api/res/1.2/aD.X_YCmvpTsGv8R4lVrng--~C/YXBwaWQ9eXNwb3J0cztjaD0yMzM2O2NyPTE7Y3c9MTc5MDtkeD04NTc7ZHk9MDtmaT11bGNyb3A7aD02MDtxPTEwMDt3PTQ2/https://s.yimg.com/xe/i/us/sp/v/nba_cutout/players_l/11122025/6791.png"
"466.p.6697","145","Sharpe","Shaedon","POR","Injured","INJ - Calf","PG,SG,G,SF,F,Util,IL,IL+","83.4","8.8","$6.2","100%","386","847","0.456","152","101","1025","212","126","68","6","144","95","5","0","0","0","https://s.yimg.com/iu/api/res/1.2/OcfonxcQqxU2T5UXl7swDg--~C/YXBwaWQ9eXNwb3J0cztjaD0yMzM2O2NyPTE7Y3c9MTc5MDtkeD04NTc7ZHk9MDtmaT11bGNyb3A7aD02MDtxPTEwMDt3PTQ2/https://s.yimg.com/xe/i/us/sp/v/nba_cutout/players_l/11172025/6697.png"
"466.p.6269","146","Green","Javonte","DET","Available","","SG,G,SF,F,Util","","","","","165","372","0.444","93","80","503","202","51","92","22","43","99","3","0","1","0","https://s.yimg.com/iu/api/res/1.2/GxYSjCkOf6PWuWAib710Yg--~C/YXBwaWQ9eXNwb3J0cztjaD0yMzM2O2NyPTE7Y3c9MTc5MDtkeD04NTc7ZHk9MDtmaT11bGNyb3A7aD02MDtxPTEwMDt3PTQ2/https://s.yimg.com/xe/i/us/sp/v/nba_cutout/players_l/11172025/6269.png"
"466.p.10440","147","Fears","Jeremiah","NOP","Available","","PG,SG,G,Util","","","","","374","877","0.426","154","87","989","269","248","85","26","167","134","6","0","2","0","https://s.yimg.com/iu/api/res/1.2/9mUtkNucS_2RSY2pSyrj4Q--~C/YXBwaWQ9eXNwb3J0cztjaD0yMzM2O2NyPTE7Y3c9MTc5MDtkeD04NTc7ZHk9MDtmaT11bGNyb3A7aD02MDtxPTEwMDt3PTQ2/https://s.yimg.com/xe/i/us/sp/v/nba_cutout/players_l/11172025/10440.png"
"466.p.10084","148","Miller","Jordan","LAC","Available","","SG,G,SF,F,Util","","","","","179","347","0.516","121","29","508","164","114","41","9","56","51","0","0","1","0","https://s.yimg.com/iu/api/res/1.2/JbARN.Ylul8yZuqFCymdIA--~C/YXBwaWQ9eXNwb3J0cztjaD0yMzM2O2NyPTE7Y3c9MTc5MDtkeD04NTc7ZHk9MDtmaT11bGNyb3A7aD02MDtxPTEwMDt3PTQ2/https://s.yimg.com/xe/i/us/sp/v/nba_cutout/players_l/10222024/10084.png"
"466.p.10099","149","Coulibaly","Bilal","WAS","Out","O - Heel","SG,G,SF,F,Util,IL+","126.5","12.9","$1.6","6%","204","492","0.415","120","61","589","230","137","71","48","77","128","1","0","0","0","https://s.yimg.com/iu/api/res/1.2/I8c.3y10Yqf6myfIEs1vfA--~C/YXBwaWQ9eXNwb3J0cztjaD0yMzM2O2NyPTE7Y3c9MTc5MDtkeD04NTc7ZHk9MDtmaT11bGNyb3A7aD02MDtxPTEwMDt3PTQ2/https://s.yimg.com/xe/i/us/sp/v/nba_cutout/players_l/11172025/10099.png"
"466.p.6572","150","Aldama","Santi","MEM","Injured","INJ - Knee","PF,F,C,Util,IL,IL+","108.5","11.2","$2.6","91%","228","476","0.479","76","70","602","287","126","37","31","55","69","2","1","5","0","https://s.yimg.com/iu/api/res/1.2/ptAWAFANiXknimZSLrOxVw--~C/YXBwaWQ9eXNwb3J0cztjaD0yMzM2O2NyPTE7Y3c9MTc5MDtkeD04NTc7ZHk9MDtmaT11bGNyb3A7aD02MDtxPTEwMDt3PTQ2/https://s.yimg.com/xe/i/us/sp/v/nba_cutout/players_l/11172025/6572.png"
"466.p.6167","151","Garland","Darius","LAC","Available","","PG,G,Util","65.7","7.0","$10.2","100%","270","573","0.471","93","111","744","92","271","35","5","116","64","3","0","7","0","https://s.yimg.com/iu/api/res/1.2/0xidjq6btCUeTHWBW7YLYw--~C/YXBwaWQ9eXNwb3J0cztjaD0yMzM2O2NyPTE7Y3c9MTc5MDtkeD04NTc7ZHk9MDtmaT11bGNyb3A7aD02MDtxPTEwMDt3PTQ2/https://s.yimg.com/xe/i/us/sp/v/nba_cutout/players_l/02072026/6167.png"
"466.p.6073","152","Robinson","Duncan","DET","Out","O - Hip","SG,G,SF,F,Util,IL+","","","","","285","642","0.444","75","201","846","192","146","40","22","48","156","3","0","0","0","https://s.yimg.com/iu/api/res/1.2/P99FrniiREI0suArrp_5Nw--~C/YXBwaWQ9eXNwb3J0cztjaD0yMzM2O2NyPTE7Y3c9MTc5MDtkeD04NTc7ZHk9MDtmaT11bGNyb3A7aD02MDtxPTEwMDt3PTQ2/https://s.yimg.com/xe/i/us/sp/v/nba_cutout/players_l/11172025/6073.png"
"466.p.5007","153","Davis","Anthony","WAS","Injured","INJ - Finger","PF,F,C,Util,IL,IL+","10.1","1.3","$51.9","100%","169","334","0.506","59","10","407","221","56","22","33","41","42","1","0","13","0","https://s.yimg.com/iu/api/res/1.2/5QTaBPugPu7YfVJV_d_Utg--~C/YXBwaWQ9eXNwb3J0cztjaD0yMzM2O2NyPTE7Y3c9MTc5MDtkeD04NTc7ZHk9MDtmaT11bGNyb3A7aD02MDtxPTEwMDt3PTQ2/https://s.yimg.com/xe/i/us/sp/v/nba_cutout/players_l/02132026/5007.3.png"
"466.p.10070","154","Jackson","GG","MEM","Available","","SF,PF,F,C,Util","","","","","228","470","0.485","98","57","611","218","71","30","39","76","73","1","0","1","0","https://s.yimg.com/iu/api/res/1.2/palvh1GTzm_F1EiU8YAcCg--~C/YXBwaWQ9eXNwb3J0cztjaD0yMzM2O2NyPTE7Y3c9MTc5MDtkeD04NTc7ZHk9MDtmaT11bGNyb3A7aD02MDtxPTEwMDt3PTQ2/https://s.yimg.com/xe/i/us/sp/v/nba_cutout/players_l/11172025/10070.png"
"466.p.6550","155","Wagner","Franz","ORL","Injured","INJ - Ankle","SF,PF,F,Util,IL,IL+","36.1","4.0","$24.2","100%","205","428","0.479","144","42","596","161","101","30","9","48","63","0","0","0","0","https://s.yimg.com/iu/api/res/1.2/AD4_wSkj5h3NRNc.x1inEw--~C/YXBwaWQ9eXNwb3J0cztjaD0yMzM2O2NyPTE7Y3c9MTc5MDtkeD04NTc7ZHk9MDtmaT11bGNyb3A7aD02MDtxPTEwMDt3PTQ2/https://s.yimg.com/xe/i/us/sp/v/nba_cutout/players_l/11172025/6550.png"
"466.p.5324","156","LaVine","Zach","SAC","Injured","INJ - Finger","PG,SG,G,SF,F,Util,IL,IL+","61.2","6.6","$11.0","100%","262","547","0.479","125","99","748","108","89","28","10","74","81","0","0","0","0","https://s.yimg.com/iu/api/res/1.2/C4tHVNo7FT39yXPsmbt06w--~C/YXBwaWQ9eXNwb3J0cztjaD0yMzM2O2NyPTE7Y3c9MTc5MDtkeD04NTc7ZHk9MDtmaT11bGNyb3A7aD02MDtxPTEwMDt3PTQ2/https://s.yimg.com/xe/i/us/sp/v/nba_cutout/players_l/02042025/5324.png"
"466.p.5856","157","Hartenstein","Isaiah","OKC","Out","O - Calf","C,Util,IL+","76.2","8.1","$7.2","100%","173","281","0.616","59","0","405","417","158","45","32","80","112","2","1","11","1","https://s.yimg.com/iu/api/res/1.2/pneZoQKZ80kjDlR_Zc.V2A--~C/YXBwaWQ9eXNwb3J0cztjaD0yMzM2O2NyPTE7Y3c9MTc5MDtkeD04NTc7ZHk9MDtmaT11bGNyb3A7aD02MDtxPTEwMDt3PTQ2/https://s.yimg.com/xe/i/us/sp/v/nba_cutout/players_l/11172025/5856.png"
"466.p.6035","158","Simons","Anfernee","CHI","Injured","INJ - Wrist","PG,SG,G,Util,IL,IL+","89.7","9.4","$5.0","100%","285","648","0.440","69","146","785","135","134","27","8","68","94","0","0","0","0","https://s.yimg.com/iu/api/res/1.2/hWWtBC96oj5sC1MBA1yVzQ--~C/YXBwaWQ9eXNwb3J0cztjaD0yMzM2O2NyPTE7Y3c9MTc5MDtkeD04NTc7ZHk9MDtmaT11bGNyb3A7aD02MDtxPTEwMDt3PTQ2/https://s.yimg.com/xe/i/us/sp/v/nba_cutout/players_l/02132026/6035.1.png"
"466.p.5825","159","Kennard","Luke","LAL","Available","","PG,SG,G,Util","","","","","203","375","0.541","49","108","563","154","136","45","8","51","89","2","0","0","0","https://s.yimg.com/iu/api/res/1.2/GiPcsSEQgkMcZCXNeyPToQ--~C/YXBwaWQ9eXNwb3J0cztjaD0yMzM2O2NyPTE7Y3c9MTc5MDtkeD04NTc7ZHk9MDtmaT11bGNyb3A7aD02MDtxPTEwMDt3PTQ2/https://s.yimg.com/xe/i/us/sp/v/nba_cutout/players_l/02072026/5825.png"
"466.p.5905","160","O'Neale","Royce","PHX","Available","","SF,PF,F,Util","","","","","244","585","0.417","23","197","708","342","197","80","29","97","163","3","1","2","0","https://s.yimg.com/iu/api/res/1.2/6wl.LhYLAbH3pkz9Rp7Ztw--~C/YXBwaWQ9eXNwb3J0cztjaD0yMzM2O2NyPTE7Y3c9MTc5MDtkeD04NTc7ZHk9MDtmaT11bGNyb3A7aD02MDtxPTEwMDt3PTQ2/https://s.yimg.com/xe/i/us/sp/v/nba_cutout/players_l/11172025/5905.png"
"466.p.6617","161","Huff","Jay","IND","Available","","C,Util","133.9","13.2","$1.9","5%","259","547","0.473","77","106","701","288","101","38","138","64","175","0","3","1","0","https://s.yimg.com/iu/api/res/1.2/1lOvArerHrCrTTUpB1poSA--~C/YXBwaWQ9eXNwb3J0cztjaD0yMzM2O2NyPTE7Y3c9MTc5MDtkeD04NTc7ZHk9MDtmaT11bGNyb3A7aD02MDtxPTEwMDt3PTQ2/https://s.yimg.com/xe/i/us/sp/v/nba_cutout/players_l/11172025/6617.1.png"
"466.p.4245","162","Horford","Al","GSW","Injured","INJ - Calf","PF,F,C,Util,IL,IL+","119.1","12.4","$1.3","4%","132","311","0.424","22","71","357","215","112","30","50","41","50","0","0","0","0","https://s.yimg.com/iu/api/res/1.2/Se1Xp7ZuXkBkBzTos8cYBQ--~C/YXBwaWQ9eXNwb3J0cztjaD0yMzM2O2NyPTE7Y3c9MTc5MDtkeD04NTc7ZHk9MDtmaT11bGNyb3A7aD02MDtxPTEwMDt3PTQ2/https://s.yimg.com/xe/i/us/sp/v/nba_cutout/players_l/11122025/4245.png"
"466.p.5747","163","Jones Jr.","Derrick","LAC","Available","","SF,PF,F,Util","","","","","173","339","0.510","65","50","461","142","61","43","44","35","91","0","0","0","0","https://s.yimg.com/iu/api/res/1.2/3HW4v8QtpDDmeMpHXdn7KQ--~C/YXBwaWQ9eXNwb3J0cztjaD0yMzM2O2NyPTE7Y3c9MTc5MDtkeD04NTc7ZHk9MDtmaT11bGNyb3A7aD02MDtxPTEwMDt3PTQ2/https://s.yimg.com/xe/i/us/sp/v/nba_cutout/players_l/10222024/5747.png"
"466.p.6745","164","Santos","Gui","GSW","Available","","SF,PF,F,Util","","","","","210","415","0.506","78","73","571","248","146","55","22","95","127","1","0","3","0","https://s.yimg.com/iu/api/res/1.2/hfZjmigVArMOqYPNIYheDw--~C/YXBwaWQ9eXNwb3J0cztjaD0yMzM2O2NyPTE7Y3c9MTc5MDtkeD04NTc7ZHk9MDtmaT11bGNyb3A7aD02MDtxPTEwMDt3PTQ2/https://s.yimg.com/xe/i/us/sp/v/nba_cutout/players_l/10292024/6745.png"
"466.p.4725","165","George","Paul","PHI","Available","","SG,G,SF,PF,F,Util","79.3","8.3","$7.3","99%","170","395","0.430","69","76","485","158","106","48","15","47","67","0","0","2","0","https://s.yimg.com/iu/api/res/1.2/8lF0N.bLWToWFNVoc6ApDQ--~C/YXBwaWQ9eXNwb3J0cztjaD0yMzM2O2NyPTE7Y3c9MTc5MDtkeD04NTc7ZHk9MDtmaT11bGNyb3A7aD02MDtxPTEwMDt3PTQ2/https://s.yimg.com/xe/i/us/sp/v/nba_cutout/players_l/10282024/4725.png"
"466.p.10462","166","Bailey","Ace","UTA","Available","","SG,G,SF,PF,F,Util","116.4","11.9","$2.8","57%","350","789","0.444","63","125","888","276","118","56","44","93","179","0","1","0","0","https://s.yimg.com/iu/api/res/1.2/7KMrZuqupW4Tk6S9i.TWKg--~C/YXBwaWQ9eXNwb3J0cztjaD0yMzM2O2NyPTE7Y3c9MTc5MDtkeD04NTc7ZHk9MDtmaT11bGNyb3A7aD02MDtxPTEwMDt3PTQ2/https://s.yimg.com/xe/i/us/sp/v/nba_cutout/players_l/11172025/10462.png"
"466.p.10449","167","Riley","Will","WAS","Available","","SF,PF,F,Util","","","","","216","491","0.440","119","67","618","177","119","42","6","76","73","0","0","2","0","https://s.yimg.com/iu/api/res/1.2/lLm424toC6NwVIz3xR8b7A--~C/YXBwaWQ9eXNwb3J0cztjaD0yMzM2O2NyPTE7Y3c9MTc5MDtkeD04NTc7ZHk9MDtmaT11bGNyb3A7aD02MDtxPTEwMDt3PTQ2/https://s.yimg.com/xe/i/us/sp/v/nba_cutout/players_l/11172025/10449.png"
"466.p.5640","168","Poeltl","Jakob","TOR","Available","","C,Util","83.6","8.8","$9.0","100%","176","253","0.696","50","0","402","289","80","31","28","47","121","0","0","7","0","https://s.yimg.com/iu/api/res/1.2/Zif3qXYYUDGP6c.eJdIM3A--~C/YXBwaWQ9eXNwb3J0cztjaD0yMzM2O2NyPTE7Y3c9MTc5MDtkeD04NTc7ZHk9MDtmaT11bGNyb3A7aD02MDtxPTEwMDt3PTQ2/https://s.yimg.com/xe/i/us/sp/v/nba_cutout/players_l/11172025/5640.1.png"
"466.p.10340","169","Wells","Jaylen","MEM","Injured","INJ - Toe","SG,G,SF,F,Util,IL,IL+","126.0","12.7","$1.8","25%","301","698","0.431","134","129","865","220","111","61","9","74","148","0","1","0","0","https://s.yimg.com/iu/api/res/1.2/7M7453ZJU10DmP4Zk5x.oA--~C/YXBwaWQ9eXNwb3J0cztjaD0yMzM2O2NyPTE7Y3c9MTc5MDtkeD04NTc7ZHk9MDtmaT11bGNyb3A7aD02MDtxPTEwMDt3PTQ2/https://s.yimg.com/xe/i/us/sp/v/nba_cutout/players_l/11172025/10340.png"
"466.p.4892","170","Thompson","Klay","DAL","Available","","SG,G,SF,F,Util","115.6","11.7","$1.7","34%","266","672","0.396","32","189","753","137","87","32","19","59","66","2","0","0","0","https://s.yimg.com/iu/api/res/1.2/NpO5zHVCf1lB4YaD9RpFhw--~C/YXBwaWQ9eXNwb3J0cztjaD0yMzM2O2NyPTE7Y3c9MTc5MDtkeD04NTc7ZHk9MDtmaT11bGNyb3A7aD02MDtxPTEwMDt3PTQ2/https://s.yimg.com/xe/i/us/sp/v/nba_cutout/players_l/11172025/4892.png"
"466.p.10296","171","Risacher","Zaccharie","ATL","Available","","SF,PF,F,Util","120.6","12.2","$1.9","38%","231","508","0.455","55","91","608","236","71","54","33","54","133","1","0","0","0","https://s.yimg.com/iu/api/res/1.2/BMLbd5Z.LQIgb88xL8Rw7g--~C/YXBwaWQ9eXNwb3J0cztjaD0yMzM2O2NyPTE7Y3c9MTc5MDtkeD04NTc7ZHk9MDtmaT11bGNyb3A7aD02MDtxPTEwMDt3PTQ2/https://s.yimg.com/xe/i/us/sp/v/nba_cutout/players_l/11172025/10296.png"
"466.p.6253","172","Reid","Naz","MIN","Available","","PF,F,C,Util","97.6","10.2","$4.5","98%","365","792","0.461","84","151","965","445","162","70","70","117","178","9","2","6","0","https://s.yimg.com/iu/api/res/1.2/3PAN5Ol1CXw8Unkhq5W7sg--~C/YXBwaWQ9eXNwb3J0cztjaD0yMzM2O2NyPTE7Y3c9MTc5MDtkeD04NTc7ZHk9MDtmaT11bGNyb3A7aD02MDtxPTEwMDt3PTQ2/https://s.yimg.com/xe/i/us/sp/v/nba_cutout/players_l/11172025/6253.png"
"466.p.10443","173","Murray-Boyles","Collin","TOR","Questionable","GTD - Back","PF,F,C,Util,IL+","","","","","162","288","0.563","53","17","394","244","94","46","48","55","127","0","0","3","0","https://s.yimg.com/iu/api/res/1.2/QVZszdEPzmKYKNT6ulRBEw--~C/YXBwaWQ9eXNwb3J0cztjaD0yMzM2O2NyPTE7Y3c9MTc5MDtkeD04NTc7ZHk9MDtmaT11bGNyb3A7aD02MDtxPTEwMDt3PTQ2/https://s.yimg.com/xe/i/us/sp/v/nba_cutout/players_l/11172025/10443.1.png"
"466.p.6632","174","Champagnie","Justin","WAS","Available","","SF,PF,F,Util","","","","","201","397","0.506","73","46","521","341","73","52","39","41","102","6","0","3","0","https://s.yimg.com/iu/api/res/1.2/jC8.ZsyZ4ahRHNn0..ynrA--~C/YXBwaWQ9eXNwb3J0cztjaD0yMzM2O2NyPTE7Y3c9MTc5MDtkeD04NTc7ZHk9MDtmaT11bGNyb3A7aD02MDtxPTEwMDt3PTQ2/https://s.yimg.com/xe/i/us/sp/v/nba_cutout/players_l/11172025/6632.png"
"466.p.10096","175","Thompson","Ausar","DET","Available","","SG,G,SF,PF,F,Util","81.7","8.6","$8.9","100%","272","526","0.517","100","6","650","373","187","130","57","95","177","5","3","3","0","https://s.yimg.com/iu/api/res/1.2/k.ir6rODU5H4Na2XQyenHw--~C/YXBwaWQ9eXNwb3J0cztjaD0yMzM2O2NyPTE7Y3c9MTc5MDtkeD04NTc7ZHk9MDtmaT11bGNyb3A7aD02MDtxPTEwMDt3PTQ2/https://s.yimg.com/xe/i/us/sp/v/nba_cutout/players_l/11172025/10096.png"
"466.p.10312","176","Larsson","Pelle","MIA","Available","","SG,G,SF,F,Util","","","","","242","490","0.494","165","56","705","217","214","44","15","90","132","0","1","0","0","https://s.yimg.com/iu/api/res/1.2/3I7Q72iIJBc5oWkUw02Xow--~C/YXBwaWQ9eXNwb3J0cztjaD0yMzM2O2NyPTE7Y3c9MTc5MDtkeD04NTc7ZHk9MDtmaT11bGNyb3A7aD02MDtxPTEwMDt3PTQ2/https://s.yimg.com/xe/i/us/sp/v/nba_cutout/players_l/11172025/10312.png"
"466.p.6015","177","Jackson Jr.","Jaren","UTA","Injured","INJ - Knee","PF,F,C,Util,IL,IL+","38.5","4.3","$25.0","100%","342","719","0.476","163","84","931","272","94","53","69","107","179","2","2","3","0","https://s.yimg.com/iu/api/res/1.2/3Qg_iLPhRWWTfQnl65nq7w--~C/YXBwaWQ9eXNwb3J0cztjaD0yMzM2O2NyPTE7Y3c9MTc5MDtkeD04NTc7ZHk9MDtmaT11bGNyb3A7aD02MDtxPTEwMDt3PTQ2/https://s.yimg.com/xe/i/us/sp/v/nba_cutout/players_l/02132026/6015.2.png"
"466.p.10116","178","Prosper","Olivier-Maxence","MEM","Out","O - Wrist","PF,F,C,Util,IL+","","","","","171","317","0.539","80","54","476","177","48","37","12","44","77","0","0","1","0","https://s.yimg.com/iu/api/res/1.2/PCtSO5VEJ9r70B0rX8vDJw--~C/YXBwaWQ9eXNwb3J0cztjaD0yMzM2O2NyPTE7Y3c9MTc5MDtkeD04NTc7ZHk9MDtmaT11bGNyb3A7aD02MDtxPTEwMDt3PTQ2/https://s.yimg.com/xe/i/us/sp/v/nba_cutout/players_l/11172025/10116.png"
"466.p.10145","179","Porter Jr.","Craig","CLE","Available","","PG,SG,G,Util","","","","","104","234","0.444","20","30","258","193","187","55","32","54","64","0","0","0","0","https://s.yimg.com/iu/api/res/1.2/zjTUFYCJUmG2GCnO6R.QoQ--~C/YXBwaWQ9eXNwb3J0cztjaD0yMzM2O2NyPTE7Y3c9MTc5MDtkeD04NTc7ZHk9MDtmaT11bGNyb3A7aD02MDtxPTEwMDt3PTQ2/https://s.yimg.com/xe/i/us/sp/v/nba_cutout/players_l/10242024/10145.png"
"466.p.5336","180","Capela","Clint","HOU","Available","","C,Util","","","","","104","202","0.515","40","0","248","313","45","31","57","38","66","0","0","0","0","https://s.yimg.com/iu/api/res/1.2/XozZo47j1cB0FAxLFK8bNw--~C/YXBwaWQ9eXNwb3J0cztjaD0yMzM2O2NyPTE7Y3c9MTc5MDtkeD04NTc7ZHk9MDtmaT11bGNyb3A7aD02MDtxPTEwMDt3PTQ2/https://s.yimg.com/xe/i/us/sp/v/nba_cutout/players_l/11172025/5336.png"
"466.p.6753","181","Ellis","Keon","CLE","Available","","PG,SG,G,Util","134.4","13.4","$1.8","3%","145","333","0.435","45","82","417","116","60","77","44","37","121","1","0","0","0","https://s.yimg.com/iu/api/res/1.2/nnuQ1.neYWqSGeoieeIMtw--~C/YXBwaWQ9eXNwb3J0cztjaD0yMzM2O2NyPTE7Y3c9MTc5MDtkeD04NTc7ZHk9MDtmaT11bGNyb3A7aD02MDtxPTEwMDt3PTQ2/https://s.yimg.com/xe/i/us/sp/v/nba_cutout/players_l/02092026/6753.1.png"
"466.p.6452","182","Merrill","Sam","CLE","Available","","SG,G,SF,F,Util","","","","","209","445","0.470","55","151","624","125","112","27","7","40","119","0","0","1","0","https://s.yimg.com/iu/api/res/1.2/vq7H7jUh.EahRXqGjo3IrQ--~C/YXBwaWQ9eXNwb3J0cztjaD0yMzM2O2NyPTE7Y3c9MTc5MDtkeD04NTc7ZHk9MDtmaT11bGNyb3A7aD02MDtxPTEwMDt3PTQ2/https://s.yimg.com/xe/i/us/sp/v/nba_cutout/players_l/10242024/6452.png"
"466.p.6742","183","Matković","Karlo","NOP","Available","","PF,F,C,Util","","","","","142","235","0.604","30","38","352","229","50","25","54","34","105","0","0","1","0","https://s.yimg.com/iu/api/res/1.2/nmdDFlaZQErSVgg0aE7FNQ--~C/YXBwaWQ9eXNwb3J0cztjaD0yMzM2O2NyPTE7Y3c9MTc5MDtkeD04NTc7ZHk9MDtmaT11bGNyb3A7aD02MDtxPTEwMDt3PTQ2/https://s.yimg.com/xe/i/us/sp/v/nba_cutout/players_l/11172025/6742.png"
"466.p.5295","184","Gordon","Aaron","DEN","Questionable","GTD - Calf","PF,F,C,Util,IL+","108.5","11.2","$2.9","87%","180","359","0.501","117","55","532","190","80","19","9","34","52","3","0","4","0","https://s.yimg.com/iu/api/res/1.2/I8Blh.EinBxbOy6K4YuifA--~C/YXBwaWQ9eXNwb3J0cztjaD0yMzM2O2NyPTE7Y3c9MTc5MDtkeD04NTc7ZHk9MDtmaT11bGNyb3A7aD02MDtxPTEwMDt3PTQ2/https://s.yimg.com/xe/i/us/sp/v/nba_cutout/players_l/11172025/5295.png"
"466.p.6702","185","Williams","Jalen","OKC","Out","O - Hamstring","SF,PF,F,Util,IL+","27.9","3.2","$31.7","100%","200","415","0.482","98","22","520","135","160","35","9","57","61","1","0","1","0","https://s.yimg.com/iu/api/res/1.2/MCMAYG3rCw7ZrTHWpggAcg--~C/YXBwaWQ9eXNwb3J0cztjaD0yMzM2O2NyPTE7Y3c9MTc5MDtkeD04NTc7ZHk9MDtmaT11bGNyb3A7aD02MDtxPTEwMDt3PTQ2/https://s.yimg.com/xe/i/us/sp/v/nba_cutout/players_l/11172025/6702.png"
"466.p.6255","186","Konchar","John","UTA","Available","","SG,G,SF,F,Util","","","","","74","154","0.481","22","21","191","184","82","64","31","27","66","0","0","0","0","https://s.yimg.com/iu/api/res/1.2/0KyCasbYgwrrdzLJoewVYw--~C/YXBwaWQ9eXNwb3J0cztjaD0yMzM2O2NyPTE7Y3c9MTc5MDtkeD04NTc7ZHk9MDtmaT11bGNyb3A7aD02MDtxPTEwMDt3PTQ2/https://s.yimg.com/xe/i/us/sp/v/nba_cutout/players_l/02132026/6255.2.png"
"466.p.6256","187","Wade","Dean","CLE","Injured","INJ - Ankle","SF,PF,F,Util,IL,IL+","","","","","118","273","0.432","27","68","331","240","86","43","22","16","89","0","0","1","0","https://s.yimg.com/iu/api/res/1.2/5yTXC612Vq1k1edsTolXGQ--~C/YXBwaWQ9eXNwb3J0cztjaD0yMzM2O2NyPTE7Y3c9MTc5MDtkeD04NTc7ZHk9MDtmaT11bGNyb3A7aD02MDtxPTEwMDt3PTQ2/https://s.yimg.com/xe/i/us/sp/v/nba_cutout/players_l/10242024/6256.png"
"466.p.10485","188","Richard","Will","GSW","Questionable","GTD - Heel","SG,G,SF,F,Util,IL+","","","","","161","336","0.479","46","71","439","162","88","78","8","53","126","0","0","0","0","https://s.yimg.com/iu/api/res/1.2/QvQFISX4xjbPbOg.ib7GPw--~C/YXBwaWQ9eXNwb3J0cztjaD0yMzM2O2NyPTE7Y3c9MTc5MDtkeD04NTc7ZHk9MDtmaT11bGNyb3A7aD02MDtxPTEwMDt3PTQ2/https://s.yimg.com/xe/i/us/sp/v/nba_cutout/players_l/10202025/10485.png"
"466.p.5464","189","Porziņģis","Kristaps","GSW","Available","","PF,F,C,Util","52.3","5.7","$15.3","100%","157","346","0.454","118","53","485","137","74","17","36","35","75","0","0","1","0","https://s.yimg.com/iu/api/res/1.2/dCpFM4pzQ_NQ.fblrtVz1g--~C/YXBwaWQ9eXNwb3J0cztjaD0yMzM2O2NyPTE7Y3c9MTc5MDtkeD04NTc7ZHk9MDtmaT11bGNyb3A7aD02MDtxPTEwMDt3PTQ2/https://s.yimg.com/xe/i/us/sp/v/nba_cutout/players_l/02192026/5464.1.png"
"466.p.10122","190","Sensabaugh","Brice","UTA","Available","","SG,G,SF,PF,F,Util","","","","","349","765","0.456","145","140","983","209","119","50","9","104","129","4","1","0","0","https://s.yimg.com/iu/api/res/1.2/71nTcL6NIJi5aHyjq1pjng--~C/YXBwaWQ9eXNwb3J0cztjaD0yMzM2O2NyPTE7Y3c9MTc5MDtkeD04NTc7ZHk9MDtmaT11bGNyb3A7aD02MDtxPTEwMDt3PTQ2/https://s.yimg.com/xe/i/us/sp/v/nba_cutout/players_l/11172025/10122.png"
"466.p.6170","191","Hayes","Jaxson","LAL","Available","","C,Util","","","","","177","237","0.747","83","2","439","256","55","27","50","27","119","4","0","1","0","https://s.yimg.com/iu/api/res/1.2/4KT7R7WQZfPyxmw2F3lhuQ--~C/YXBwaWQ9eXNwb3J0cztjaD0yMzM2O2NyPTE7Y3c9MTc5MDtkeD04NTc7ZHk9MDtmaT11bGNyb3A7aD02MDtxPTEwMDt3PTQ2/https://s.yimg.com/xe/i/us/sp/v/nba_cutout/players_l/10292024/6170.png"
"466.p.6597","192","Wiggins","Aaron","OKC","Available","","SG,G,SF,F,Util","121.3","12.4","$1.3","5%","213","493","0.432","52","88","566","189","98","54","26","76","76","0","1","0","0","https://s.yimg.com/iu/api/res/1.2/odaFEWD1we30Z30V3H9ppQ--~C/YXBwaWQ9eXNwb3J0cztjaD0yMzM2O2NyPTE7Y3c9MTc5MDtkeD04NTc7ZHk9MDtmaT11bGNyb3A7aD02MDtxPTEwMDt3PTQ2/https://s.yimg.com/xe/i/us/sp/v/nba_cutout/players_l/11172025/6597.png"
"466.p.6057","193","Melton","De'Anthony","GSW","Available","","PG,SG,G,Util","","","","","197","480","0.410","91","62","547","137","106","70","17","82","87","1","0","0","0","https://s.yimg.com/iu/api/res/1.2/_Egmj3NIbgK.dGikWfsf5Q--~C/YXBwaWQ9eXNwb3J0cztjaD0yMzM2O2NyPTE7Y3c9MTc5MDtkeD04NTc7ZHk9MDtmaT11bGNyb3A7aD02MDtxPTEwMDt3PTQ2/https://s.yimg.com/xe/i/us/sp/v/nba_cutout/players_l/11132025/6057.png"
"466.p.6551","194","Mitchell","Davion","MIA","Available","","PG,G,Util","121.8","12.4","$1.3","21%","228","474","0.481","41","79","576","170","417","67","11","99","168","1","1","4","0","https://s.yimg.com/iu/api/res/1.2/Impkx_VULW9Ih8ADV5_c6A--~C/YXBwaWQ9eXNwb3J0cztjaD0yMzM2O2NyPTE7Y3c9MTc5MDtkeD04NTc7ZHk9MDtmaT11bGNyb3A7aD02MDtxPTEwMDt3PTQ2/https://s.yimg.com/xe/i/us/sp/v/nba_cutout/players_l/11172025/6551.png"
"466.p.10467","195","Harper","Dylan","SAS","Available","","PG,SG,G,Util","118.5","12.0","$1.5","24%","285","572","0.498","82","52","704","205","235","47","20","85","116","0","2","0","0","https://s.yimg.com/iu/api/res/1.2/ZgBUWiO6sMQi9xlbB5PtNw--~C/YXBwaWQ9eXNwb3J0cztjaD0yMzM2O2NyPTE7Y3c9MTc5MDtkeD04NTc7ZHk9MDtmaT11bGNyb3A7aD02MDtxPTEwMDt3PTQ2/https://s.yimg.com/xe/i/us/sp/v/nba_cutout/players_l/11172025/10467.png"
"466.p.10110","196","Hendricks","Taylor","MEM","Available","","SF,PF,F,C,Util","","","","","148","328","0.451","45","56","397","206","53","44","29","48","88","0","0","2","0","https://s.yimg.com/iu/api/res/1.2/gP14vp6fttjh1VyqJ4YYjw--~C/YXBwaWQ9eXNwb3J0cztjaD0yMzM2O2NyPTE7Y3c9MTc5MDtkeD04NTc7ZHk9MDtmaT11bGNyb3A7aD02MDtxPTEwMDt3PTQ2/https://s.yimg.com/xe/i/us/sp/v/nba_cutout/players_l/02132026/10110.1.png"
"466.p.5475","197","Oubre Jr.","Kelly","PHI","Available","","SF,PF,F,Util","120.0","12.3","$1.5","6%","215","463","0.464","106","75","611","204","71","55","22","60","106","2","1","4","0","https://s.yimg.com/iu/api/res/1.2/Yy9qb6tT12pK08ZFCxzQRw--~C/YXBwaWQ9eXNwb3J0cztjaD0yMzM2O2NyPTE7Y3c9MTc5MDtkeD04NTc7ZHk9MDtmaT11bGNyb3A7aD02MDtxPTEwMDt3PTQ2/https://s.yimg.com/xe/i/us/sp/v/nba_cutout/players_l/01082026/5475.1.png"
"466.p.10289","198","Missi","Yves","NOP","Available","","C,Util","123.8","12.5","$1.8","23%","147","274","0.536","53","0","347","358","79","20","96","50","106","2","1","4","0","https://s.yimg.com/iu/api/res/1.2/hETItWeO.IyWFSMwccVD0A--~C/YXBwaWQ9eXNwb3J0cztjaD0yMzM2O2NyPTE7Y3c9MTc5MDtkeD04NTc7ZHk9MDtmaT11bGNyb3A7aD02MDtxPTEwMDt3PTQ2/https://s.yimg.com/xe/i/us/sp/v/nba_cutout/players_l/11172025/10289.png"
"466.p.10263","199","Holland II","Ronald","DET","Available","","SF,PF,F,Util","","","","","211","485","0.435","115","40","577","292","89","82","23","91","158","2","0","2","0","https://s.yimg.com/iu/api/res/1.2/dkMIxXCk.kC65Il8wW75aQ--~C/YXBwaWQ9eXNwb3J0cztjaD0yMzM2O2NyPTE7Y3c9MTc5MDtkeD04NTc7ZHk9MDtmaT11bGNyb3A7aD02MDtxPTEwMDt3PTQ2/https://s.yimg.com/xe/i/us/sp/v/nba_cutout/players_l/11172025/10263.png"
"466.p.5015","200","Drummond","Andre","PHI","Available","","C,Util","","","","","141","300","0.470","47","28","357","468","64","31","46","56","114","5","0","15","0","https://s.yimg.com/iu/api/res/1.2/XOZr2367Ajc4jj1LTVp6sw--~C/YXBwaWQ9eXNwb3J0cztjaD0yMzM2O2NyPTE7Y3c9MTc5MDtkeD04NTc7ZHk9MDtmaT11bGNyb3A7aD02MDtxPTEwMDt3PTQ2/https://s.yimg.com/xe/i/us/sp/v/nba_cutout/players_l/10282024/5015.png"
"466.p.4472","201","Lopez","Brook","LAC","Available","","C,Util","123.8","12.4","$1.4","11%","199","466","0.427","49","101","548","227","85","45","79","54","131","5","0","1","0","https://s.yimg.com/iu/api/res/1.2/fpGsu1QjR.6PCGxZQfukfw--~C/YXBwaWQ9eXNwb3J0cztjaD0yMzM2O2NyPTE7Y3c9MTc5MDtkeD04NTc7ZHk9MDtmaT11bGNyb3A7aD02MDtxPTEwMDt3PTQ2/https://s.yimg.com/xe/i/us/sp/v/nba_cutout/players_l/07072025/4472.png"
"466.p.5754","202","Caruso","Alex","OKC","Available","","SG,G,SF,F,Util","115.0","11.5","$1.9","8%","121","288","0.420","41","49","332","145","104","70","17","44","63","2","0","0","0","https://s.yimg.com/iu/api/res/1.2/t1LI5K60HjnLmegbTYJZKQ--~C/YXBwaWQ9eXNwb3J0cztjaD0yMzM2O2NyPTE7Y3c9MTc5MDtkeD04NTc7ZHk9MDtmaT11bGNyb3A7aD02MDtxPTEwMDt3PTQ2/https://s.yimg.com/xe/i/us/sp/v/nba_cutout/players_l/11172025/5754.png"
"466.p.5482","203","Portis","Bobby","MIL","Injured","INJ - Wrist","PF,F,C,Util,IL,IL+","114.9","11.8","$2.1","80%","366","750","0.488","48","135","915","428","105","41","12","66","110","7","3","11","0","https://s.yimg.com/iu/api/res/1.2/a_cAHmSMeC5HXkl9frc.Zg--~C/YXBwaWQ9eXNwb3J0cztjaD0yMzM2O2NyPTE7Y3c9MTc5MDtkeD04NTc7ZHk9MDtmaT11bGNyb3A7aD02MDtxPTEwMDt3PTQ2/https://s.yimg.com/xe/i/us/sp/v/nba_cutout/players_l/11172025/5482.png"
"466.p.10445","204","Dëmin","Egor","BKN","Injured","INJ - Foot","PG,SG,G,Util,IL,IL+","125.1","12.6","$1.3","4%","179","449","0.399","54","124","536","165","173","42","17","86","93","1","0","1","0","https://s.yimg.com/iu/api/res/1.2/qC8.sd1N_TmwIZyb3ei8sg--~C/YXBwaWQ9eXNwb3J0cztjaD0yMzM2O2NyPTE7Y3c9MTc5MDtkeD04NTc7ZHk9MDtmaT11bGNyb3A7aD02MDtxPTEwMDt3PTQ2/https://s.yimg.com/xe/i/us/sp/v/nba_cutout/players_l/10202025/10445.png"
"466.p.10292","205","Dunn","Ryan","PHX","Available","","SF,PF,F,Util","","","","","153","340","0.450","20","54","380","270","92","56","27","51","129","0","0","1","0","https://s.yimg.com/iu/api/res/1.2/oID0Er3iVkC4zYo_pzUdJg--~C/YXBwaWQ9eXNwb3J0cztjaD0yMzM2O2NyPTE7Y3c9MTc5MDtkeD04NTc7ZHk9MDtmaT11bGNyb3A7aD02MDtxPTEwMDt3PTQ2/https://s.yimg.com/xe/i/us/sp/v/nba_cutout/players_l/11172025/10292.png"
"466.p.6429","206","Krejčí","Vít","POR","Injured","INJ - Calf","SG,G,SF,F,Util,IL,IL+","","","","","191","426","0.448","38","128","548","148","100","47","18","41","137","1","0","0","0","https://s.yimg.com/iu/api/res/1.2/F8MIvRRdPiE.5tFZWEaORw--~C/YXBwaWQ9eXNwb3J0cztjaD0yMzM2O2NyPTE7Y3c9MTc5MDtkeD04NTc7ZHk9MDtmaT11bGNyb3A7aD02MDtxPTEwMDt3PTQ2/https://s.yimg.com/xe/i/us/sp/v/nba_cutout/players_l/02192026/6429.1.png"
"466.p.6169","207","White","Coby","CHA","Available","","PG,SG,G,Util","66.1","7.0","$11.1","100%","250","563","0.444","173","102","775","158","184","25","5","114","98","0","1","1","0","https://s.yimg.com/iu/api/res/1.2/r4m_kYReISoBqwdvlRgyfg--~C/YXBwaWQ9eXNwb3J0cztjaD0yMzM2O2NyPTE7Y3c9MTc5MDtkeD04NTc7ZHk9MDtmaT11bGNyb3A7aD02MDtxPTEwMDt3PTQ2/https://s.yimg.com/xe/i/us/sp/v/nba_cutout/players_l/03052026/6169.1.png"
"466.p.6058","208","Mykhailiuk","Svi","UTA","Available","","SG,G,SF,F,Util","","","","","167","346","0.483","25","93","452","120","92","25","3","39","62","0","0","0","0","https://s.yimg.com/iu/api/res/1.2/7ivXkT40JoDMMK5dOQp_fQ--~C/YXBwaWQ9eXNwb3J0cztjaD0yMzM2O2NyPTE7Y3c9MTc5MDtkeD04NTc7ZHk9MDtmaT11bGNyb3A7aD02MDtxPTEwMDt3PTQ2/https://s.yimg.com/xe/i/us/sp/v/nba_cutout/players_l/11172025/6058.png"
"466.p.6766","209","Fontecchio","Simone","MIA","Available","","SF,PF,F,Util","","","","","181","450","0.402","82","113","557","201","95","35","9","47","98","1","0","0","0","https://s.yimg.com/iu/api/res/1.2/MIwBtqyc.nYTbIppk6elJA--~C/YXBwaWQ9eXNwb3J0cztjaD0yMzM2O2NyPTE7Y3c9MTc5MDtkeD04NTc7ZHk9MDtmaT11bGNyb3A7aD02MDtxPTEwMDt3PTQ2/https://s.yimg.com/xe/i/us/sp/v/nba_cutout/players_l/11172025/6766.png"
"466.p.6711","210","Braun","Christian","DEN","Available","","SG,G,SF,PF,F,Util","90.5","9.4","$5.9","99%","177","345","0.513","74","37","465","189","110","26","11","42","97","0","0","0","0","https://s.yimg.com/iu/api/res/1.2/4m4PmlX07kg1LFH6My2FkA--~C/YXBwaWQ9eXNwb3J0cztjaD0yMzM2O2NyPTE7Y3c9MTc5MDtkeD04NTc7ZHk9MDtmaT11bGNyb3A7aD02MDtxPTEwMDt3PTQ2/https://s.yimg.com/xe/i/us/sp/v/nba_cutout/players_l/11172025/6711.png"
"466.p.10278","211","Walter","Ja'Kobe","TOR","Available","","PG,SG,G,Util","","","","","155","349","0.444","64","91","465","155","70","60","12","33","139","0","0","0","0","https://s.yimg.com/iu/api/res/1.2/N7gOC5oRd9m5_bVsImgKJw--~C/YXBwaWQ9eXNwb3J0cztjaD0yMzM2O2NyPTE7Y3c9MTc5MDtkeD04NTc7ZHk9MDtmaT11bGNyb3A7aD02MDtxPTEwMDt3PTQ2/https://s.yimg.com/xe/i/us/sp/v/nba_cutout/players_l/11172025/10278.1.png"
"466.p.6735","212","Minott","Josh","BKN","Available","","SF,PF,F,Util","","","","","112","222","0.505","41","60","325","152","45","40","20","42","71","0","0","1","0","https://s.yimg.com/iu/api/res/1.2/rxk3bfKYF0otzHklzzpr0g--~C/YXBwaWQ9eXNwb3J0cztjaD0yMzM2O2NyPTE7Y3c9MTc5MDtkeD04NTc7ZHk9MDtmaT11bGNyb3A7aD02MDtxPTEwMDt3PTQ2/https://s.yimg.com/xe/i/us/sp/v/nba_cutout/players_l/02122026/6735.2.png"
"466.p.10283","213","Williams","Cody","UTA","Available","","SG,G,SF,F,Util","","","","","192","402","0.478","62","25","471","165","99","43","26","59","109","0","0","1","0","https://s.yimg.com/iu/api/res/1.2/QdmWheIFZUz0Mh73FYFqgA--~C/YXBwaWQ9eXNwb3J0cztjaD0yMzM2O2NyPTE7Y3c9MTc5MDtkeD04NTc7ZHk9MDtmaT11bGNyb3A7aD02MDtxPTEwMDt3PTQ2/https://s.yimg.com/xe/i/us/sp/v/nba_cutout/players_l/11172025/10283.png"
"466.p.6594","214","Garza","Luka","BOS","Available","","C,Util","","","","","176","305","0.577","82","48","482","248","61","25","24","43","148","0","0","1","0","https://s.yimg.com/iu/api/res/1.2/hBJQyi38ZotiZKeyujRT7g--~C/YXBwaWQ9eXNwb3J0cztjaD0yMzM2O2NyPTE7Y3c9MTc5MDtkeD04NTc7ZHk9MDtmaT11bGNyb3A7aD02MDtxPTEwMDt3PTQ2/https://s.yimg.com/xe/i/us/sp/v/nba_cutout/players_l/11122025/6594.png"
"466.p.10277","215","Scheierman","Baylor","BOS","Available","","SF,F,Util","","","","","125","278","0.450","19","78","347","243","97","37","5","39","93","0","0","4","0","https://s.yimg.com/iu/api/res/1.2/w50wLKoFzvybXz38AEvbJA--~C/YXBwaWQ9eXNwb3J0cztjaD0yMzM2O2NyPTE7Y3c9MTc5MDtkeD04NTc7ZHk9MDtmaT11bGNyb3A7aD02MDtxPTEwMDt3PTQ2/https://s.yimg.com/xe/i/us/sp/v/nba_cutout/players_l/10222024/10277.png"
"466.p.10456","216","Wolf","Danny","BKN","Injured","INJ - Ankle","PF,F,C,Util,IL,IL+","","","","","178","440","0.405","84","68","508","281","127","30","32","73","126","0","0","2","0","https://s.yimg.com/iu/api/res/1.2/pAikcP0whdMAChR0ZCT7lQ--~C/YXBwaWQ9eXNwb3J0cztjaD0yMzM2O2NyPTE7Y3c9MTc5MDtkeD04NTc7ZHk9MDtmaT11bGNyb3A7aD02MDtxPTEwMDt3PTQ2/https://s.yimg.com/xe/i/us/sp/v/nba_cutout/players_l/10202025/10456.png"
"466.p.5636","217","Dunn","Kris","LAC","Available","","PG,SG,G,Util","","","","","214","446","0.480","60","75","563","248","272","121","12","100","177","6","1","0","0","https://s.yimg.com/iu/api/res/1.2/xQFCk.cdlaAPGHtBpj9YCA--~C/YXBwaWQ9eXNwb3J0cztjaD0yMzM2O2NyPTE7Y3c9MTc5MDtkeD04NTc7ZHk9MDtmaT11bGNyb3A7aD02MDtxPTEwMDt3PTQ2/https://s.yimg.com/xe/i/us/sp/v/nba_cutout/players_l/10222024/5636.png"
"466.p.6655","218","Potter","Micah","IND","Available","","PF,F,C,Util","","","","","119","232","0.513","72","58","368","177","55","17","14","34","70","0","0","3","0","https://s.yimg.com/iu/api/res/1.2/h.g.uA4mzlER5bOE4HZhjQ--~C/YXBwaWQ9eXNwb3J0cztjaD0yMzM2O2NyPTE7Y3c9MTc5MDtkeD04NTc7ZHk9MDtmaT11bGNyb3A7aD02MDtxPTEwMDt3PTQ2/https://s.yimg.com/xe/i/us/sp/v/nba_cutout/players_l/01142026/6655.1.png"
"466.p.6552","219","Williams","Ziaire","BKN","Available","","SG,G,SF,F,Util","","","","","178","413","0.431","115","84","555","131","57","74","20","57","115","4","0","0","0","https://s.yimg.com/iu/api/res/1.2/A5c44WOYywgGDmiNh1mcMA--~C/YXBwaWQ9eXNwb3J0cztjaD0yMzM2O2NyPTE7Y3c9MTc5MDtkeD04NTc7ZHk9MDtmaT11bGNyb3A7aD02MDtxPTEwMDt3PTQ2/https://s.yimg.com/xe/i/us/sp/v/nba_cutout/players_l/10312025/6552.png"
"466.p.6516","220","Suggs","Jalen","ORL","Available","","PG,SG,G,Util","103.1","10.7","$3.1","97%","241","552","0.437","91","98","671","186","256","88","37","127","124","8","1","3","1","https://s.yimg.com/iu/api/res/1.2/1O3LBR8X1qAEshamXuyqtg--~C/YXBwaWQ9eXNwb3J0cztjaD0yMzM2O2NyPTE7Y3c9MTc5MDtkeD04NTc7ZHk9MDtmaT11bGNyb3A7aD02MDtxPTEwMDt3PTQ2/https://s.yimg.com/xe/i/us/sp/v/nba_cutout/players_l/11172025/6516.png"
"466.p.6053","221","Brown","Bruce","DEN","Available","","PG,SG,G,Util","","","","","225","477","0.472","86","54","590","289","157","75","18","82","179","1","1","1","0","https://s.yimg.com/iu/api/res/1.2/O2xGk9XKsvjyXQrFXgIhPg--~C/YXBwaWQ9eXNwb3J0cztjaD0yMzM2O2NyPTE7Y3c9MTc5MDtkeD04NTc7ZHk9MDtmaT11bGNyb3A7aD02MDtxPTEwMDt3PTQ2/https://s.yimg.com/xe/i/us/sp/v/nba_cutout/players_l/11172025/6053.png"
"466.p.10316","222","Jenkins","Daniss","DET","Available","","PG,SG,G,Util","","","","","197","479","0.411","100","64","558","135","225","57","12","94","96","3","0","2","0","https://s.yimg.com/iu/api/res/1.2/IHdFsqGAnLkPPVmEotxS8w--~C/YXBwaWQ9eXNwb3J0cztjaD0yMzM2O2NyPTE7Y3c9MTc5MDtkeD04NTc7ZHk9MDtmaT11bGNyb3A7aD02MDtxPTEwMDt3PTQ2/https://s.yimg.com/xe/i/us/sp/v/nba_cutout/players_l/11172025/10316.png"
"466.p.4390","223","Westbrook","Russell","SAC","Injured","INJ - Toe","PG,SG,G,Util,IL,IL+","109.6","11.3","$1.6","18%","358","839","0.427","127","128","971","348","426","83","12","209","147","9","4","16","6","https://s.yimg.com/iu/api/res/1.2/X8LCDWg4Xqq5B6T4il02GA--~C/YXBwaWQ9eXNwb3J0cztjaD0yMzM2O2NyPTE7Y3c9MTc5MDtkeD04NTc7ZHk9MDtmaT11bGNyb3A7aD02MDtxPTEwMDt3PTQ2/https://s.yimg.com/xe/i/us/sp/v/nba_cutout/players_l/11122025/4390.png"
"466.p.6694","224","Murray","Keegan","SAC","Injured","INJ - Ankle","SF,PF,F,Util,IL,IL+","114.6","11.8","$2.3","86%","126","300","0.420","38","31","321","132","38","24","36","27","42","0","0","2","0","https://s.yimg.com/iu/api/res/1.2/_Bt5lKz3sfiC5QE9xfKgDw--~C/YXBwaWQ9eXNwb3J0cztjaD0yMzM2O2NyPTE7Y3c9MTc5MDtkeD04NTc7ZHk9MDtmaT11bGNyb3A7aD02MDtxPTEwMDt3PTQ2/https://s.yimg.com/xe/i/us/sp/v/nba_cutout/players_l/10292024/6694.png"
"466.p.10308","225","Post","Quinten","GSW","Questionable","GTD - Foot","C,Util,IL+","","","","","193","439","0.440","34","93","513","269","94","26","35","56","125","1","0","0","0","https://s.yimg.com/iu/api/res/1.2/mUxKNQN1CswXhIvKI7QgQA--~C/YXBwaWQ9eXNwb3J0cztjaD0yMzM2O2NyPTE7Y3c9MTc5MDtkeD04NTc7ZHk9MDtmaT11bGNyb3A7aD02MDtxPTEwMDt3PTQ2/https://s.yimg.com/xe/i/us/sp/v/nba_cutout/players_l/10292024/10308.png"
"466.p.10448","226","Johnson","Tre","WAS","Available","","PG,SG,G,SF,F,Util","124.8","12.6","$1.6","4%","258","611","0.422","76","111","703","157","112","31","18","87","112","1","0","0","0","https://s.yimg.com/iu/api/res/1.2/LWOY3kP8KyGXvq0QLOLFUQ--~C/YXBwaWQ9eXNwb3J0cztjaD0yMzM2O2NyPTE7Y3c9MTc5MDtkeD04NTc7ZHk9MDtmaT11bGNyb3A7aD02MDtxPTEwMDt3PTQ2/https://s.yimg.com/xe/i/us/sp/v/nba_cutout/players_l/11172025/10448.png"
"466.p.6397","227","Okoro","Isaac","CHI","Available","","SF,PF,F,Util","","","","","193","426","0.453","82","68","536","160","89","38","28","43","147","0","0","0","0","https://s.yimg.com/iu/api/res/1.2/nb0Sx8N_YwXeeE8Extf8OQ--~C/YXBwaWQ9eXNwb3J0cztjaD0yMzM2O2NyPTE7Y3c9MTc5MDtkeD04NTc7ZHk9MDtmaT11bGNyb3A7aD02MDtxPTEwMDt3PTQ2/https://s.yimg.com/xe/i/us/sp/v/nba_cutout/players_l/11132025/6397.png"
"466.p.5642","228","Sabonis","Domantas","SAC","Injured","INJ - Knee","PF,F,C,Util,IL,IL+","18.2","2.2","$40.7","100%","120","221","0.543","56","5","301","216","78","18","4","51","66","0","0","12","0","https://s.yimg.com/iu/api/res/1.2/Q7rT45n4A7.aO3UFkgj3Zw--~C/YXBwaWQ9eXNwb3J0cztjaD0yMzM2O2NyPTE7Y3c9MTc5MDtkeD04NTc7ZHk9MDtmaT11bGNyb3A7aD02MDtxPTEwMDt3PTQ2/https://s.yimg.com/xe/i/us/sp/v/nba_cutout/players_l/10292024/5642.png"
"466.p.6513","229","Green","Jalen","PHX","Available","","PG,SG,G,SF,F,Util","76.3","8.0","$6.6","99%","178","428","0.416","55","63","474","97","76","27","3","55","30","0","0","0","0","https://s.yimg.com/iu/api/res/1.2/GhG8iUGj.BQayhVv46yKxw--~C/YXBwaWQ9eXNwb3J0cztjaD0yMzM2O2NyPTE7Y3c9MTc5MDtkeD04NTc7ZHk9MDtmaT11bGNyb3A7aD02MDtxPTEwMDt3PTQ2/https://s.yimg.com/xe/i/us/sp/v/nba_cutout/players_l/11172025/6513.png"
"466.p.6557","230","Kispert","Corey","ATL","Available","","SF,PF,F,Util","","","","","171","372","0.460","71","77","490","127","88","16","7","43","57","1","0","0","0","https://s.yimg.com/iu/api/res/1.2/d.S_jGQ17al8b1MKn7nSpQ--~C/YXBwaWQ9eXNwb3J0cztjaD0yMzM2O2NyPTE7Y3c9MTc5MDtkeD04NTc7ZHk9MDtmaT11bGNyb3A7aD02MDtxPTEwMDt3PTQ2/https://s.yimg.com/xe/i/us/sp/v/nba_cutout/players_l/02092026/6557.1.png"
"466.p.5824","231","Monk","Malik","SAC","Questionable","GTD - Shoulder","PG,SG,G,Util,IL+","116.8","11.9","$1.7","45%","262","607","0.432","91","117","732","112","178","34","21","82","97","5","0","0","0","https://s.yimg.com/iu/api/res/1.2/NIXCFZMVGSqBaAJ93oo_rw--~C/YXBwaWQ9eXNwb3J0cztjaD0yMzM2O2NyPTE7Y3c9MTc5MDtkeD04NTc7ZHk9MDtmaT11bGNyb3A7aD02MDtxPTEwMDt3PTQ2/https://s.yimg.com/xe/i/us/sp/v/nba_cutout/players_l/10292024/5824.png"
"466.p.6173","232","Johnson","Cameron","DEN","Questionable","GTD - Back","SG,G,SF,PF,F,Util,IL+","95.6","10.0","$5.5","95%","201","430","0.467","87","100","589","181","116","35","19","42","116","2","1","1","0","https://s.yimg.com/iu/api/res/1.2/xiAxow6iIC8QlhQbMPCcdw--~C/YXBwaWQ9eXNwb3J0cztjaD0yMzM2O2NyPTE7Y3c9MTc5MDtkeD04NTc7ZHk9MDtmaT11bGNyb3A7aD02MDtxPTEwMDt3PTQ2/https://s.yimg.com/xe/i/us/sp/v/nba_cutout/players_l/11172025/6173.png"
"466.p.10276","233","McCain","Jared","OKC","Available","","PG,SG,G,Util","121.9","12.2","$1.7","5%","179","430","0.416","47","92","497","125","81","32","5","48","75","0","0","0","0","https://s.yimg.com/iu/api/res/1.2/j5ZimGf.Pdbsd0qCP53tGw--~C/YXBwaWQ9eXNwb3J0cztjaD0yMzM2O2NyPTE7Y3c9MTc5MDtkeD04NTc7ZHk9MDtmaT11bGNyb3A7aD02MDtxPTEwMDt3PTQ2/https://s.yimg.com/xe/i/us/sp/v/nba_cutout/players_l/02072026/10276.png"
"466.p.6450","234","Reed","Paul","DET","Available","","PF,F,C,Util","","","","","170","285","0.596","59","11","410","249","66","49","48","50","102","4","1","2","0","https://s.yimg.com/iu/api/res/1.2/47IIO_mqNUT0LiN7SV_uRg--~C/YXBwaWQ9eXNwb3J0cztjaD0yMzM2O2NyPTE7Y3c9MTc5MDtkeD04NTc7ZHk9MDtmaT11bGNyb3A7aD02MDtxPTEwMDt3PTQ2/https://s.yimg.com/xe/i/us/sp/v/nba_cutout/players_l/11172025/6450.png"
"466.p.10508","235","Love","Caleb","POR","Available","","PG,SG,G,Util","","","","","189","488","0.387","36","93","507","114","123","27","4","61","48","0","0","0","0","https://s.yimg.com/iu/api/res/1.2/XQsr9W.q3u7jXxy6embHow--~C/YXBwaWQ9eXNwb3J0cztjaD0yMzM2O2NyPTE7Y3c9MTc5MDtkeD04NTc7ZHk9MDtmaT11bGNyb3A7aD02MDtxPTEwMDt3PTQ2/https://s.yimg.com/xe/i/us/sp/v/nba_cutout/players_l/11172025/10508.png"
"466.p.10119","236","Murray","Kris","POR","Available","","SF,PF,F,Util","","","","","117","254","0.461","34","31","299","184","67","46","19","41","82","0","0","0","0","https://s.yimg.com/iu/api/res/1.2/uYVVRqrU4l28_S8wTIpPvg--~C/YXBwaWQ9eXNwb3J0cztjaD0yMzM2O2NyPTE7Y3c9MTc5MDtkeD04NTc7ZHk9MDtmaT11bGNyb3A7aD02MDtxPTEwMDt3PTQ2/https://s.yimg.com/xe/i/us/sp/v/nba_cutout/players_l/11172025/10119.png"
"466.p.5903","237","Kornet","Luke","SAS","Available","","C,Util","","","","","159","249","0.639","86","0","404","383","111","28","64","27","110","2","3","3","0","https://s.yimg.com/iu/api/res/1.2/s2v2mAQjIXCyoZM.I2KlGw--~C/YXBwaWQ9eXNwb3J0cztjaD0yMzM2O2NyPTE7Y3c9MTc5MDtkeD04NTc7ZHk9MDtmaT11bGNyb3A7aD02MDtxPTEwMDt3PTQ2/https://s.yimg.com/xe/i/us/sp/v/nba_cutout/players_l/11172025/5903.png"
"466.p.6206","238","Bitadze","Goga","ORL","Available","","C,Util","","","","","129","190","0.679","57","2","317","264","71","33","52","33","117","4","0","1","0","https://s.yimg.com/iu/api/res/1.2/NifdGiDYeqf9WAKETacGBg--~C/YXBwaWQ9eXNwb3J0cztjaD0yMzM2O2NyPTE7Y3c9MTc5MDtkeD04NTc7ZHk9MDtmaT11bGNyb3A7aD02MDtxPTEwMDt3PTQ2/https://s.yimg.com/xe/i/us/sp/v/nba_cutout/players_l/11172025/6206.png"
"466.p.6396","239","Williams","Patrick","CHI","Available","","PF,F,Util","","","","","155","407","0.381","42","83","435","183","83","39","21","62","82","0","0","0","0","https://s.yimg.com/iu/api/res/1.2/aTGMBb0P6P2DC1a.XQlz5g--~C/YXBwaWQ9eXNwb3J0cztjaD0yMzM2O2NyPTE7Y3c9MTc5MDtkeD04NTc7ZHk9MDtmaT11bGNyb3A7aD02MDtxPTEwMDt3PTQ2/https://s.yimg.com/xe/i/us/sp/v/nba_cutout/players_l/10242024/6396.png"
"466.p.10494","240","Small","Javon","MEM","Out","O - Back","PG,SG,G,Util,IL+","","","","","118","253","0.466","61","54","351","119","142","31","9","50","59","1","0","0","0","https://s.yimg.com/iu/api/res/1.2/LFPPbuA3r4RIHFr413EoTw--~C/YXBwaWQ9eXNwb3J0cztjaD0yMzM2O2NyPTE7Y3c9MTc5MDtkeD04NTc7ZHk9MDtmaT11bGNyb3A7aD02MDtxPTEwMDt3PTQ2/https://s.yimg.com/xe/i/us/sp/v/nba_cutout/players_l/11172025/10494.png"
"466.p.6568","241","Hyland","Bones","MIN","Available","","PG,SG,G,Util","","","","","184","404","0.455","53","98","519","104","167","37","15","61","110","2","0","0","0","https://s.yimg.com/iu/api/res/1.2/zzZT070Imr3VANCQ.8A5eA--~C/YXBwaWQ9eXNwb3J0cztjaD0yMzM2O2NyPTE7Y3c9MTc5MDtkeD04NTc7ZHk9MDtmaT11bGNyb3A7aD02MDtxPTEwMDt3PTQ2/https://s.yimg.com/xe/i/us/sp/v/nba_cutout/players_l/11172025/6568.png"
"466.p.10310","242","Edwards","Justin","PHI","Available","","SF,PF,F,Util","","","","","132","290","0.455","31","61","356","89","76","48","11","34","87","0","0","0","0","https://s.yimg.com/iu/api/res/1.2/pHj.xxV5IQI1WpgzZxu8jg--~C/YXBwaWQ9eXNwb3J0cztjaD0yMzM2O2NyPTE7Y3c9MTc5MDtkeD04NTc7ZHk9MDtmaT11bGNyb3A7aD02MDtxPTEwMDt3PTQ2/https://s.yimg.com/xe/i/us/sp/v/nba_cutout/players_l/10282024/10310.png"
"466.p.10075","243","Walsh","Jordan","BOS","Available","","SG,G,SF,PF,F,Util","","","","","119","231","0.515","37","41","316","247","46","42","27","32","123","1","0","2","0","https://s.yimg.com/iu/api/res/1.2/bQt_P.1LHsJfAL5DX1bbgQ--~C/YXBwaWQ9eXNwb3J0cztjaD0yMzM2O2NyPTE7Y3c9MTc5MDtkeD04NTc7ZHk9MDtmaT11bGNyb3A7aD02MDtxPTEwMDt3PTQ2/https://s.yimg.com/xe/i/us/sp/v/nba_cutout/players_l/10222024/10075.png"
"466.p.5651","244","LeVert","Caris","DET","Available","","SG,G,SF,F,Util","","","","","143","346","0.413","49","53","388","103","145","47","34","75","83","1","0","0","0","https://s.yimg.com/iu/api/res/1.2/19EZro7BLjuxe78lQW.t9w--~C/YXBwaWQ9eXNwb3J0cztjaD0yMzM2O2NyPTE7Y3c9MTc5MDtkeD04NTc7ZHk9MDtmaT11bGNyb3A7aD02MDtxPTEwMDt3PTQ2/https://s.yimg.com/xe/i/us/sp/v/nba_cutout/players_l/07102025/5651.png"
"466.p.10113","245","Sheppard","Ben","IND","Available","","SG,G,SF,F,Util","","","","","160","369","0.434","37","82","439","190","107","37","5","39","113","0","0","0","0","https://s.yimg.com/iu/api/res/1.2/hVWh0OMOMy3L8G8dak8g.g--~C/YXBwaWQ9eXNwb3J0cztjaD0yMzM2O2NyPTE7Y3c9MTc5MDtkeD04NTc7ZHk9MDtmaT11bGNyb3A7aD02MDtxPTEwMDt3PTQ2/https://s.yimg.com/xe/i/us/sp/v/nba_cutout/players_l/11172025/10113.png"
"466.p.6031","246","Okogie","Josh","HOU","Available","","SG,G,SF,F,Util","","","","","116","269","0.431","35","59","326","178","59","59","13","37","101","1","0","1","0","https://s.yimg.com/iu/api/res/1.2/o8jmDRf5Y1w3rQXVBeQP0A--~C/YXBwaWQ9eXNwb3J0cztjaD0yMzM2O2NyPTE7Y3c9MTc5MDtkeD04NTc7ZHk9MDtmaT11bGNyb3A7aD02MDtxPTEwMDt3PTQ2/https://s.yimg.com/xe/i/us/sp/v/nba_cutout/players_l/11172025/6031.png"
"466.p.10498","247","James","Sion","CHA","Available","","SG,G,SF,F,Util","","","","","124","328","0.378","80","76","404","253","148","43","20","61","136","0","0","0","0","https://s.yimg.com/iu/api/res/1.2/vVkOxJARMb23QiZWMhM4xg--~C/YXBwaWQ9eXNwb3J0cztjaD0yMzM2O2NyPTE7Y3c9MTc5MDtkeD04NTc7ZHk9MDtmaT11bGNyb3A7aD02MDtxPTEwMDt3PTQ2/https://s.yimg.com/xe/i/us/sp/v/nba_cutout/players_l/11172025/10498.png"
"466.p.5637","248","Hield","Buddy","ATL","Available","","SG,G,SF,F,Util","119.1","11.9","$1.6","5%","131","307","0.427","30","67","359","113","68","38","9","47","57","0","0","0","0","https://s.yimg.com/iu/api/res/1.2/2IDSI.b1TcwK2GIYoMaB4g--~C/YXBwaWQ9eXNwb3J0cztjaD0yMzM2O2NyPTE7Y3c9MTc5MDtkeD04NTc7ZHk9MDtmaT11bGNyb3A7aD02MDtxPTEwMDt3PTQ2/https://s.yimg.com/xe/i/us/sp/v/nba_cutout/players_l/02132026/5637.1.png"
"466.p.5163","249","Adams","Steven","HOU","Injured","INJ - Ankle","C,Util,IL,IL+","","","","","70","139","0.504","47","0","187","276","48","22","20","35","55","0","0","3","0","https://s.yimg.com/iu/api/res/1.2/xGM259kZLQ7OZyPjQlaS5g--~C/YXBwaWQ9eXNwb3J0cztjaD0yMzM2O2NyPTE7Y3c9MTc5MDtkeD04NTc7ZHk9MDtmaT11bGNyb3A7aD02MDtxPTEwMDt3PTQ2/https://s.yimg.com/xe/i/us/sp/v/nba_cutout/players_l/11172025/5163.png"
"466.p.5739","250","Payton II","Gary","GSW","Available","","SG,G,Util","","","","","217","376","0.577","20","37","491","240","115","58","20","58","123","4","1","2","0","https://s.yimg.com/iu/api/res/1.2/2XAQ7cRJi_wDtxPG6wAYKA--~C/YXBwaWQ9eXNwb3J0cztjaD0yMzM2O2NyPTE7Y3c9MTc5MDtkeD04NTc7ZHk9MDtmaT11bGNyb3A7aD02MDtxPTEwMDt3PTQ2/https://s.yimg.com/xe/i/us/sp/v/nba_cutout/players_l/10292024/5739.png"
"466.p.10272","251","George","Kyshawn","WAS","Injured","INJ - Elbow","SG,G,SF,PF,F,Util,IL,IL+","102.6","10.5","$1.7","32%","253","577","0.438","105","99","710","245","214","48","43","125","169","3","1","3","0","https://s.yimg.com/iu/api/res/1.2/6ZbaBdXxTqofqDIklmJfQg--~C/YXBwaWQ9eXNwb3J0cztjaD0yMzM2O2NyPTE7Y3c9MTc5MDtkeD04NTc7ZHk9MDtmaT11bGNyb3A7aD02MDtxPTEwMDt3PTQ2/https://s.yimg.com/xe/i/us/sp/v/nba_cutout/players_l/11172025/10272.png"
"466.p.6037","252","Shamet","Landry","NYK","Injured","INJ - Knee","SG,G,SF,F,Util,IL,IL+","","","","","147","335","0.439","53","95","442","85","67","27","9","28","75","1","0","0","0","https://s.yimg.com/iu/api/res/1.2/bmELWpxoYNfPJBilKDgImw--~C/YXBwaWQ9eXNwb3J0cztjaD0yMzM2O2NyPTE7Y3c9MTc5MDtkeD04NTc7ZHk9MDtmaT11bGNyb3A7aD02MDtxPTEwMDt3PTQ2/https://s.yimg.com/xe/i/us/sp/v/nba_cutout/players_l/12302024/6037.png"
"466.p.5647","253","Yabusele","Guerschon","CHI","Available","","PF,F,C,Util","","","","","105","259","0.405","40","61","311","199","54","24","14","35","71","0","0","4","0","https://s.yimg.com/iu/api/res/1.2/g0WJcnr9aRzXEO8eeeKtcA--~C/YXBwaWQ9eXNwb3J0cztjaD0yMzM2O2NyPTE7Y3c9MTc5MDtkeD04NTc7ZHk9MDtmaT11bGNyb3A7aD02MDtxPTEwMDt3PTQ2/https://s.yimg.com/xe/i/us/sp/v/nba_cutout/players_l/02132026/5647.1.png"
"466.p.10101","254","Dick","Gradey","TOR","Available","","SG,G,SF,F,Util","122.3","12.2","$1.4","3%","153","367","0.417","73","55","434","142","50","43","7","42","95","0","0","1","0","https://s.yimg.com/iu/api/res/1.2/xR8LDigsjjjWX4VCRtLizg--~C/YXBwaWQ9eXNwb3J0cztjaD0yMzM2O2NyPTE7Y3c9MTc5MDtkeD04NTc7ZHk9MDtmaT11bGNyb3A7aD02MDtxPTEwMDt3PTQ2/https://s.yimg.com/xe/i/us/sp/v/nba_cutout/players_l/11172025/10101.1.png"
"466.p.6032","255","Allen","Grayson","PHX","Out","O - Knee","PG,SG,G,SF,F,Util,IL+","122.0","12.4","$1.1","9%","257","630","0.408","129","153","796","138","188","64","12","74","99","3","3","0","0","https://s.yimg.com/iu/api/res/1.2/0zI.A.nMj93i7ewcMZNKDg--~C/YXBwaWQ9eXNwb3J0cztjaD0yMzM2O2NyPTE7Y3c9MTc5MDtkeD04NTc7ZHk9MDtmaT11bGNyb3A7aD02MDtxPTEwMDt3PTQ2/https://s.yimg.com/xe/i/us/sp/v/nba_cutout/players_l/11172025/6032.1.png"
"466.p.6724","256","Williams","Jaylin","OKC","Available","","PF,F,C,Util","","","","","143","334","0.428","69","93","448","327","147","31","39","64","117","4","1","6","0","https://s.yimg.com/iu/api/res/1.2/cSUrFeHF0FnEX9uyxQxdWQ--~C/YXBwaWQ9eXNwb3J0cztjaD0yMzM2O2NyPTE7Y3c9MTc5MDtkeD04NTc7ZHk9MDtmaT11bGNyb3A7aD02MDtxPTEwMDt3PTQ2/https://s.yimg.com/xe/i/us/sp/v/nba_cutout/players_l/11172025/6724.png"
"466.p.6569","257","Thomas","Cam","MIL","NotAvailable","NA","SG,G,SF,F,Util","83.3","8.7","$4.9","100%","189","461","0.410","137","52","567","71","108","9","4","74","43","0","0","0","0","https://s.yimg.com/iu/api/res/1.2/MYxmir1qQK573LGHux43SA--~C/YXBwaWQ9eXNwb3J0cztjaD0yMzM2O2NyPTE7Y3c9MTc5MDtkeD04NTc7ZHk9MDtmaT11bGNyb3A7aD02MDtxPTEwMDt3PTQ2/https://s.yimg.com/xe/i/us/sp/v/nba_cutout/players_l/02132026/6569.1.png"
"466.p.6549","258","Kuminga","Jonathan","ATL","Available","","SF,PF,F,Util","117.0","12.0","$1.2","51%","127","277","0.458","77","29","360","178","74","17","8","63","46","0","0","1","0","https://s.yimg.com/iu/api/res/1.2/1aItg9rRLlP_VVirPfsaWw--~C/YXBwaWQ9eXNwb3J0cztjaD0yMzM2O2NyPTE7Y3c9MTc5MDtkeD04NTc7ZHk9MDtmaT11bGNyb3A7aD02MDtxPTEwMDt3PTQ2/https://s.yimg.com/xe/i/us/sp/v/nba_cutout/players_l/02132026/6549.1.png"
"466.p.10461","259","Clayton Jr.","Walter","MEM","Available","","PG,SG,G,Util","","","","","155","417","0.372","98","64","472","129","249","43","18","103","112","0","0","0","0","https://s.yimg.com/iu/api/res/1.2/A5feTXMORnieitldQyB.nA--~C/YXBwaWQ9eXNwb3J0cztjaD0yMzM2O2NyPTE7Y3c9MTc5MDtkeD04NTc7ZHk9MDtmaT11bGNyb3A7aD02MDtxPTEwMDt3PTQ2/https://s.yimg.com/xe/i/us/sp/v/nba_cutout/players_l/02132026/10461.1.png"
"466.p.6076","260","Williams","Kenrich","OKC","Available","","PF,F,Util","","","","","121","246","0.492","32","44","318","154","66","29","5","37","52","1","0","0","0","https://s.yimg.com/iu/api/res/1.2/LEjP2XbnbG0gzsNP8QjFGQ--~C/YXBwaWQ9eXNwb3J0cztjaD0yMzM2O2NyPTE7Y3c9MTc5MDtkeD04NTc7ZHk9MDtmaT11bGNyb3A7aD02MDtxPTEwMDt3PTQ2/https://s.yimg.com/xe/i/us/sp/v/nba_cutout/players_l/10292024/6076.png"
"466.p.6578","261","McBride","Miles","NYK","Questionable","GTD - Pelvis","PG,SG,G,Util,IL+","","","","","157","365","0.430","35","102","451","92","98","30","7","29","65","0","1","0","0","https://s.yimg.com/iu/api/res/1.2/Lndp9HCYE_m6yz2qrHK1_Q--~C/YXBwaWQ9eXNwb3J0cztjaD0yMzM2O2NyPTE7Y3c9MTc5MDtkeD04NTc7ZHk9MDtmaT11bGNyb3A7aD02MDtxPTEwMDt3PTQ2/https://s.yimg.com/xe/i/us/sp/v/nba_cutout/players_l/11252025/6578.png"
"466.p.10335","262","Bona","Adem","PHI","Available","","C,Util","","","","","117","200","0.585","72","2","308","285","28","27","80","51","140","3","0","1","0","https://s.yimg.com/iu/api/res/1.2/xzFvxEX7FGFCYlNqcxW5QQ--~C/YXBwaWQ9eXNwb3J0cztjaD0yMzM2O2NyPTE7Y3c9MTc5MDtkeD04NTc7ZHk9MDtmaT11bGNyb3A7aD02MDtxPTEwMDt3PTQ2/https://s.yimg.com/xe/i/us/sp/v/nba_cutout/players_l/10282024/10335.png"
"466.p.5357","263","Clarkson","Jordan","NYK","Available","","PG,SG,G,Util","120.1","12.0","$1.2","4%","218","488","0.447","71","70","577","112","87","27","9","59","113","0","0","0","0","https://s.yimg.com/iu/api/res/1.2/kdScWk4XFess8hKZ5wX1uA--~C/YXBwaWQ9eXNwb3J0cztjaD0yMzM2O2NyPTE7Y3c9MTc5MDtkeD04NTc7ZHk9MDtmaT11bGNyb3A7aD02MDtxPTEwMDt3PTQ2/https://s.yimg.com/xe/i/us/sp/v/nba_cutout/players_l/11252025/5357.png"
"466.p.5073","264","Middleton","Khris","DAL","Available","","SF,PF,F,Util","123.5","12.5","$1.4","4%","209","489","0.427","110","59","587","208","163","40","9","94","129","2","0","2","0","https://s.yimg.com/iu/api/res/1.2/Mpx2ASX.Y4lUtta80jBz_A--~C/YXBwaWQ9eXNwb3J0cztjaD0yMzM2O2NyPTE7Y3c9MTc5MDtkeD04NTc7ZHk9MDtmaT11bGNyb3A7aD02MDtxPTEwMDt3PTQ2/https://s.yimg.com/xe/i/us/sp/v/nba_cutout/players_l/02132026/5073.1.png"
"466.p.6755","265","Green","AJ","MIL","Available","","PG,SG,G,SF,F,Util","","","","","218","523","0.417","43","190","669","177","134","34","7","59","161","0","1","0","0","https://s.yimg.com/iu/api/res/1.2/CX9LcZR.qdWdefqV8Y0_YQ--~C/YXBwaWQ9eXNwb3J0cztjaD0yMzM2O2NyPTE7Y3c9MTc5MDtkeD04NTc7ZHk9MDtmaT11bGNyb3A7aD02MDtxPTEwMDt3PTQ2/https://s.yimg.com/xe/i/us/sp/v/nba_cutout/players_l/11172025/6755.png"
"466.p.10393","266","Jones","Spencer","DEN","Questionable","GTD - Hamstring","SG,G,SF,F,Util,IL+","","","","","132","262","0.504","31","57","352","209","51","52","29","31","175","0","0","1","0","https://s.yimg.com/iu/api/res/1.2/GONE10JBFZ.9vuy6hXbBBw--~C/YXBwaWQ9eXNwb3J0cztjaD0yMzM2O2NyPTE7Y3c9MTc5MDtkeD04NTc7ZHk9MDtmaT11bGNyb3A7aD02MDtxPTEwMDt3PTQ2/https://s.yimg.com/xe/i/us/sp/v/nba_cutout/players_l/11172025/10393.png"
"466.p.10333","267","Shead","Jamal","TOR","Available","","PG,G,Util","","","","","165","454","0.363","79","74","483","137","394","70","13","98","149","1","1","2","0","https://s.yimg.com/iu/api/res/1.2/fer4WKfC5J70U80c_v8v1w--~C/YXBwaWQ9eXNwb3J0cztjaD0yMzM2O2NyPTE7Y3c9MTc5MDtkeD04NTc7ZHk9MDtmaT11bGNyb3A7aD02MDtxPTEwMDt3PTQ2/https://s.yimg.com/xe/i/us/sp/v/nba_cutout/players_l/11172025/10333.png"
"466.p.10069","268","Gueye","Mouhamed","ATL","Available","","PF,F,C,Util","","","","","125","273","0.458","39","38","327","256","63","58","36","33","118","5","0","3","0","https://s.yimg.com/iu/api/res/1.2/r3gjVVfB5lSgbTQ2hrPBlg--~C/YXBwaWQ9eXNwb3J0cztjaD0yMzM2O2NyPTE7Y3c9MTc5MDtkeD04NTc7ZHk9MDtmaT11bGNyb3A7aD02MDtxPTEwMDt3PTQ2/https://s.yimg.com/xe/i/us/sp/v/nba_cutout/players_l/11172025/10069.png"
"466.p.6043","269","Carter","Jevon","ORL","Available","","PG,SG,G,Util","","","","","107","270","0.396","15","70","299","76","72","32","9","31","50","0","0","0","0","https://s.yimg.com/iu/api/res/1.2/rbMUQOmFvBt8yHhDh0eesQ--~C/YXBwaWQ9eXNwb3J0cztjaD0yMzM2O2NyPTE7Y3c9MTc5MDtkeD04NTc7ZHk9MDtmaT11bGNyb3A7aD02MDtxPTEwMDt3PTQ2/https://s.yimg.com/xe/i/us/sp/v/nba_cutout/players_l/02132026/6043.3.png"
"466.p.6800","270","Bouyea","Jamaree","PHX","Available","","PG,G,Util","","","","","91","199","0.457","22","20","224","73","68","27","14","22","35","0","0","0","0","https://s.yimg.com/iu/api/res/1.2/ISDo25tDimLc_q02_JuMKw--~C/YXBwaWQ9eXNwb3J0cztjaD0yMzM2O2NyPTE7Y3c9MTc5MDtkeD04NTc7ZHk9MDtmaT11bGNyb3A7aD02MDtxPTEwMDt3PTQ2/https://s.yimg.com/xe/i/us/sp/v/nba_cutout/players_l/01152026/6800.1.png"
"466.p.5484","271","Jones","Tyus","DEN","Available","","PG,G,Util","124.1","12.1","$1.8","2%","71","205","0.346","7","36","185","67","152","37","3","22","30","0","0","0","0","https://s.yimg.com/iu/api/res/1.2/H9fHL8_qynRITIgKXmetLw--~C/YXBwaWQ9eXNwb3J0cztjaD0yMzM2O2NyPTE7Y3c9MTc5MDtkeD04NTc7ZHk9MDtmaT11bGNyb3A7aD02MDtxPTEwMDt3PTQ2/https://s.yimg.com/xe/i/us/sp/v/nba_cutout/players_l/02132026/5484.1.png"
"466.p.6695","272","Ivey","Jaden","CHI","NotAvailable","NA - Knee","PG,SG,G,Util","111.9","11.5","$2.0","57%","114","256","0.445","38","50","316","91","68","23","14","41","53","0","0","0","0","https://s.yimg.com/iu/api/res/1.2/BaREnX3xkp3_f1_xlzP7rA--~C/YXBwaWQ9eXNwb3J0cztjaD0yMzM2O2NyPTE7Y3c9MTc5MDtkeD04NTc7ZHk9MDtmaT11bGNyb3A7aD02MDtxPTEwMDt3PTQ2/https://s.yimg.com/xe/i/us/sp/v/nba_cutout/players_l/02132026/6695.1.png"
"466.p.5341","273","Anderson","Kyle","MIN","Available","","PF,F,C,Util","","","","","89","167","0.533","43","4","225","122","97","36","19","35","81","0","0","0","0","https://s.yimg.com/iu/api/res/1.2/PWdQSP39wOzWgUyQ0lG6pQ--~C/YXBwaWQ9eXNwb3J0cztjaD0yMzM2O2NyPTE7Y3c9MTc5MDtkeD04NTc7ZHk9MDtmaT11bGNyb3A7aD02MDtxPTEwMDt3PTQ2/https://s.yimg.com/xe/i/us/sp/v/nba_cutout/players_l/02132026/5341.1.png"
"466.p.6730","274","McGowens","Bryce","NOP","Injured","INJ - Toe","PG,SG,G,Util,IL,IL+","","","","","114","237","0.481","74","38","340","88","62","27","8","17","88","0","0","0","0","https://s.yimg.com/iu/api/res/1.2/hCXmN2QGBp_5EO_yzmZmfg--~C/YXBwaWQ9eXNwb3J0cztjaD0yMzM2O2NyPTE7Y3c9MTc5MDtkeD04NTc7ZHk9MDtmaT11bGNyb3A7aD02MDtxPTEwMDt3PTQ2/https://s.yimg.com/xe/i/us/sp/v/nba_cutout/players_l/11172025/6730.png"
"466.p.6741","275","Martin","Tyrese","PHI","Available","","PG,SG,G,SF,F,Util","","","","","109","277","0.394","19","53","290","116","78","25","6","40","33","0","0","0","0","https://s.yimg.com/iu/api/res/1.2/W4i9IUWCiPwQmxad8LCv7g--~C/YXBwaWQ9eXNwb3J0cztjaD0yMzM2O2NyPTE7Y3c9MTc5MDtkeD04NTc7ZHk9MDtmaT11bGNyb3A7aD02MDtxPTEwMDt3PTQ2/https://s.yimg.com/xe/i/us/sp/v/nba_cutout/players_l/10312025/6741.png"
"466.p.10080","276","Jackson-Davis","Trayce","TOR","Available","","C,Util","","","","","68","120","0.567","36","1","173","139","39","17","23","22","43","0","0","1","0","https://s.yimg.com/iu/api/res/1.2/zMLyD4aCiTXoR3clJOm2oQ--~C/YXBwaWQ9eXNwb3J0cztjaD0yMzM2O2NyPTE7Y3c9MTc5MDtkeD04NTc7ZHk9MDtmaT11bGNyb3A7aD02MDtxPTEwMDt3PTQ2/https://s.yimg.com/xe/i/us/sp/v/nba_cutout/players_l/02132026/10080.1.png"
"466.p.10121","277","Clowney","Noah","BKN","Available","","PF,F,C,Util","","","","","245","618","0.396","174","129","793","266","107","49","43","98","163","6","1","1","0","https://s.yimg.com/iu/api/res/1.2/kQjKOmNAKGLOwG6YuGHmKQ--~C/YXBwaWQ9eXNwb3J0cztjaD0yMzM2O2NyPTE7Y3c9MTc5MDtkeD04NTc7ZHk9MDtmaT11bGNyb3A7aD02MDtxPTEwMDt3PTQ2/https://s.yimg.com/xe/i/us/sp/v/nba_cutout/players_l/10312025/10121.png"
"466.p.6701","278","Dieng","Ousmane","MIL","Available","","SF,PF,F,C,Util","","","","","119","278","0.428","15","55","308","126","87","21","15","46","66","0","0","2","0","https://s.yimg.com/iu/api/res/1.2/uFw7B7Ff35pZt1o.fJDbbA--~C/YXBwaWQ9eXNwb3J0cztjaD0yMzM2O2NyPTE7Y3c9MTc5MDtkeD04NTc7ZHk9MDtmaT11bGNyb3A7aD02MDtxPTEwMDt3PTQ2/https://s.yimg.com/xe/i/us/sp/v/nba_cutout/players_l/02132026/6701.1.png"
"466.p.10469","279","Clifford","Nique","SAC","Available","","SG,G,SF,F,Util","","","","","209","514","0.407","54","67","539","251","152","63","22","96","143","1","1","0","0","https://s.yimg.com/iu/api/res/1.2/ibYQ66fAKz43oQpSY.EqwQ--~C/YXBwaWQ9eXNwb3J0cztjaD0yMzM2O2NyPTE7Y3c9MTc5MDtkeD04NTc7ZHk9MDtmaT11bGNyb3A7aD02MDtxPTEwMDt3PTQ2/https://s.yimg.com/xe/i/us/sp/v/nba_cutout/players_l/10202025/10469.png"
"466.p.10112","280","Strawther","Julian","DEN","Available","","SG,G,SF,F,Util","","","","","122","267","0.457","50","45","339","101","52","21","4","30","62","0","0","0","0","https://s.yimg.com/iu/api/res/1.2/BNLhT0X_ivbJm_PB6GvCmA--~C/YXBwaWQ9eXNwb3J0cztjaD0yMzM2O2NyPTE7Y3c9MTc5MDtkeD04NTc7ZHk9MDtmaT11bGNyb3A7aD02MDtxPTEwMDt3PTQ2/https://s.yimg.com/xe/i/us/sp/v/nba_cutout/players_l/11172025/10112.png"
"466.p.6471","281","Gill","Anthony","WAS","Available","","PF,F,Util","","","","","96","160","0.600","18","10","220","124","52","26","17","34","69","0","0","0","0","https://s.yimg.com/iu/api/res/1.2/IsrDk3xpp9f7tmWuFUsGYw--~C/YXBwaWQ9eXNwb3J0cztjaD0yMzM2O2NyPTE7Y3c9MTc5MDtkeD04NTc7ZHk9MDtmaT11bGNyb3A7aD02MDtxPTEwMDt3PTQ2/https://s.yimg.com/xe/i/us/sp/v/nba_cutout/players_l/11172025/6471.png"
"466.p.10117","282","Brown","Kobe","IND","Available","","PF,F,C,Util","","","","","100","219","0.457","42","42","284","146","59","19","12","43","61","0","0","0","0","https://s.yimg.com/iu/api/res/1.2/X6BUa3gPI5Ey5Xxuib5gsQ--~C/YXBwaWQ9eXNwb3J0cztjaD0yMzM2O2NyPTE7Y3c9MTc5MDtkeD04NTc7ZHk9MDtmaT11bGNyb3A7aD02MDtxPTEwMDt3PTQ2/https://s.yimg.com/xe/i/us/sp/v/nba_cutout/players_l/02132026/10117.1.png"
"466.p.4391","283","Love","Kevin","UTA","Available","","PF,F,C,Util","","","","","79","199","0.397","37","53","248","215","67","14","9","30","54","1","0","2","0","https://s.yimg.com/iu/api/res/1.2/O_wTFfHLMiHTnIk3f4ld7g--~C/YXBwaWQ9eXNwb3J0cztjaD0yMzM2O2NyPTE7Y3c9MTc5MDtkeD04NTc7ZHk9MDtmaT11bGNyb3A7aD02MDtxPTEwMDt3PTQ2/https://s.yimg.com/xe/i/us/sp/v/nba_cutout/players_l/11172025/4391.png"
"466.p.10511","284","Nembhard","Ryan","DAL","Available","","PG,G,Util","","","","","135","322","0.419","16","43","329","102","258","19","1","73","70","0","0","3","0","https://s.yimg.com/iu/api/res/1.2/6QpZZRGwJofycjEUB4nREg--~C/YXBwaWQ9eXNwb3J0cztjaD0yMzM2O2NyPTE7Y3c9MTc5MDtkeD04NTc7ZHk9MDtmaT11bGNyb3A7aD02MDtxPTEwMDt3PTQ2/https://s.yimg.com/xe/i/us/sp/v/nba_cutout/players_l/10202025/10511.png"
"466.p.5765","285","Tatum","Jayson","BOS","Out","O - Achilles","SF,PF,F,Util,IL+","108.5","11.2","$2.3","16%","79","198","0.399","40","32","230","100","46","12","2","22","16","1","0","6","0","https://s.yimg.com/iu/api/res/1.2/PKI_YI_Q02BdUnHYN4D_.Q--~C/YXBwaWQ9eXNwb3J0cztjaD0yMzM2O2NyPTE7Y3c9MTc5MDtkeD04NTc7ZHk9MDtmaT11bGNyb3A7aD02MDtxPTEwMDt3PTQ2/https://s.yimg.com/xe/i/us/sp/v/nba_cutout/players_l/01292026/5765.1.png"
"466.p.5187","286","Schröder","Dennis","CLE","Available","","PG,SG,G,Util","120.4","12.4","$1.4","70%","233","581","0.401","155","71","692","171","308","50","10","113","98","4","2","2","0","https://s.yimg.com/iu/api/res/1.2/vicHNTLYiSg0U0XoU53UtQ--~C/YXBwaWQ9eXNwb3J0cztjaD0yMzM2O2NyPTE7Y3c9MTc5MDtkeD04NTc7ZHk9MDtmaT11bGNyb3A7aD02MDtxPTEwMDt3PTQ2/https://s.yimg.com/xe/i/us/sp/v/nba_cutout/players_l/02042026/5187.3.png"
"466.p.10078","287","Vukcevic","Tristan","WAS","Available","","PF,F,C,Util","","","","","142","298","0.477","80","46","410","142","52","18","32","60","76","3","0","1","0","https://s.yimg.com/iu/api/res/1.2/Wc4UE52zSerW7sH9QyM7cA--~C/YXBwaWQ9eXNwb3J0cztjaD0yMzM2O2NyPTE7Y3c9MTc5MDtkeD04NTc7ZHk9MDtmaT11bGNyb3A7aD02MDtxPTEwMDt3PTQ2/https://s.yimg.com/xe/i/us/sp/v/nba_cutout/players_l/11172025/10078.png"
"466.p.4487","288","Batum","Nicolas","LAC","Available","","SF,PF,F,Util","","","","","92","231","0.398","9","88","281","179","61","47","22","36","94","0","1","0","0","https://s.yimg.com/iu/api/res/1.2/PBrdyJT1wi2BYHSnHpHPBw--~C/YXBwaWQ9eXNwb3J0cztjaD0yMzM2O2NyPTE7Y3c9MTc5MDtkeD04NTc7ZHk9MDtmaT11bGNyb3A7aD02MDtxPTEwMDt3PTQ2/https://s.yimg.com/xe/i/us/sp/v/nba_cutout/players_l/10222024/4487.png"
"466.p.5768","289","Isaac","Jonathan","ORL","Injured","INJ - Knee","SF,PF,F,Util,IL,IL+","","","","","46","109","0.422","35","7","134","132","22","20","31","18","41","0","0","0","0","https://s.yimg.com/iu/api/res/1.2/fsDPF.N2l8pQ3RR3_ohlAA--~C/YXBwaWQ9eXNwb3J0cztjaD0yMzM2O2NyPTE7Y3c9MTc5MDtkeD04NTc7ZHk9MDtmaT11bGNyb3A7aD02MDtxPTEwMDt3PTQ2/https://s.yimg.com/xe/i/us/sp/v/nba_cutout/players_l/11172025/5768.png"
"466.p.5159","290","Caldwell-Pope","Kentavious","MEM","Injured","INJ - Finger","SG,G,SF,F,Util,IL,IL+","","","","","150","366","0.410","73","55","428","125","139","43","8","61","57","5","0","0","0","https://s.yimg.com/iu/api/res/1.2/mYwnFbBmSpaTxrloBC7FJA--~C/YXBwaWQ9eXNwb3J0cztjaD0yMzM2O2NyPTE7Y3c9MTc5MDtkeD04NTc7ZHk9MDtmaT11bGNyb3A7aD02MDtxPTEwMDt3PTQ2/https://s.yimg.com/xe/i/us/sp/v/nba_cutout/players_l/11172025/5159.png"
"466.p.6175","291","Herro","Tyler","MIA","Available","","PG,SG,G,Util","70.8","7.5","$10.1","100%","217","447","0.485","89","72","595","132","108","21","9","53","47","3","2","0","0","https://s.yimg.com/iu/api/res/1.2/BaG7v3F3ZvkIlnIl5A1QaA--~C/YXBwaWQ9eXNwb3J0cztjaD0yMzM2O2NyPTE7Y3c9MTc5MDtkeD04NTc7ZHk9MDtmaT11bGNyb3A7aD02MDtxPTEwMDt3PTQ2/https://s.yimg.com/xe/i/us/sp/v/nba_cutout/players_l/11172025/6175.png"
"466.p.10479","292","Penda","Noah","ORL","Available","","SF,F,Util","","","","","82","198","0.414","33","30","227","184","65","30","18","42","68","1","0","2","0","https://s.yimg.com/iu/api/res/1.2/pjsmSg8FrW49iyMOFNbOtQ--~C/YXBwaWQ9eXNwb3J0cztjaD0yMzM2O2NyPTE7Y3c9MTc5MDtkeD04NTc7ZHk9MDtmaT11bGNyb3A7aD02MDtxPTEwMDt3PTQ2/https://s.yimg.com/xe/i/us/sp/v/nba_cutout/players_l/11172025/10479.png"
"466.p.6772","293","Spencer","Pat","GSW","Available","","PG,SG,G,Util","","","","","159","370","0.430","41","49","408","138","204","44","4","72","69","2","1","1","0","https://s.yimg.com/iu/api/res/1.2/ZVJpM7QJBsoglYpo3gkw3A--~C/YXBwaWQ9eXNwb3J0cztjaD0yMzM2O2NyPTE7Y3c9MTc5MDtkeD04NTc7ZHk9MDtmaT11bGNyb3A7aD02MDtxPTEwMDt3PTQ2/https://s.yimg.com/xe/i/us/sp/v/nba_cutout/players_l/10292024/6772.png"
"466.p.6707","294","Eason","Tari","HOU","Available","","SG,G,SF,PF,F,Util","112.5","11.6","$4.3","70%","208","506","0.411","41","83","540","331","80","63","26","74","120","4","2","6","0","https://s.yimg.com/iu/api/res/1.2/45Bnlmb_e3h.cw16FwgtiA--~C/YXBwaWQ9eXNwb3J0cztjaD0yMzM2O2NyPTE7Y3c9MTc5MDtkeD04NTc7ZHk9MDtmaT11bGNyb3A7aD02MDtxPTEwMDt3PTQ2/https://s.yimg.com/xe/i/us/sp/v/nba_cutout/players_l/11172025/6707.png"
"466.p.10050","295","Miller","Leonard","CHI","Available","","SF,PF,F,Util","","","","","91","170","0.535","27","18","227","120","24","12","8","23","42","0","0","1","0","https://s.yimg.com/iu/api/res/1.2/VrcTr5py7Dn5UL67JZjmAA--~C/YXBwaWQ9eXNwb3J0cztjaD0yMzM2O2NyPTE7Y3c9MTc5MDtkeD04NTc7ZHk9MDtmaT11bGNyb3A7aD02MDtxPTEwMDt3PTQ2/https://s.yimg.com/xe/i/us/sp/v/nba_cutout/players_l/02132026/10050.1.png"
"466.p.10086","296","Clark","Jaylen","MIN","Available","","SG,G,SF,F,Util","","","","","85","197","0.431","44","26","240","111","34","39","8","21","77","0","0","0","0","https://s.yimg.com/iu/api/res/1.2/7cElTXzv2g1lir1f8CWSRA--~C/YXBwaWQ9eXNwb3J0cztjaD0yMzM2O2NyPTE7Y3c9MTc5MDtkeD04NTc7ZHk9MDtmaT11bGNyb3A7aD02MDtxPTEwMDt3PTQ2/https://s.yimg.com/xe/i/us/sp/v/nba_cutout/players_l/11172025/10086.png"
"466.p.10293","297","Carter","Devin","SAC","Available","","PG,SG,G,Util","","","","","89","219","0.406","54","21","253","91","73","26","5","42","37","0","0","0","0","https://s.yimg.com/iu/api/res/1.2/8ITQngGLFxZsO.DgOE8pzA--~C/YXBwaWQ9eXNwb3J0cztjaD0yMzM2O2NyPTE7Y3c9MTc5MDtkeD04NTc7ZHk9MDtmaT11bGNyb3A7aD02MDtxPTEwMDt3PTQ2/https://s.yimg.com/xe/i/us/sp/v/nba_cutout/players_l/10292024/10293.png"
"466.p.10397","298","Tomlin","Nae'Qwan","CLE","Available","","PF,F,Util","","","","","128","273","0.469","42","20","318","154","44","39","30","23","112","2","0","0","0","https://s.yimg.com/iu/api/res/1.2/gh_NIXOP9canxfWYvJzz5Q--~C/YXBwaWQ9eXNwb3J0cztjaD0yMzM2O2NyPTE7Y3c9MTc5MDtkeD04NTc7ZHk9MDtmaT11bGNyb3A7aD02MDtxPTEwMDt3PTQ2/https://s.yimg.com/xe/i/us/sp/v/nba_cutout/players_l/10202025/10397.png"
"466.p.10457","299","Powell","Drake","BKN","Available","","SG,G,Util","","","","","126","299","0.421","59","47","358","95","83","28","10","54","80","0","0","0","0","https://s.yimg.com/iu/api/res/1.2/ogxYjt4DKVRVXhUaSbTjfQ--~C/YXBwaWQ9eXNwb3J0cztjaD0yMzM2O2NyPTE7Y3c9MTc5MDtkeD04NTc7ZHk9MDtmaT11bGNyb3A7aD02MDtxPTEwMDt3PTQ2/https://s.yimg.com/xe/i/us/sp/v/nba_cutout/players_l/10202025/10457.png"
"466.p.6052","300","Vanderbilt","Jarred","LAL","Available","","PF,F,C,Util","","","","","99","213","0.465","30","27","255","259","70","47","18","49","100","3","0","1","0","https://s.yimg.com/iu/api/res/1.2/4FLh4ejkiMatjt.C6dcufA--~C/YXBwaWQ9eXNwb3J0cztjaD0yMzM2O2NyPTE7Y3c9MTc5MDtkeD04NTc7ZHk9MDtmaT11bGNyb3A7aD02MDtxPTEwMDt3PTQ2/https://s.yimg.com/xe/i/us/sp/v/nba_cutout/players_l/10292024/6052.png"
"466.p.10074","301","Pickett","Jalen","DEN","Available","","PG,SG,G,Util","","","","","87","205","0.424","13","44","231","107","104","13","4","30","40","0","0","0","0","https://s.yimg.com/iu/api/res/1.2/iSP385OOq6J2P1NXiZ9G5w--~C/YXBwaWQ9eXNwb3J0cztjaD0yMzM2O2NyPTE7Y3c9MTc5MDtkeD04NTc7ZHk9MDtmaT11bGNyb3A7aD02MDtxPTEwMDt3PTQ2/https://s.yimg.com/xe/i/us/sp/v/nba_cutout/players_l/11172025/10074.png"
"466.p.6212","302","Jerome","Ty","MEM","Injured","INJ - Ankle","PG,SG,G,Util,IL,IL+","135.8","13.3","$1.2","3%","102","215","0.474","49","42","295","42","85","16","4","27","31","2","0","0","0","https://s.yimg.com/iu/api/res/1.2/8gYr9rNft86utpMZGNy_mQ--~C/YXBwaWQ9eXNwb3J0cztjaD0yMzM2O2NyPTE7Y3c9MTc5MDtkeD04NTc7ZHk9MDtmaT11bGNyb3A7aD02MDtxPTEwMDt3PTQ2/https://s.yimg.com/xe/i/us/sp/v/nba_cutout/players_l/11172025/6212.png"
"466.p.6717","303","Jović","Nikola","MIA","Available","","PF,F,C,Util","123.0","12.6","$1.3","44%","113","308","0.367","69","44","339","153","100","26","17","65","64","1","0","0","0","https://s.yimg.com/iu/api/res/1.2/62OaQKZ0pwXyiSb57wiqSA--~C/YXBwaWQ9eXNwb3J0cztjaD0yMzM2O2NyPTE7Y3c9MTc5MDtkeD04NTc7ZHk9MDtmaT11bGNyb3A7aD02MDtxPTEwMDt3PTQ2/https://s.yimg.com/xe/i/us/sp/v/nba_cutout/players_l/11172025/6717.png"
"466.p.10342","304","Carlson","Branden","OKC","Available","","C,Util","","","","","70","135","0.519","9","21","170","94","21","6","18","13","31","0","0","1","0","https://s.yimg.com/iu/api/res/1.2/GVY6pDipjpM64gED9utvMg--~C/YXBwaWQ9eXNwb3J0cztjaD0yMzM2O2NyPTE7Y3c9MTc5MDtkeD04NTc7ZHk9MDtmaT11bGNyb3A7aD02MDtxPTEwMDt3PTQ2/https://s.yimg.com/xe/i/us/sp/v/nba_cutout/players_l/11172025/10342.png"
"466.p.6410","305","Green","Josh","CHA","Available","","SG,G,SF,F,Util","","","","","78","169","0.462","25","53","234","96","45","33","5","32","59","1","0","0","0","https://s.yimg.com/iu/api/res/1.2/Ug64hkmTQCXLjxWnJc0B5Q--~C/YXBwaWQ9eXNwb3J0cztjaD0yMzM2O2NyPTE7Y3c9MTc5MDtkeD04NTc7ZHk9MDtmaT11bGNyb3A7aD02MDtxPTEwMDt3PTQ2/https://s.yimg.com/xe/i/us/sp/v/nba_cutout/players_l/11172025/6410.png"
"466.p.10524","306","Cisse","Moussa","DAL","Available","","C,Util","","","","","49","83","0.590","29","0","127","166","8","12","37","25","61","0","0","1","0","https://s.yimg.com/iu/api/res/1.2/GDiQrIsMCXs0lGkeAAYC4w--~C/YXBwaWQ9eXNwb3J0cztjaD0yMzM2O2NyPTE7Y3c9MTc5MDtkeD04NTc7ZHk9MDtmaT11bGNyb3A7aD02MDtxPTEwMDt3PTQ2/https://s.yimg.com/xe/i/us/sp/v/nba_cutout/players_l/10202025/10524.png"
"466.p.6275","307","Martin","Caleb","DAL","Injured","INJ - Heel","SF,PF,F,Util,IL,IL+","","","","","85","189","0.450","37","20","227","143","81","40","15","40","86","1","0","0","0","https://s.yimg.com/iu/api/res/1.2/JCwjbeW6ucDOCSN58LHhGA--~C/YXBwaWQ9eXNwb3J0cztjaD0yMzM2O2NyPTE7Y3c9MTc5MDtkeD04NTc7ZHk9MDtmaT11bGNyb3A7aD02MDtxPTEwMDt3PTQ2/https://s.yimg.com/xe/i/us/sp/v/nba_cutout/players_l/11172025/6275.png"
"466.p.4246","308","Conley","Mike","MIN","Available","","PG,G,Util","","","","","59","189","0.312","41","44","203","86","146","28","13","28","70","0","0","0","0","https://s.yimg.com/iu/api/res/1.2/epn_R8vBWvk9SHd9aNo8Nw--~C/YXBwaWQ9eXNwb3J0cztjaD0yMzM2O2NyPTE7Y3c9MTc5MDtkeD04NTc7ZHk9MDtmaT11bGNyb3A7aD02MDtxPTEwMDt3PTQ2/https://s.yimg.com/xe/i/us/sp/v/nba_cutout/players_l/11172025/4246.png"
"466.p.5660","309","Murray","Dejounte","NOP","Available","","PG,SG,G,Util","123.5","12.5","$2.3","24%","84","172","0.488","38","19","225","67","84","21","3","42","32","1","0","1","0","https://s.yimg.com/iu/api/res/1.2/bmdOeWyMsmqiqE8yRcQxKQ--~C/YXBwaWQ9eXNwb3J0cztjaD0yMzM2O2NyPTE7Y3c9MTc5MDtkeD04NTc7ZHk9MDtmaT11bGNyb3A7aD02MDtxPTEwMDt3PTQ2/https://s.yimg.com/xe/i/us/sp/v/nba_cutout/players_l/11172025/5660.png"
"466.p.10295","310","Salaün","Tidjane","CHA","Injured","INJ - Calf","PF,F,Util,IL,IL+","","","","","80","158","0.506","26","36","222","149","27","16","7","25","54","1","0","1","0","https://s.yimg.com/iu/api/res/1.2/Gbl2jGJRwYdgIbrQ1UYRbw--~C/YXBwaWQ9eXNwb3J0cztjaD0yMzM2O2NyPTE7Y3c9MTc5MDtkeD04NTc7ZHk9MDtmaT11bGNyb3A7aD02MDtxPTEwMDt3PTQ2/https://s.yimg.com/xe/i/us/sp/v/nba_cutout/players_l/11172025/10295.png"
"466.p.10287","311","Edey","Zach","MEM","Injured","INJ - Ankle","C,Util,IL,IL+","117.5","12.1","$2.9","75%","62","98","0.633","25","1","150","122","12","7","21","26","37","1","0","5","0","https://s.yimg.com/iu/api/res/1.2/7rgZBFX22mrV_.DitPkgCQ--~C/YXBwaWQ9eXNwb3J0cztjaD0yMzM2O2NyPTE7Y3c9MTc5MDtkeD04NTc7ZHk9MDtmaT11bGNyb3A7aD02MDtxPTEwMDt3PTQ2/https://s.yimg.com/xe/i/us/sp/v/nba_cutout/players_l/11172025/10287.png"
"466.p.10168","312","Nance","Pete","MIL","Available","","PF,F,Util","","","","","77","147","0.524","1","38","193","98","34","11","10","20","46","0","0","0","0","https://s.yimg.com/iu/api/res/1.2/Ol0cf_hukt3L.clRImgvaA--~C/YXBwaWQ9eXNwb3J0cztjaD0yMzM2O2NyPTE7Y3c9MTc5MDtkeD04NTc7ZHk9MDtmaT11bGNyb3A7aD02MDtxPTEwMDt3PTQ2/https://s.yimg.com/xe/i/us/sp/v/nba_cutout/players_l/11172025/10168.png"
"466.p.5356","313","Powell","Dwight","DAL","Available","","C,Util","","","","","57","86","0.663","64","1","179","205","52","27","18","34","108","1","0","3","0","https://s.yimg.com/iu/api/res/1.2/I2yZ4JJyLnvoBQjExRwF1w--~C/YXBwaWQ9eXNwb3J0cztjaD0yMzM2O2NyPTE7Y3c9MTc5MDtkeD04NTc7ZHk9MDtmaT11bGNyb3A7aD02MDtxPTEwMDt3PTQ2/https://s.yimg.com/xe/i/us/sp/v/nba_cutout/players_l/11172025/5356.png"
"466.p.6048","314","Trent Jr.","Gary","MIL","Available","","SG,G,SF,F,Util","","","","","176","448","0.393","38","119","509","64","77","33","3","38","81","4","0","0","0","https://s.yimg.com/iu/api/res/1.2/bHLgKs3iSIPIX_RoUcQF5w--~C/YXBwaWQ9eXNwb3J0cztjaD0yMzM2O2NyPTE7Y3c9MTc5MDtkeD04NTc7ZHk9MDtmaT11bGNyb3A7aD02MDtxPTEwMDt3PTQ2/https://s.yimg.com/xe/i/us/sp/v/nba_cutout/players_l/11172025/6048.png"
"466.p.10106","315","Howard","Jett","ORL","Available","","SF,F,Util","","","","","99","239","0.414","34","51","283","84","44","10","10","14","64","0","0","0","0","https://s.yimg.com/iu/api/res/1.2/XzK0V.4BxodH84xwXV8zyA--~C/YXBwaWQ9eXNwb3J0cztjaD0yMzM2O2NyPTE7Y3c9MTc5MDtkeD04NTc7ZHk9MDtmaT11bGNyb3A7aD02MDtxPTEwMDt3PTQ2/https://s.yimg.com/xe/i/us/sp/v/nba_cutout/players_l/11172025/10106.png"
"466.p.10127","316","Tshiebwe","Oscar","UTA","Available","","PF,F,C,Util","","","","","51","80","0.638","18","0","120","105","22","10","3","10","24","0","0","0","0","https://s.yimg.com/iu/api/res/1.2/3vlYeUsxR6FapUr5oD.Fkw--~C/YXBwaWQ9eXNwb3J0cztjaD0yMzM2O2NyPTE7Y3c9MTc5MDtkeD04NTc7ZHk9MDtmaT11bGNyb3A7aD02MDtxPTEwMDt3PTQ2/https://s.yimg.com/xe/i/us/sp/v/nba_cutout/players_l/11172025/10127.png"
"466.p.10459","317","González","Hugo","BOS","Available","","SF,F,Util","","","","","110","234","0.470","13","39","272","236","39","39","21","35","118","0","1","2","0","https://s.yimg.com/iu/api/res/1.2/Ai9K03lrfux.QM2MneJuMA--~C/YXBwaWQ9eXNwb3J0cztjaD0yMzM2O2NyPTE7Y3c9MTc5MDtkeD04NTc7ZHk9MDtmaT11bGNyb3A7aD02MDtxPTEwMDt3PTQ2/https://s.yimg.com/xe/i/us/sp/v/nba_cutout/players_l/10202025/10459.png"
"466.p.6208","318","Thybulle","Matisse","POR","Available","","SG,G,SF,F,Util","","","","","43","99","0.434","18","27","131","48","20","44","12","21","37","2","0","0","0","https://s.yimg.com/iu/api/res/1.2/ls8YYVNJanLoPnHhL7iq5w--~C/YXBwaWQ9eXNwb3J0cztjaD0yMzM2O2NyPTE7Y3c9MTc5MDtkeD04NTc7ZHk9MDtmaT11bGNyb3A7aD02MDtxPTEwMDt3PTQ2/https://s.yimg.com/xe/i/us/sp/v/nba_cutout/players_l/11172025/6208.png"
"466.p.10471","319","Diawara","Mohamed","NYK","Available","","PF,F,Util","","","","","84","195","0.431","12","48","228","88","44","14","6","28","47","0","0","0","0","https://s.yimg.com/iu/api/res/1.2/8n85e8fh5yNJzqrq6uWD2Q--~C/YXBwaWQ9eXNwb3J0cztjaD0yMzM2O2NyPTE7Y3c9MTc5MDtkeD04NTc7ZHk9MDtmaT11bGNyb3A7aD02MDtxPTEwMDt3PTQ2/https://s.yimg.com/xe/i/us/sp/v/nba_cutout/players_l/11252025/10471.png"
"466.p.10451","320","Newell","Asa","ATL","Available","","PF,F,Util","","","","","80","149","0.537","14","27","201","81","20","15","13","21","62","0","0","1","0","https://s.yimg.com/iu/api/res/1.2/Sg7oFuEqjlihWNcZ1Q5SjQ--~C/YXBwaWQ9eXNwb3J0cztjaD0yMzM2O2NyPTE7Y3c9MTc5MDtkeD04NTc7ZHk9MDtmaT11bGNyb3A7aD02MDtxPTEwMDt3PTQ2/https://s.yimg.com/xe/i/us/sp/v/nba_cutout/players_l/10202025/10451.png"
"466.p.10305","321","Furphy","Johnny","IND","Injured","INJ - Knee","SG,G,SF,F,Util,IL,IL+","","","","","70","149","0.470","17","23","180","153","41","20","7","29","65","0","0","1","0","https://s.yimg.com/iu/api/res/1.2/IY4CZpnGZALDogoQDDMIeA--~C/YXBwaWQ9eXNwb3J0cztjaD0yMzM2O2NyPTE7Y3c9MTc5MDtkeD04NTc7ZHk9MDtmaT11bGNyb3A7aD02MDtxPTEwMDt3PTQ2/https://s.yimg.com/xe/i/us/sp/v/nba_cutout/players_l/11172025/10305.1.png"
"466.p.6400","322","Toppin","Obi","IND","Available","","PF,F,Util","124.2","12.4","$1.2","3%","64","127","0.504","23","22","173","70","38","9","1","20","24","0","0","0","0","https://s.yimg.com/iu/api/res/1.2/qWKu5uwkv40Fe_zVmujDxw--~C/YXBwaWQ9eXNwb3J0cztjaD0yMzM2O2NyPTE7Y3c9MTc5MDtkeD04NTc7ZHk9MDtmaT11bGNyb3A7aD02MDtxPTEwMDt3PTQ2/https://s.yimg.com/xe/i/us/sp/v/nba_cutout/players_l/11172025/6400.png"
"466.p.10423","323","Harkless","Elijah","UTA","Out","O - Hamstring","SG,G,Util,IL+","","","","","54","161","0.335","49","21","178","53","75","31","6","26","52","0","0","1","0","https://s.yimg.com/iu/api/res/1.2/KuCXaCF5LbCjVO4kj5Jqlg--~C/YXBwaWQ9eXNwb3J0cztjaD0yMzM2O2NyPTE7Y3c9MTc5MDtkeD04NTc7ZHk9MDtmaT11bGNyb3A7aD02MDtxPTEwMDt3PTQ2/https://s.yimg.com/xe/i/us/sp/v/nba_cutout/players_l/11172025/10423.png"
"466.p.10495","324","Fleming","Rasheer","PHX","Available","","PF,F,Util","","","","","69","173","0.399","16","37","191","110","11","16","19","18","55","0","0","0","0","https://s.yimg.com/iu/api/res/1.2/WI1H0zr8i0O1mhlNH5o3Sg--~C/YXBwaWQ9eXNwb3J0cztjaD0yMzM2O2NyPTE7Y3c9MTc5MDtkeD04NTc7ZHk9MDtmaT11bGNyb3A7aD02MDtxPTEwMDt3PTQ2/https://s.yimg.com/xe/i/us/sp/v/nba_cutout/players_l/11172025/10495.png"
"466.p.6786","325","Plowden","Daeqwon","SAC","Available","","SF,PF,F,Util","","","","","93","218","0.427","29","47","262","79","29","18","4","18","64","0","0","0","0","https://s.yimg.com/iu/api/res/1.2/Bt4xZrhGqJutDO3UxQJ4jg--~C/YXBwaWQ9eXNwb3J0cztjaD0yMzM2O2NyPTE7Y3c9MTc5MDtkeD04NTc7ZHk9MDtmaT11bGNyb3A7aD02MDtxPTEwMDt3PTQ2/https://s.yimg.com/xe/i/us/sp/v/nba_cutout/players_l/11132025/6786.png"
"466.p.10337","326","Christie","Cam","LAC","Available","","SG,G,SF,F,Util","","","","","51","130","0.392","38","12","152","74","30","16","3","20","18","0","0","0","0","https://s.yimg.com/iu/api/res/1.2/lT_8MNOcce1t3jJIF439EQ--~C/YXBwaWQ9eXNwb3J0cztjaD0yMzM2O2NyPTE7Y3c9MTc5MDtkeD04NTc7ZHk9MDtmaT11bGNyb3A7aD02MDtxPTEwMDt3PTQ2/https://s.yimg.com/xe/i/us/sp/v/nba_cutout/players_l/10222024/10337.png"
"466.p.10466","327","Bryant","Carter","SAS","Available","","SF,F,Util","","","","","90","229","0.393","27","42","249","156","34","13","17","26","74","0","0","0","0","https://s.yimg.com/iu/api/res/1.2/ft5QVNxMu275AR_G3lfhRw--~C/YXBwaWQ9eXNwb3J0cztjaD0yMzM2O2NyPTE7Y3c9MTc5MDtkeD04NTc7ZHk9MDtmaT11bGNyb3A7aD02MDtxPTEwMDt3PTQ2/https://s.yimg.com/xe/i/us/sp/v/nba_cutout/players_l/11172025/10466.png"
"466.p.10453","328","Richardson","Jase","ORL","Available","","SG,G,Util","","","","","83","177","0.469","30","28","224","60","57","16","2","24","51","0","0","0","0","https://s.yimg.com/iu/api/res/1.2/2EtXlblroRcuWbAXRtiRSg--~C/YXBwaWQ9eXNwb3J0cztjaD0yMzM2O2NyPTE7Y3c9MTc5MDtkeD04NTc7ZHk9MDtmaT11bGNyb3A7aD02MDtxPTEwMDt3PTQ2/https://s.yimg.com/xe/i/us/sp/v/nba_cutout/players_l/11172025/10453.png"
"466.p.10510","329","Cardwell","Dylan","SAC","Available","","PF,F,C,Util","","","","","84","148","0.568","26","0","194","286","53","25","51","31","131","1","1","3","0","https://s.yimg.com/iu/api/res/1.2/y.sDTyHEzDV_Q4gjtSq29w--~C/YXBwaWQ9eXNwb3J0cztjaD0yMzM2O2NyPTE7Y3c9MTc5MDtkeD04NTc7ZHk9MDtmaT11bGNyb3A7aD02MDtxPTEwMDt3PTQ2/https://s.yimg.com/xe/i/us/sp/v/nba_cutout/players_l/10202025/10510.png"
"466.p.6704","330","Agbaji","Ochai","BKN","Available","","SG,G,SF,F,Util","","","","","117","267","0.438","34","32","300","136","45","23","17","31","91","1","0","0","0","https://s.yimg.com/iu/api/res/1.2/3iQHQudv2IKtEehtM8qCdA--~C/YXBwaWQ9eXNwb3J0cztjaD0yMzM2O2NyPTE7Y3c9MTc5MDtkeD04NTc7ZHk9MDtmaT11bGNyb3A7aD02MDtxPTEwMDt3PTQ2/https://s.yimg.com/xe/i/us/sp/v/nba_cutout/players_l/02122026/6704.2.png"
"466.p.6414","331","Nnaji","Zeke","DEN","Questionable","GTD - Hip","PF,F,C,Util,IL+","","","","","66","140","0.471","34","13","179","128","24","17","21","25","63","1","0","2","0","https://s.yimg.com/iu/api/res/1.2/v_UGQQNSNyVoxOYX56E3ow--~C/YXBwaWQ9eXNwb3J0cztjaD0yMzM2O2NyPTE7Y3c9MTc5MDtkeD04NTc7ZHk9MDtmaT11bGNyb3A7aD02MDtxPTEwMDt3PTQ2/https://s.yimg.com/xe/i/us/sp/v/nba_cutout/players_l/11172025/6414.png"
"466.p.6034","332","Holiday","Aaron","HOU","Available","","PG,SG,G,Util","","","","","91","224","0.406","32","57","271","46","50","22","4","34","62","0","0","0","0","https://s.yimg.com/iu/api/res/1.2/mSgZEU9IXwCOq_BEQp0VVw--~C/YXBwaWQ9eXNwb3J0cztjaD0yMzM2O2NyPTE7Y3c9MTc5MDtkeD04NTc7ZHk9MDtmaT11bGNyb3A7aD02MDtxPTEwMDt3PTQ2/https://s.yimg.com/xe/i/us/sp/v/nba_cutout/players_l/11172025/6034.png"
"466.p.6036","333","Wagner","Moritz","ORL","Available","","C,Util","","","","","77","183","0.421","59","22","235","107","24","14","1","17","55","0","0","0","0","https://s.yimg.com/iu/api/res/1.2/DMlxb2njtGDO6m9OIzeH.w--~C/YXBwaWQ9eXNwb3J0cztjaD0yMzM2O2NyPTE7Y3c9MTc5MDtkeD04NTc7ZHk9MDtmaT11bGNyb3A7aD02MDtxPTEwMDt3PTQ2/https://s.yimg.com/xe/i/us/sp/v/nba_cutout/players_l/11172025/6036.png"
"466.p.6016","334","Young","Trae","WAS","Injured","INJ - Quadriceps","PG,G,Util,IL,IL+","13.2","1.8","$46.4","100%","81","177","0.458","80","27","269","30","120","13","2","39","33","3","0","3","0","https://s.yimg.com/iu/api/res/1.2/yHEkcMuXiHhtIsEQeLv5Hg--~C/YXBwaWQ9eXNwb3J0cztjaD0yMzM2O2NyPTE7Y3c9MTc5MDtkeD04NTc7ZHk9MDtmaT11bGNyb3A7aD02MDtxPTEwMDt3PTQ2/https://s.yimg.com/xe/i/us/sp/v/nba_cutout/players_l/01142026/6016.1.png"
"466.p.6696","335","Mathurin","Bennedict","LAC","Available","","SG,G,SF,F,Util","88.7","9.3","$4.5","100%","271","621","0.436","269","72","883","263","108","36","12","104","127","5","3","3","0","https://s.yimg.com/iu/api/res/1.2/azFccPd7m9wFCXqeaDvyYg--~C/YXBwaWQ9eXNwb3J0cztjaD0yMzM2O2NyPTE7Y3c9MTc5MDtkeD04NTc7ZHk9MDtmaT11bGNyb3A7aD02MDtxPTEwMDt3PTQ2/https://s.yimg.com/xe/i/us/sp/v/nba_cutout/players_l/02132026/6696.1.png"
"466.p.5433","336","Russell","D'Angelo","WAS","Injured","INJ - Not Injury Related","PG,G,Util,IL,IL+","114.5","11.8","$2.2","76%","94","232","0.405","43","33","264","61","104","12","2","49","30","1","0","1","0","https://s.yimg.com/iu/api/res/1.2/zrGNdLjzIj__5nmc3cWwrw--~C/YXBwaWQ9eXNwb3J0cztjaD0yMzM2O2NyPTE7Y3c9MTc5MDtkeD04NTc7ZHk9MDtmaT11bGNyb3A7aD02MDtxPTEwMDt3PTQ2/https://s.yimg.com/xe/i/us/sp/v/nba_cutout/players_l/02132026/5433.3.png"
"466.p.6406","337","Nesmith","Aaron","IND","Questionable","GTD - Neck","SG,G,SF,F,Util,IL+","125.0","12.5","$1.8","19%","212","512","0.414","92","105","621","187","86","26","23","63","124","1","2","0","0","https://s.yimg.com/iu/api/res/1.2/uEpw1Yvh3_V9PGp9iPxWsw--~C/YXBwaWQ9eXNwb3J0cztjaD0yMzM2O2NyPTE7Y3c9MTc5MDtkeD04NTc7ZHk9MDtmaT11bGNyb3A7aD02MDtxPTEwMDt3PTQ2/https://s.yimg.com/xe/i/us/sp/v/nba_cutout/players_l/11172025/6406.png"
"466.p.4886","338","Valančiūnas","Jonas","DEN","Available","","C,Util","121.2","12.4","$1.5","4%","192","335","0.573","90","6","480","285","69","14","31","65","120","2","2","3","0","https://s.yimg.com/iu/api/res/1.2/_N0Ngg4zG1rML1Ndc0VcAA--~C/YXBwaWQ9eXNwb3J0cztjaD0yMzM2O2NyPTE7Y3c9MTc5MDtkeD04NTc7ZHk9MDtmaT11bGNyb3A7aD02MDtxPTEwMDt3PTQ2/https://s.yimg.com/xe/i/us/sp/v/nba_cutout/players_l/11172025/4886.png"
"466.p.5855","339","Bryant","Thomas","CLE","Available","","C,Util","","","","","122","246","0.496","52","41","337","179","31","17","24","25","69","3","1","0","0","https://s.yimg.com/iu/api/res/1.2/YUw9Wn8C1sA28lhSFa2GSw--~C/YXBwaWQ9eXNwb3J0cztjaD0yMzM2O2NyPTE7Y3c9MTc5MDtkeD04NTc7ZHk9MDtmaT11bGNyb3A7aD02MDtxPTEwMDt3PTQ2/https://s.yimg.com/xe/i/us/sp/v/nba_cutout/players_l/11132025/5855.png"
"466.p.10291","340","Knecht","Dalton","LAL","Available","","SG,G,SF,F,Util","","","","","78","174","0.448","14","31","201","68","16","10","10","20","40","0","0","0","0","https://s.yimg.com/iu/api/res/1.2/aO0s7LPqXLfsZOmeP47NxA--~C/YXBwaWQ9eXNwb3J0cztjaD0yMzM2O2NyPTE7Y3c9MTc5MDtkeD04NTc7ZHk9MDtmaT11bGNyb3A7aD02MDtxPTEwMDt3PTQ2/https://s.yimg.com/xe/i/us/sp/v/nba_cutout/players_l/03052025/10291.png"
"466.p.5330","341","Harris","Gary","MIL","Injured","INJ - Personal","SG,G,SF,F,Util,IL,IL+","","","","","41","91","0.451","8","26","116","56","46","25","7","18","48","0","0","0","0","https://s.yimg.com/iu/api/res/1.2/9sYH9TunHm.vUhHHg9i1Ng--~C/YXBwaWQ9eXNwb3J0cztjaD0yMzM2O2NyPTE7Y3c9MTc5MDtkeD04NTc7ZHk9MDtmaT11bGNyb3A7aD02MDtxPTEwMDt3PTQ2/https://s.yimg.com/xe/i/us/sp/v/nba_cutout/players_l/11172025/5330.png"
"466.p.5501","342","Connaughton","Pat","CHA","Available","","SG,G,SF,F,Util","","","","","35","78","0.449","12","19","101","53","17","10","1","9","8","0","0","0","0","https://s.yimg.com/iu/api/res/1.2/ye.F_cOM7BPl_2GYicQDFA--~C/YXBwaWQ9eXNwb3J0cztjaD0yMzM2O2NyPTE7Y3c9MTc5MDtkeD04NTc7ZHk9MDtmaT11bGNyb3A7aD02MDtxPTEwMDt3PTQ2/https://s.yimg.com/xe/i/us/sp/v/nba_cutout/players_l/11172025/5501.png"
"466.p.10077","343","Wilson","Jalen","BKN","Questionable","GTD - Illness","SF,PF,F,Util,IL+","","","","","89","231","0.385","53","49","280","87","32","18","2","28","68","0","0","0","0","https://s.yimg.com/iu/api/res/1.2/KKopXptbQ_p81T5cDF2D2Q--~C/YXBwaWQ9eXNwb3J0cztjaD0yMzM2O2NyPTE7Y3c9MTc5MDtkeD04NTc7ZHk9MDtmaT11bGNyb3A7aD02MDtxPTEwMDt3PTQ2/https://s.yimg.com/xe/i/us/sp/v/nba_cutout/players_l/10312025/10077.png"
"466.p.10452","344","Jakučionis","Kasparas","MIA","Available","","PG,G,Util","","","","","91","215","0.423","49","59","290","126","116","31","5","44","90","0","1","0","0","https://s.yimg.com/iu/api/res/1.2/nb1aE2ip9Z3XTgIE7g7LPA--~C/YXBwaWQ9eXNwb3J0cztjaD0yMzM2O2NyPTE7Y3c9MTc5MDtkeD04NTc7ZHk9MDtmaT11bGNyb3A7aD02MDtxPTEwMDt3PTQ2/https://s.yimg.com/xe/i/us/sp/v/nba_cutout/players_l/11172025/10452.png"
"466.p.10114","345","Sasser","Marcus","DET","Available","","PG,G,Util","","","","","57","142","0.401","13","35","162","33","63","20","2","26","36","0","0","0","0","https://s.yimg.com/iu/api/res/1.2/Lyq6wjwd8yGRXagJiEKggg--~C/YXBwaWQ9eXNwb3J0cztjaD0yMzM2O2NyPTE7Y3c9MTc5MDtkeD04NTc7ZHk9MDtmaT11bGNyb3A7aD02MDtxPTEwMDt3PTQ2/https://s.yimg.com/xe/i/us/sp/v/nba_cutout/players_l/11172025/10114.png"
"466.p.6747","346","Walker","Jabari","PHI","Available","","PF,F,C,Util","","","","","94","210","0.448","48","31","267","186","33","23","13","26","101","2","0","2","0","https://s.yimg.com/iu/api/res/1.2/4E7CFCgoirU01J.tr1KSnw--~C/YXBwaWQ9eXNwb3J0cztjaD0yMzM2O2NyPTE7Y3c9MTc5MDtkeD04NTc7ZHk9MDtmaT11bGNyb3A7aD02MDtxPTEwMDt3PTQ2/https://s.yimg.com/xe/i/us/sp/v/nba_cutout/players_l/11132025/6747.png"
"466.p.10083","347","Phillips","Julian","MIN","Available","","SF,PF,F,Util","","","","","42","99","0.424","15","17","116","46","9","21","7","8","34","0","0","0","0","https://s.yimg.com/iu/api/res/1.2/H63hPJorJEkidhEVipsSpw--~C/YXBwaWQ9eXNwb3J0cztjaD0yMzM2O2NyPTE7Y3c9MTc5MDtkeD04NTc7ZHk9MDtmaT11bGNyb3A7aD02MDtxPTEwMDt3PTQ2/https://s.yimg.com/xe/i/us/sp/v/nba_cutout/players_l/02132026/10083.2.png"
"466.p.10470","348","Sanders","Kobe","LAC","Available","","SG,G,SF,F,Util","","","","","157","341","0.460","43","70","427","142","100","41","8","76","130","0","1","0","0","https://s.yimg.com/iu/api/res/1.2/9iOtKby1iHk.J6T0kF_SjQ--~C/YXBwaWQ9eXNwb3J0cztjaD0yMzM2O2NyPTE7Y3c9MTc5MDtkeD04NTc7ZHk9MDtmaT11bGNyb3A7aD02MDtxPTEwMDt3PTQ2/https://s.yimg.com/xe/i/us/sp/v/nba_cutout/players_l/10202025/10470.png"
"466.p.10053","349","Wallace","Keaton","ATL","Available","","PG,SG,G,Util","","","","","64","153","0.418","9","37","174","51","85","21","5","25","44","1","0","0","0","https://s.yimg.com/iu/api/res/1.2/R1QL742mQjIeMCfkOn8eDQ--~C/YXBwaWQ9eXNwb3J0cztjaD0yMzM2O2NyPTE7Y3c9MTc5MDtkeD04NTc7ZHk9MDtmaT11bGNyb3A7aD02MDtxPTEwMDt3PTQ2/https://s.yimg.com/xe/i/us/sp/v/nba_cutout/players_l/11172025/10053.png"
"466.p.10491","350","Mashack","Jahmai","MEM","Available","","SG,G,Util","","","","","56","138","0.406","10","14","136","54","34","30","12","25","50","0","0","0","0","https://s.yimg.com/iu/api/res/1.2/1uh.GYjFvOZPtPmEbNy2Sg--~C/YXBwaWQ9eXNwb3J0cztjaD0yMzM2O2NyPTE7Y3c9MTc5MDtkeD04NTc7ZHk9MDtmaT11bGNyb3A7aD02MDtxPTEwMDt3PTQ2/https://s.yimg.com/xe/i/us/sp/v/nba_cutout/players_l/11182025/10491.png"
"466.p.10048","351","Henderson","Scoot","POR","Available","","PG,G,Util","127.2","12.8","$1.3","11%","110","264","0.417","74","42","336","67","95","18","7","62","70","1","0","0","0","https://s.yimg.com/iu/api/res/1.2/1tSYWwimSPOkb3osZtSRbQ--~C/YXBwaWQ9eXNwb3J0cztjaD0yMzM2O2NyPTE7Y3c9MTc5MDtkeD04NTc7ZHk9MDtmaT11bGNyb3A7aD02MDtxPTEwMDt3PTQ2/https://s.yimg.com/xe/i/us/sp/v/nba_cutout/players_l/11172025/10048.png"
"466.p.6133","352","McLaughlin","Jordan","SAS","Available","","PG,SG,G,Util","","","","","30","73","0.411","4","16","80","27","36","18","2","15","11","0","0","0","0","https://s.yimg.com/iu/api/res/1.2/Uu16CJX8yhYXIEbbF7mQ5Q--~C/YXBwaWQ9eXNwb3J0cztjaD0yMzM2O2NyPTE7Y3c9MTc5MDtkeD04NTc7ZHk9MDtmaT11bGNyb3A7aD02MDtxPTEwMDt3PTQ2/https://s.yimg.com/xe/i/us/sp/v/nba_cutout/players_l/11172025/6133.png"
"466.p.6315","353","Coffey","Amir","PHX","Injured","INJ - Ankle","SF,PF,F,Util,IL,IL+","104.8","10.6","$0.0","2%","45","93","0.484","22","13","125","52","24","8","5","6","28","0","0","0","0","https://s.yimg.com/iu/api/res/1.2/7l3PGe1KMLvXknETHrMZZA--~C/YXBwaWQ9eXNwb3J0cztjaD0yMzM2O2NyPTE7Y3c9MTc5MDtkeD04NTc7ZHk9MDtmaT11bGNyb3A7aD02MDtxPTEwMDt3PTQ2/https://s.yimg.com/xe/i/us/sp/v/nba_cutout/players_l/02132026/6315.1.png"
"466.p.6710","354","Branham","Malaki","CHA","NotAvailable","NA","SG,G,SF,F,Util","","","","","43","91","0.473","28","14","128","44","23","10","3","15","21","0","0","0","0","https://s.yimg.com/iu/api/res/1.2/Sp03AuL_uVCrb5S2GEppQQ--~C/YXBwaWQ9eXNwb3J0cztjaD0yMzM2O2NyPTE7Y3c9MTc5MDtkeD04NTc7ZHk9MDtmaT11bGNyb3A7aD02MDtxPTEwMDt3PTQ2/https://s.yimg.com/xe/i/us/sp/v/nba_cutout/players_l/02192026/6710.1.png"
"466.p.10492","355","Peter","Taelon","IND","Available","","SG,G,Util","","","","","42","112","0.375","7","31","122","42","32","17","4","20","23","0","0","0","0","https://s.yimg.com/iu/api/res/1.2/_ey5ZTbLON4v7suuPCDbmw--~C/YXBwaWQ9eXNwb3J0cztjaD0yMzM2O2NyPTE7Y3c9MTc5MDtkeD04NTc7ZHk9MDtmaT11bGNyb3A7aD02MDtxPTEwMDt3PTQ2/https://s.yimg.com/xe/i/us/sp/v/nba_cutout/players_l/11172025/10492.png"
"466.p.6715","356","Wesley","Blake","POR","Available","","PG,SG,G,Util","","","","","55","120","0.458","25","10","145","37","62","16","5","30","33","0","0","0","0","https://s.yimg.com/iu/api/res/1.2/WzVsai5oMb14IOOq0D4XjQ--~C/YXBwaWQ9eXNwb3J0cztjaD0yMzM2O2NyPTE7Y3c9MTc5MDtkeD04NTc7ZHk9MDtmaT11bGNyb3A7aD02MDtxPTEwMDt3PTQ2/https://s.yimg.com/xe/i/us/sp/v/nba_cutout/players_l/11172025/6715.png"
"466.p.6712","357","Kessler","Walker","UTA","Injured","INJ - Shoulder","C,Util,IL,IL+","60.9","6.5","$12.7","97%","26","37","0.703","14","6","72","54","15","7","9","16","22","0","0","2","0","https://s.yimg.com/iu/api/res/1.2/t8fA3XY3yNC2T01sOAkIVQ--~C/YXBwaWQ9eXNwb3J0cztjaD0yMzM2O2NyPTE7Y3c9MTc5MDtkeD04NTc7ZHk9MDtmaT11bGNyb3A7aD02MDtxPTEwMDt3PTQ2/https://s.yimg.com/xe/i/us/sp/v/nba_cutout/players_l/11172025/6712.png"
"466.p.5764","358","Ball","Lonzo","CLE","NotAvailable","NA","PG,SG,G,Util","122.0","12.5","$1.5","16%","53","176","0.301","14","40","160","140","136","45","9","52","46","1","1","0","0","https://s.yimg.com/iu/api/res/1.2/HyIzjTHR2w02xbrnCbkDSw--~C/YXBwaWQ9eXNwb3J0cztjaD0yMzM2O2NyPTE7Y3c9MTc5MDtkeD04NTc7ZHk9MDtmaT11bGNyb3A7aD02MDtxPTEwMDt3PTQ2/https://s.yimg.com/xe/i/us/sp/v/nba_cutout/players_l/11122025/5764.png"
"466.p.6210","359","Williams","Grant","CHA","Available","","PF,F,C,Util","","","","","62","146","0.425","40","41","205","117","49","11","13","29","50","2","0","0","0","https://s.yimg.com/iu/api/res/1.2/W2LqbHUwedNSfSwJbzy8wg--~C/YXBwaWQ9eXNwb3J0cztjaD0yMzM2O2NyPTE7Y3c9MTc5MDtkeD04NTc7ZHk9MDtmaT11bGNyb3A7aD02MDtxPTEwMDt3PTQ2/https://s.yimg.com/xe/i/us/sp/v/nba_cutout/players_l/11172025/6210.png"
"466.p.10447","360","Maluach","Khaman","PHX","Available","","C,Util","","","","","42","77","0.545","19","3","106","91","6","4","23","23","36","0","0","0","0","https://s.yimg.com/iu/api/res/1.2/cotYac3yX74wZQ.qH.6eLA--~C/YXBwaWQ9eXNwb3J0cztjaD0yMzM2O2NyPTE7Y3c9MTc5MDtkeD04NTc7ZHk9MDtmaT11bGNyb3A7aD02MDtxPTEwMDt3PTQ2/https://s.yimg.com/xe/i/us/sp/v/nba_cutout/players_l/11172025/10447.png"
"466.p.6109","361","Eubanks","Drew","SAC","Injured","INJ - Thumb","C,Util,IL,IL+","","","","","93","156","0.596","32","1","219","127","19","15","26","30","57","1","1","1","0","https://s.yimg.com/iu/api/res/1.2/Dy__mw9UyQvwjESDnWyQtA--~C/YXBwaWQ9eXNwb3J0cztjaD0yMzM2O2NyPTE7Y3c9MTc5MDtkeD04NTc7ZHk9MDtmaT11bGNyb3A7aD02MDtxPTEwMDt3PTQ2/https://s.yimg.com/xe/i/us/sp/v/nba_cutout/players_l/11132025/6109.png"
"466.p.10314","362","Kolek","Tyler","NYK","Available","","PG,G,Util","","","","","102","236","0.432","12","41","257","94","160","21","4","53","62","0","1","2","0","https://s.yimg.com/iu/api/res/1.2/rIJ8bo8cnYd0VmjPQw47bQ--~C/YXBwaWQ9eXNwb3J0cztjaD0yMzM2O2NyPTE7Y3c9MTc5MDtkeD04NTc7ZHk9MDtmaT11bGNyb3A7aD02MDtxPTEwMDt3PTQ2/https://s.yimg.com/xe/i/us/sp/v/nba_cutout/players_l/11252025/10314.png"
"466.p.10311","363","Johnson","Keshad","MIA","Available","","PF,F,Util","","","","","36","82","0.439","17","12","101","50","4","10","7","12","21","0","0","1","0","https://s.yimg.com/iu/api/res/1.2/lXVb.Oj3AI3VfGz427MZiw--~C/YXBwaWQ9eXNwb3J0cztjaD0yMzM2O2NyPTE7Y3c9MTc5MDtkeD04NTc7ZHk9MDtmaT11bGNyb3A7aD02MDtxPTEwMDt3PTQ2/https://s.yimg.com/xe/i/us/sp/v/nba_cutout/players_l/11172025/10311.png"
"466.p.10472","364","Proctor","Tyrese","CLE","Available","","PG,G,Util","","","","","71","180","0.394","29","36","207","45","55","19","0","28","51","0","0","0","0","https://s.yimg.com/iu/api/res/1.2/RC0eR9ayIJ1qry6j588Yfw--~C/YXBwaWQ9eXNwb3J0cztjaD0yMzM2O2NyPTE7Y3c9MTc5MDtkeD04NTc7ZHk9MDtmaT11bGNyb3A7aD02MDtxPTEwMDt3PTQ2/https://s.yimg.com/xe/i/us/sp/v/nba_cutout/players_l/10202025/10472.png"
"466.p.5823","365","Collins","Zach","CHI","Injured","INJ - Toe","C,Util,IL,IL+","","","","","37","64","0.578","14","9","97","56","15","2","4","10","18","0","0","1","0","https://s.yimg.com/iu/api/res/1.2/cPCb5J6HitzzAESdeSVmfA--~C/YXBwaWQ9eXNwb3J0cztjaD0yMzM2O2NyPTE7Y3c9MTc5MDtkeD04NTc7ZHk9MDtmaT11bGNyb3A7aD02MDtxPTEwMDt3PTQ2/https://s.yimg.com/xe/i/us/sp/v/nba_cutout/players_l/02042025/5823.1.png"
"466.p.6590","366","Cooper","Sharife","WAS","Available","","PG,G,Util","","","","","93","189","0.492","35","19","240","72","87","11","4","46","52","1","0","0","0","https://s.yimg.com/iu/api/res/1.2/ecTf3Q.mR2qkYUf5Xc0WqA--~C/YXBwaWQ9eXNwb3J0cztjaD0yMzM2O2NyPTE7Y3c9MTc5MDtkeD04NTc7ZHk9MDtmaT11bGNyb3A7aD02MDtxPTEwMDt3PTQ2/https://s.yimg.com/xe/i/us/sp/v/nba_cutout/players_l/11172025/6590.png"
"466.p.10118","367","Whitmore","Cam","WAS","Injured","INJ - Shoulder","SF,PF,F,Util,IL,IL+","130.1","13.0","$1.5","5%","77","169","0.456","23","16","193","58","15","15","8","18","25","2","0","0","0","https://s.yimg.com/iu/api/res/1.2/Pdj_XmuAAI4kMe7TIn76ZQ--~C/YXBwaWQ9eXNwb3J0cztjaD0yMzM2O2NyPTE7Y3c9MTc5MDtkeD04NTc7ZHk9MDtmaT11bGNyb3A7aD02MDtxPTEwMDt3PTQ2/https://s.yimg.com/xe/i/us/sp/v/nba_cutout/players_l/11172025/10118.png"
"466.p.4497","368","Jordan","DeAndre","NOP","Available","","C,Util","","","","","21","32","0.656","11","0","53","76","11","4","10","9","16","0","0","0","0","https://s.yimg.com/iu/api/res/1.2/FGRmg4DYJlwPARIgOtsdXQ--~C/YXBwaWQ9eXNwb3J0cztjaD0yMzM2O2NyPTE7Y3c9MTc5MDtkeD04NTc7ZHk9MDtmaT11bGNyb3A7aD02MDtxPTEwMDt3PTQ2/https://s.yimg.com/xe/i/us/sp/v/nba_cutout/players_l/11172025/4497.png"
"466.p.10460","369","Beringer","Joan","MIN","Available","","C,Util","","","","","42","66","0.636","13","0","97","64","8","5","14","8","36","0","0","0","0","https://s.yimg.com/iu/api/res/1.2/hUkGiLaZLuTljRnykqE6pA--~C/YXBwaWQ9eXNwb3J0cztjaD0yMzM2O2NyPTE7Y3c9MTc5MDtkeD04NTc7ZHk9MDtmaT11bGNyb3A7aD02MDtxPTEwMDt3PTQ2/https://s.yimg.com/xe/i/us/sp/v/nba_cutout/players_l/11172025/10460.png"
"466.p.5474","370","Payne","Cameron","PHI","Available","","PG,SG,G,Util","","","","","54","143","0.378","17","32","157","38","56","24","6","11","27","0","1","1","0","https://s.yimg.com/iu/api/res/1.2/WEcf2F3tVcgBINH4HDTguA--~C/YXBwaWQ9eXNwb3J0cztjaD0yMzM2O2NyPTE7Y3c9MTc5MDtkeD04NTc7ZHk9MDtmaT11bGNyb3A7aD02MDtxPTEwMDt3PTQ2/https://s.yimg.com/xe/i/us/sp/v/nba_cutout/players_l/02132026/5474.1.png"
"466.p.10458","371","Saraf","Ben","BKN","Available","","SG,G,Util","","","","","92","239","0.385","56","15","255","72","123","33","5","84","68","0","0","0","0","https://s.yimg.com/iu/api/res/1.2/AuSBou5Lq_4IzwUDs1mNTw--~C/YXBwaWQ9eXNwb3J0cztjaD0yMzM2O2NyPTE7Y3c9MTc5MDtkeD04NTc7ZHk9MDtmaT11bGNyb3A7aD02MDtxPTEwMDt3PTQ2/https://s.yimg.com/xe/i/us/sp/v/nba_cutout/players_l/10202025/10458.png"
"466.p.6164","372","Morant","Ja","MEM","Injured","INJ - Elbow","PG,G,Util,IL,IL+","42.7","4.7","$18.4","100%","132","322","0.410","105","20","389","65","161","20","6","71","40","4","1","8","0","https://s.yimg.com/iu/api/res/1.2/a4THWuLmc1mbKPmnAAocjA--~C/YXBwaWQ9eXNwb3J0cztjaD0yMzM2O2NyPTE7Y3c9MTc5MDtkeD04NTc7ZHk9MDtmaT11bGNyb3A7aD02MDtxPTEwMDt3PTQ2/https://s.yimg.com/xe/i/us/sp/v/nba_cutout/players_l/11172025/6164.png"
"466.p.10098","373","Hawkins","Jordan","NOP","Available","","SG,G,SF,F,Util","","","","","64","194","0.330","16","35","179","69","30","9","8","24","25","0","0","0","0","https://s.yimg.com/iu/api/res/1.2/zfHxQAtcc2aK6prWbymyFg--~C/YXBwaWQ9eXNwb3J0cztjaD0yMzM2O2NyPTE7Y3c9MTc5MDtkeD04NTc7ZHk9MDtmaT11bGNyb3A7aD02MDtxPTEwMDt3PTQ2/https://s.yimg.com/xe/i/us/sp/v/nba_cutout/players_l/11172025/10098.png"
"466.p.5322","374","McDermott","Doug","SAC","Available","","SF,PF,F,Util","","","","","44","104","0.423","2","39","129","26","14","4","3","10","16","0","0","0","0","https://s.yimg.com/iu/api/res/1.2/QFcXPlpBidXFjmscvc0ZHQ--~C/YXBwaWQ9eXNwb3J0cztjaD0yMzM2O2NyPTE7Y3c9MTc5MDtkeD04NTc7ZHk9MDtmaT11bGNyb3A7aD02MDtxPTEwMDt3PTQ2/https://s.yimg.com/xe/i/us/sp/v/nba_cutout/players_l/10292024/5322.png"
"466.p.6166","375","Hunter","De'Andre","SAC","Injured","INJ - Eye","SF,PF,F,Util,IL,IL+","125.3","12.7","$1.5","20%","208","501","0.415","124","75","615","185","90","30","6","75","112","4","1","0","0","https://s.yimg.com/iu/api/res/1.2/k9qz_6T8TgBgeYXuy_aZxA--~C/YXBwaWQ9eXNwb3J0cztjaD0yMzM2O2NyPTE7Y3c9MTc5MDtkeD04NTc7ZHk9MDtmaT11bGNyb3A7aD02MDtxPTEwMDt3PTQ2/https://s.yimg.com/xe/i/us/sp/v/nba_cutout/players_l/02042026/6166.3.png"
"466.p.10487","376","Jones","Kam","IND","Available","","SG,G,Util","","","","","51","123","0.415","4","17","123","43","80","14","0","27","31","0","0","1","0","https://s.yimg.com/iu/api/res/1.2/Ud04JEAJu2o_QekFclaicQ--~C/YXBwaWQ9eXNwb3J0cztjaD0yMzM2O2NyPTE7Y3c9MTc5MDtkeD04NTc7ZHk9MDtmaT11bGNyb3A7aD02MDtxPTEwMDt3PTQ2/https://s.yimg.com/xe/i/us/sp/v/nba_cutout/players_l/11172025/10487.png"
"466.p.6216","377","Poole","Jordan","NOP","Available","","PG,SG,G,Util","74.0","7.8","$8.8","100%","150","411","0.365","92","87","479","72","112","20","14","62","85","1","1","0","0","https://s.yimg.com/iu/api/res/1.2/hufSJ5Q_oeCjB7otU.LNtQ--~C/YXBwaWQ9eXNwb3J0cztjaD0yMzM2O2NyPTE7Y3c9MTc5MDtkeD04NTc7ZHk9MDtmaT11bGNyb3A7aD02MDtxPTEwMDt3PTQ2/https://s.yimg.com/xe/i/us/sp/v/nba_cutout/players_l/07092025/6216.png"
"466.p.10329","378","Hall","PJ","CHA","Available","","C,Util","","","","","30","59","0.508","23","3","86","75","10","3","10","16","22","0","0","1","0","https://s.yimg.com/iu/api/res/1.2/54dxPaBiVkZPMoty_KHR6w--~C/YXBwaWQ9eXNwb3J0cztjaD0yMzM2O2NyPTE7Y3c9MTc5MDtkeD04NTc7ZHk9MDtmaT11bGNyb3A7aD02MDtxPTEwMDt3PTQ2/https://s.yimg.com/xe/i/us/sp/v/nba_cutout/players_l/02132026/10329.3.png"
"466.p.6613","379","Alvarado","Jose","NYK","Available","","PG,G,Util","","","","","165","406","0.406","30","93","453","155","215","59","6","71","118","3","2","1","0","https://s.yimg.com/iu/api/res/1.2/sgNr96m2jCcSgUc8YvG5JQ--~C/YXBwaWQ9eXNwb3J0cztjaD0yMzM2O2NyPTE7Y3c9MTc5MDtkeD04NTc7ZHk9MDtmaT11bGNyb3A7aD02MDtxPTEwMDt3PTQ2/https://s.yimg.com/xe/i/us/sp/v/nba_cutout/players_l/02122026/6613.2.png"
"466.p.6699","380","Sochan","Jeremy","NYK","Available","","PF,F,C,Util","128.1","13.1","$1.1","7%","57","116","0.491","14","9","137","92","34","15","6","20","55","0","0","0","0","https://s.yimg.com/iu/api/res/1.2/rjp2yoMZLNfcWbYKXfWZyw--~C/YXBwaWQ9eXNwb3J0cztjaD0yMzM2O2NyPTE7Y3c9MTc5MDtkeD04NTc7ZHk9MDtmaT11bGNyb3A7aD02MDtxPTEwMDt3PTQ2/https://s.yimg.com/xe/i/us/sp/v/nba_cutout/players_l/02132026/6699.3.png"
"466.p.10489","381","Watkins","Jamir","WAS","Available","","SG,G,SF,F,Util","","","","","98","218","0.450","36","34","266","151","49","46","21","29","107","2","1","0","0","https://s.yimg.com/iu/api/res/1.2/DbaNpRu9zy7HDKKNGoIOKQ--~C/YXBwaWQ9eXNwb3J0cztjaD0yMzM2O2NyPTE7Y3c9MTc5MDtkeD04NTc7ZHk9MDtmaT11bGNyb3A7aD02MDtxPTEwMDt3PTQ2/https://s.yimg.com/xe/i/us/sp/v/nba_cutout/players_l/11172025/10489.png"
"466.p.10307","382","Hinson","Blake","UTA","Available","","SF,F,Util","","","","","40","77","0.519","8","29","117","24","9","1","2","2","21","0","0","0","0","https://s.yimg.com/iu/api/res/1.2/kruU9R.eEmVlc9k306zioA--~C/YXBwaWQ9eXNwb3J0cztjaD0yMzM2O2NyPTE7Y3c9MTc5MDtkeD04NTc7ZHk9MDtmaT11bGNyb3A7aD02MDtxPTEwMDt3PTQ2/https://s.yimg.com/xe/i/us/sp/v/nba_cutout/players_l/02132026/10307.2.png"
"466.p.6564","383","Jackson","Isaiah","LAC","Injured","INJ - Ankle","C,Util,IL,IL+","135.6","13.3","$1.7","5%","151","237","0.637","68","0","370","290","52","36","49","58","147","2","3","7","0","https://s.yimg.com/iu/api/res/1.2/71oaFGzDwLdS93XSuk_2Qw--~C/YXBwaWQ9eXNwb3J0cztjaD0yMzM2O2NyPTE7Y3c9MTc5MDtkeD04NTc7ZHk9MDtmaT11bGNyb3A7aD02MDtxPTEwMDt3PTQ2/https://s.yimg.com/xe/i/us/sp/v/nba_cutout/players_l/02132026/6564.1.png"
"466.p.10317","384","Hukporti","Ariel","NYK","Available","","C,Util","","","","","33","60","0.550","21","1","88","135","24","8","23","28","58","0","0","0","0","https://s.yimg.com/iu/api/res/1.2/kaUT.z4ZTwMIbyr9KbbmkA--~C/YXBwaWQ9eXNwb3J0cztjaD0yMzM2O2NyPTE7Y3c9MTc5MDtkeD04NTc7ZHk9MDtmaT11bGNyb3A7aD02MDtxPTEwMDt3PTQ2/https://s.yimg.com/xe/i/us/sp/v/nba_cutout/players_l/11252025/10317.png"
"466.p.6761","385","Harper Jr.","Ron","BOS","Out","O - Ankle","SF,F,Util,IL+","","","","","33","81","0.407","1","22","89","40","16","5","9","5","20","0","0","0","0","https://s.yimg.com/iu/api/res/1.2/Zn0wE1PHeu2DZfnaBglOLg--~C/YXBwaWQ9eXNwb3J0cztjaD0yMzM2O2NyPTE7Y3c9MTc5MDtkeD04NTc7ZHk9MDtmaT11bGNyb3A7aD02MDtxPTEwMDt3PTQ2/https://s.yimg.com/xe/i/us/sp/v/nba_cutout/players_l/11132025/6761.png"
"466.p.6714","386","Beauchamp","MarJon","PHI","Available","","SG,G,SF,F,Util","","","","","31","73","0.425","12","15","89","31","14","9","4","13","13","0","0","0","0","https://s.yimg.com/iu/api/res/1.2/CroizYQMtqiYGN.JwsrIaQ--~C/YXBwaWQ9eXNwb3J0cztjaD0yMzM2O2NyPTE7Y3c9MTc5MDtkeD04NTc7ZHk9MDtmaT11bGNyb3A7aD02MDtxPTEwMDt3PTQ2/https://s.yimg.com/xe/i/us/sp/v/nba_cutout/players_l/01152026/6714.1.png"
"466.p.5164","387","Olynyk","Kelly","SAS","Available","","PF,F,C,Util","","","","","47","95","0.495","27","12","133","74","49","15","3","24","39","1","0","0","0","https://s.yimg.com/iu/api/res/1.2/aonSJ1WNNzs_Y04IVzzgEQ--~C/YXBwaWQ9eXNwb3J0cztjaD0yMzM2O2NyPTE7Y3c9MTc5MDtkeD04NTc7ZHk9MDtmaT11bGNyb3A7aD02MDtxPTEwMDt3PTQ2/https://s.yimg.com/xe/i/us/sp/v/nba_cutout/players_l/11172025/5164.png"
"466.p.6723","388","Koloko","Christian","ATL","Available","","C,Util","","","","","28","67","0.418","7","1","64","72","17","14","22","13","43","0","0","0","0","https://s.yimg.com/iu/api/res/1.2/HkqQ4SUSw3auGqI41Eo6lQ--~C/YXBwaWQ9eXNwb3J0cztjaD0yMzM2O2NyPTE7Y3c9MTc5MDtkeD04NTc7ZHk9MDtmaT11bGNyb3A7aD02MDtxPTEwMDt3PTQ2/https://s.yimg.com/xe/i/us/sp/v/nba_cutout/players_l/02132026/6723.1.png"
"466.p.10330","389","Mogbo","Jonathan","TOR","Available","","PF,F,C,Util","","","","","23","41","0.561","7","0","53","60","21","10","6","10","22","0","0","0","0","https://s.yimg.com/iu/api/res/1.2/StmXV2lU30OZiz_YlQl5sg--~C/YXBwaWQ9eXNwb3J0cztjaD0yMzM2O2NyPTE7Y3c9MTc5MDtkeD04NTc7ZHk9MDtmaT11bGNyb3A7aD02MDtxPTEwMDt3PTQ2/https://s.yimg.com/xe/i/us/sp/v/nba_cutout/players_l/11172025/10330.1.png"
"466.p.6577","390","Jones","Herbert","NOP","Available","","SG,G,SF,PF,F,Util","116.8","12.0","$3.5","52%","177","462","0.383","49","76","479","182","150","87","27","68","170","6","1","0","0","https://s.yimg.com/iu/api/res/1.2/auJyOT.Swoo3.pTZvxX3Dg--~C/YXBwaWQ9eXNwb3J0cztjaD0yMzM2O2NyPTE7Y3c9MTc5MDtkeD04NTc7ZHk9MDtmaT11bGNyb3A7aD02MDtxPTEwMDt3PTQ2/https://s.yimg.com/xe/i/us/sp/v/nba_cutout/players_l/11172025/6577.png"
"466.p.6737","391","Williams Jr.","Vince","UTA","NotAvailable","NA - Knee","PG,SG,G,SF,F,Util","","","","","103","292","0.353","39","55","300","155","166","29","16","70","80","4","0","1","0","https://s.yimg.com/iu/api/res/1.2/S8Kx4cEOJTSYJ67Tj9awHQ--~C/YXBwaWQ9eXNwb3J0cztjaD0yMzM2O2NyPTE7Y3c9MTc5MDtkeD04NTc7ZHk9MDtmaT11bGNyb3A7aD02MDtxPTEwMDt3PTQ2/https://s.yimg.com/xe/i/us/sp/v/nba_cutout/players_l/11172025/6737.png"
"466.p.6574","392","Robinson-Earl","Jeremiah","DAL","NotAvailable","NA","PF,F,C,Util","","","","","37","100","0.370","17","10","101","103","15","9","1","12","26","0","0","0","0","https://s.yimg.com/iu/api/res/1.2/t1dQenWdRM2Y5UmW4lOYbw--~C/YXBwaWQ9eXNwb3J0cztjaD0yMzM2O2NyPTE7Y3c9MTc5MDtkeD04NTc7ZHk9MDtmaT11bGNyb3A7aD02MDtxPTEwMDt3PTQ2/https://s.yimg.com/xe/i/us/sp/v/nba_cutout/players_l/11172025/6574.1.png"
"466.p.10446","393","McNeeley","Liam","CHA","Available","","SF,F,Util","","","","","38","94","0.404","32","24","132","72","23","5","3","13","36","0","0","0","0","https://s.yimg.com/iu/api/res/1.2/7.FKVWLayv7dQgs6X.LiPg--~C/YXBwaWQ9eXNwb3J0cztjaD0yMzM2O2NyPTE7Y3c9MTc5MDtkeD04NTc7ZHk9MDtmaT11bGNyb3A7aD02MDtxPTEwMDt3PTQ2/https://s.yimg.com/xe/i/us/sp/v/nba_cutout/players_l/11172025/10446.png"
"466.p.10252","394","Smith","Malachi","BKN","Available","","PG,G,Util","","","","","23","43","0.535","2","8","56","19","18","7","3","10","5","0","0","0","0","https://s.yimg.com/iu/api/res/1.2/TcM85WhJ.fAOHWf2QKLjIw--~C/YXBwaWQ9eXNwb3J0cztjaD0yMDA7Y3I9MTtjdz0xNTM7ZHg9NzQ7ZHk9MDtmaT11bGNyb3A7aD02MDtxPTEwMDt3PTQ2/https://s.yimg.com/dh/ap/default/140828/silhouette@2x.png"
"466.p.10152","395","Black","Leaky","WAS","Available","","SF,PF,F,Util","","","","","27","61","0.443","7","12","73","53","17","7","7","6","24","0","0","0","0","https://s.yimg.com/iu/api/res/1.2/0WNc9zmUcU6HnuC5.fQkfw--~C/YXBwaWQ9eXNwb3J0cztjaD0yMzM2O2NyPTE7Y3c9MTc5MDtkeD04NTc7ZHk9MDtmaT11bGNyb3A7aD02MDtxPTEwMDt3PTQ2/https://s.yimg.com/xe/i/us/sp/v/nba_cutout/players_l/10102023/10152.png"
"466.p.6749","396","Williams","Alondes","WAS","NotAvailable","NA","SG,G,Util","","","","","16","26","0.615","7","5","44","25","12","3","3","5","4","0","0","1","0","https://s.yimg.com/iu/api/res/1.2/X4Dr6DE.VebhdH4ekI7GaA--~C/YXBwaWQ9eXNwb3J0cztjaD0yMzM2O2NyPTE7Y3c9MTc5MDtkeD04NTc7ZHk9MDtmaT11bGNyb3A7aD02MDtxPTEwMDt3PTQ2/https://s.yimg.com/xe/i/us/sp/v/nba_cutout/players_l/12302024/6749.png"
"466.p.10120","397","Smith Jr.","Nick","LAL","Available","","PG,SG,G,Util","","","","","56","133","0.421","7","27","146","20","28","9","2","19","24","0","0","0","0","https://s.yimg.com/iu/api/res/1.2/a03DVA9voglPBI9cQftazQ--~C/YXBwaWQ9eXNwb3J0cztjaD0yMzM2O2NyPTE7Y3c9MTc5MDtkeD04NTc7ZHk9MDtmaT11bGNyb3A7aD02MDtxPTEwMDt3PTQ2/https://s.yimg.com/xe/i/us/sp/v/nba_cutout/players_l/11132025/10120.png"
"466.p.6708","398","Terry","Dalen","PHI","Available","","SG,G,SF,F,Util","","","","","67","154","0.435","16","24","174","84","66","29","15","26","49","1","1","0","0","https://s.yimg.com/iu/api/res/1.2/6Gx2BwKx3ZBKrt9Vy3ZGpw--~C/YXBwaWQ9eXNwb3J0cztjaD0yMzM2O2NyPTE7Y3c9MTc5MDtkeD04NTc7ZHk9MDtmaT11bGNyb3A7aD02MDtxPTEwMDt3PTQ2/https://s.yimg.com/xe/i/us/sp/v/nba_cutout/players_l/02122026/6708.2.png"
"466.p.6727","399","Hardy","Jaden","WAS","Available","","PG,SG,G,Util","","","","","164","380","0.432","51","93","472","78","45","14","5","57","78","1","1","0","0","https://s.yimg.com/iu/api/res/1.2/6ggdBYfgndFn9IOygV395w--~C/YXBwaWQ9eXNwb3J0cztjaD0yMzM2O2NyPTE7Y3c9MTc5MDtkeD04NTc7ZHk9MDtmaT11bGNyb3A7aD02MDtxPTEwMDt3PTQ2/https://s.yimg.com/xe/i/us/sp/v/nba_cutout/players_l/02132026/6727.3.png"
"466.p.6584","400","Livers","Isaiah","PHX","Available","","SF,PF,F,Util","","","","","22","64","0.344","9","12","65","61","21","13","8","12","28","0","0","0","0","https://s.yimg.com/iu/api/res/1.2/_mWuNveZAbMwneoUc8csuA--~C/YXBwaWQ9eXNwb3J0cztjaD0yMzM2O2NyPTE7Y3c9MTc5MDtkeD04NTc7ZHk9MDtmaT11bGNyb3A7aD02MDtxPTEwMDt3PTQ2/https://s.yimg.com/xe/i/us/sp/v/nba_cutout/players_l/11172025/6584.1.png"
"466.p.10339","401","James","Bronny","LAL","Available","","PG,SG,G,Util","","","","","28","69","0.406","4","13","73","16","39","13","3","14","19","0","0","0","0","https://s.yimg.com/iu/api/res/1.2/u_CAKxrE9h6QuIilY_uvFQ--~C/YXBwaWQ9eXNwb3J0cztjaD0yMzM2O2NyPTE7Y3c9MTc5MDtkeD04NTc7ZHk9MDtmaT11bGNyb3A7aD02MDtxPTEwMDt3PTQ2/https://s.yimg.com/xe/i/us/sp/v/nba_cutout/players_l/10292024/10339.png"
"466.p.10323","402","Simpson","KJ","DEN","Available","","PG,G,Util","","","","","33","96","0.344","11","12","89","34","43","16","0","24","15","0","0","0","0","https://s.yimg.com/iu/api/res/1.2/Lh1NA6KkH89GKjSSdFMbIA--~C/YXBwaWQ9eXNwb3J0cztjaD0yMzM2O2NyPTE7Y3c9MTc5MDtkeD04NTc7ZHk9MDtmaT11bGNyb3A7aD02MDtxPTEwMDt3PTQ2/https://s.yimg.com/xe/i/us/sp/v/nba_cutout/players_l/02192026/10323.1.png"
"466.p.10141","403","Timme","Drew","LAL","Available","","C,Util","","","","","30","51","0.588","4","8","72","27","16","5","0","7","13","0","0","0","0","https://s.yimg.com/iu/api/res/1.2/ymUUc.sSo0m00HNsC8jJYA--~C/YXBwaWQ9eXNwb3J0cztjaD0yMzM2O2NyPTE7Y3c9MTc5MDtkeD04NTc7ZHk9MDtmaT11bGNyb3A7aD02MDtxPTEwMDt3PTQ2/https://s.yimg.com/xe/i/us/sp/v/nba_cutout/players_l/01152026/10141.1.png"
"466.p.10164","404","Reath","Duop","ATL","NotAvailable","NA - Foot","C,Util","","","","","33","74","0.446","5","23","94","38","10","5","8","7","28","0","0","0","0","https://s.yimg.com/iu/api/res/1.2/XWz4lum1USFyYTHIK5jZgA--~C/YXBwaWQ9eXNwb3J0cztjaD0yMzM2O2NyPTE7Y3c9MTc5MDtkeD04NTc7ZHk9MDtmaT11bGNyb3A7aD02MDtxPTEwMDt3PTQ2/https://s.yimg.com/xe/i/us/sp/v/nba_cutout/players_l/02132026/10164.1.png"
"466.p.6728","405","Chandler","Kennedy","UTA","Available","","PG,G,Util","","","","","27","56","0.482","13","6","73","15","36","6","0","9","12","0","0","0","0","https://s.yimg.com/iu/api/res/1.2/MG8Dgzl7kwfxnfmughXUow--~C/YXBwaWQ9eXNwb3J0cztjaD0yMzM2O2NyPTE7Y3c9MTc5MDtkeD04NTc7ZHk9MDtmaT11bGNyb3A7aD02MDtxPTEwMDt3PTQ2/https://s.yimg.com/xe/i/us/sp/v/nba_cutout/players_l/02122026/6728.2.png"
"466.p.10527","406","Johnson","Chaney","BKN","Available","","PF,F,Util","","","","","31","59","0.525","19","6","87","49","28","11","5","14","38","0","0","0","0","https://s.yimg.com/iu/api/res/1.2/LPOH6GvZfXgzAAgbWSa2BA--~C/YXBwaWQ9eXNwb3J0cztjaD0yMzM2O2NyPTE7Y3c9MTc5MDtkeD04NTc7ZHk9MDtmaT11bGNyb3A7aD02MDtxPTEwMDt3PTQ2/https://s.yimg.com/xe/i/us/sp/v/nba_cutout/players_l/01152026/10527.1.png"
"466.p.10089","407","Slawson","Jalen","IND","Available","","SF,F,Util","","","","","12","35","0.343","8","6","38","27","17","9","8","5","15","0","0","0","0","https://s.yimg.com/iu/api/res/1.2/CPX3x2p_FloEf_x_8PvaUg--~C/YXBwaWQ9eXNwb3J0cztjaD0yMzM2O2NyPTE7Y3c9MTc5MDtkeD04NTc7ZHk9MDtmaT11bGNyb3A7aD02MDtxPTEwMDt3PTQ2/https://s.yimg.com/xe/i/us/sp/v/nba_cutout/players_l/02132026/10089.1.png"
"466.p.10554","408","Richmond","Kadary","WAS","NotAvailable","NA - Wrist","SG,G,Util","","","","","10","16","0.625","3","2","25","10","8","8","1","2","2","0","0","0","0","https://s.yimg.com/iu/api/res/1.2/TcM85WhJ.fAOHWf2QKLjIw--~C/YXBwaWQ9eXNwb3J0cztjaD0yMDA7Y3I9MTtjdz0xNTM7ZHg9NzQ7ZHk9MDtmaT11bGNyb3A7aD02MDtxPTEwMDt3PTQ2/https://s.yimg.com/dh/ap/default/140828/silhouette@2x.png"
"466.p.6259","409","Mathews","Garrison","IND","NotAvailable","NA","SG,G,SF,F,Util","","","","","21","52","0.404","19","17","78","17","10","6","3","3","19","0","0","0","0","https://s.yimg.com/iu/api/res/1.2/r0NdE1BOdpsu6Mgod5oPdw--~C/YXBwaWQ9eXNwb3J0cztjaD0yMzM2O2NyPTE7Y3c9MTc5MDtkeD04NTc7ZHk9MDtmaT11bGNyb3A7aD02MDtxPTEwMDt3PTQ2/https://s.yimg.com/xe/i/us/sp/v/nba_cutout/players_l/02132026/6259.1.png"
"466.p.10441","410","Niederhäuser","Yanic Konan","LAC","Injured","INJ - Foot","C,Util,IL,IL+","","","","","64","100","0.640","47","1","176","117","12","5","30","23","66","0","1","0","0","https://s.yimg.com/iu/api/res/1.2/teG2qdY9BlHeU1lvoUPi6A--~C/YXBwaWQ9eXNwb3J0cztjaD0yMzM2O2NyPTE7Y3c9MTc5MDtkeD04NTc7ZHk9MDtmaT11bGNyb3A7aD02MDtxPTEwMDt3PTQ2/https://s.yimg.com/xe/i/us/sp/v/nba_cutout/players_l/10202025/10441.png"
"466.p.10529","411","Burton","Tyler","MEM","Available","","SF,F,Util","","","","","32","92","0.348","21","17","102","43","11","10","4","9","28","0","0","0","0","https://s.yimg.com/iu/api/res/1.2/O_CfNCmo.HPZd7Ps2p1Dtw--~C/YXBwaWQ9eXNwb3J0cztjaD0yMzM2O2NyPTE7Y3c9MTc5MDtkeD04NTc7ZHk9MDtmaT11bGNyb3A7aD02MDtxPTEwMDt3PTQ2/https://s.yimg.com/xe/i/us/sp/v/nba_cutout/players_l/11172025/10529.png"
"466.p.10281","412","Dillingham","Rob","CHI","Available","","PG,G,Util","","","","","123","320","0.384","29","31","306","99","124","40","4","75","99","1","0","0","0","https://s.yimg.com/iu/api/res/1.2/B0e0jzZnxeEiz.Ioc01_NA--~C/YXBwaWQ9eXNwb3J0cztjaD0yMzM2O2NyPTE7Y3c9MTc5MDtkeD04NTc7ZHk9MDtmaT11bGNyb3A7aD02MDtxPTEwMDt3PTQ2/https://s.yimg.com/xe/i/us/sp/v/nba_cutout/players_l/02132026/10281.1.png"
"466.p.10486","413","Lanier","Chaz","DET","Available","","SG,G,Util","","","","","25","73","0.342","5","18","73","20","15","7","0","2","11","0","0","0","0","https://s.yimg.com/iu/api/res/1.2/OanDybAVASDeT5AuRMkgqg--~C/YXBwaWQ9eXNwb3J0cztjaD0yMzM2O2NyPTE7Y3c9MTc5MDtkeD04NTc7ZHk9MDtmaT11bGNyb3A7aD02MDtxPTEwMDt3PTQ2/https://s.yimg.com/xe/i/us/sp/v/nba_cutout/players_l/11172025/10486.png"
"466.p.6776","414","Jackson","Quenton","IND","Available","","PG,SG,G,Util","","","","","120","252","0.476","75","36","351","92","100","22","6","51","66","6","0","1","0","https://s.yimg.com/iu/api/res/1.2/bnjQAxaOFgLNUc3sxTp6Ow--~C/YXBwaWQ9eXNwb3J0cztjaD0yMzM2O2NyPTE7Y3c9MTc5MDtkeD04NTc7ZHk9MDtmaT11bGNyb3A7aD02MDtxPTEwMDt3PTQ2/https://s.yimg.com/xe/i/us/sp/v/nba_cutout/players_l/11172025/6776.png"
"466.p.6801","415","Cain","Jamal","ORL","Available","","SG,G,SF,F,Util","","","","","47","107","0.439","24","19","137","51","18","7","2","17","38","0","0","0","0","https://s.yimg.com/iu/api/res/1.2/L4LUiGYcJ6Nc08tBWYQkIA--~C/YXBwaWQ9eXNwb3J0cztjaD0yMzM2O2NyPTE7Y3c9MTc5MDtkeD04NTc7ZHk9MDtmaT11bGNyb3A7aD02MDtxPTEwMDt3PTQ2/https://s.yimg.com/xe/i/us/sp/v/nba_cutout/players_l/11172025/6801.png"
"466.p.10280","416","Shannon Jr.","Terrence","MIN","Available","","SF,PF,F,Util","","","","","45","112","0.402","32","21","143","37","24","11","1","18","41","0","0","0","0","https://s.yimg.com/iu/api/res/1.2/NZaZpwl9q5jKKZVNJ2Z4pQ--~C/YXBwaWQ9eXNwb3J0cztjaD0yMzM2O2NyPTE7Y3c9MTc5MDtkeD04NTc7ZHk9MDtmaT11bGNyb3A7aD02MDtxPTEwMDt3PTQ2/https://s.yimg.com/xe/i/us/sp/v/nba_cutout/players_l/11172025/10280.png"
"466.p.6757","417","Pippen Jr.","Scotty","MEM","Injured","INJ - Toe","PG,SG,G,Util,IL,IL+","127.7","12.7","$1.8","3%","43","96","0.448","18","10","114","22","47","19","4","27","31","1","0","0","0","https://s.yimg.com/iu/api/res/1.2/jETPd.S6mLCq7anM8HXe3g--~C/YXBwaWQ9eXNwb3J0cztjaD0yMzM2O2NyPTE7Y3c9MTc5MDtkeD04NTc7ZHk9MDtmaT11bGNyb3A7aD02MDtxPTEwMDt3PTQ2/https://s.yimg.com/xe/i/us/sp/v/nba_cutout/players_l/11172025/6757.png"
"466.p.5192","418","Plumlee","Mason","SAS","Available","","C,Util","","","","","10","13","0.769","9","0","29","50","19","9","0","11","16","0","0","0","0","https://s.yimg.com/iu/api/res/1.2/Dymm4lrq8hmXWS6epQ_f5g--~C/YXBwaWQ9eXNwb3J0cztjaD0yMzM2O2NyPTE7Y3c9MTc5MDtkeD04NTc7ZHk9MDtmaT11bGNyb3A7aD02MDtxPTEwMDt3PTQ2/https://s.yimg.com/xe/i/us/sp/v/nba_cutout/players_l/02132026/5192.3.png"
"466.p.10411","419","Leons","Malevy","GSW","Available","","SF,F,Util","","","","","20","46","0.435","6","3","49","36","10","8","7","6","20","0","0","0","0","https://s.yimg.com/iu/api/res/1.2/TcM85WhJ.fAOHWf2QKLjIw--~C/YXBwaWQ9eXNwb3J0cztjaD0yMDA7Y3I9MTtjdz0xNTM7ZHg9NzQ7ZHk9MDtmaT11bGNyb3A7aD02MDtxPTEwMDt3PTQ2/https://s.yimg.com/dh/ap/default/140828/silhouette@2x.png"
"466.p.6603","420","Lawson","A.J.","TOR","Available","","SG,G,SF,F,Util","","","","","21","48","0.438","9","12","63","27","5","7","3","4","19","0","0","0","0","https://s.yimg.com/iu/api/res/1.2/HdIyHNCo0wH6d4pJ4h40qw--~C/YXBwaWQ9eXNwb3J0cztjaD0yMzM2O2NyPTE7Y3c9MTc5MDtkeD04NTc7ZHk9MDtmaT11bGNyb3A7aD02MDtxPTEwMDt3PTQ2/https://s.yimg.com/xe/i/us/sp/v/nba_cutout/players_l/11172025/6603.1.png"
"466.p.6785","421","Etienne","Tyson","BKN","Available","","PG,G,Util","","","","","33","78","0.423","14","29","109","12","22","6","0","9","28","0","0","0","0","https://s.yimg.com/iu/api/res/1.2/efTy8yPtg0oJwhdR5eD5zw--~C/YXBwaWQ9eXNwb3J0cztjaD0yMzM2O2NyPTE7Y3c9MTc5MDtkeD04NTc7ZHk9MDtmaT11bGNyb3A7aD02MDtxPTEwMDt3PTQ2/https://s.yimg.com/xe/i/us/sp/v/nba_cutout/players_l/10312025/6785.png"
"466.p.5338","422","Bogdanović","Bogdan","LAC","Available","","SG,G,SF,F,Util","","","","","53","141","0.376","20","28","154","56","51","10","1","26","44","0","0","0","0","https://s.yimg.com/iu/api/res/1.2/9eFO4huGk_7K8KHuT1W.zg--~C/YXBwaWQ9eXNwb3J0cztjaD0yMzM2O2NyPTE7Y3c9MTc5MDtkeD04NTc7ZHk9MDtmaT11bGNyb3A7aD02MDtxPTEwMDt3PTQ2/https://s.yimg.com/xe/i/us/sp/v/nba_cutout/players_l/02072025/5338.png"
"466.p.6637","423","Thompson","Ethan","IND","Available","","SG,G,Util","","","","","45","123","0.366","12","24","126","45","35","15","7","16","51","0","0","0","0","https://s.yimg.com/iu/api/res/1.2/_drYmF7F_G2mo6pCU9lkww--~C/YXBwaWQ9eXNwb3J0cztjaD0yMzM2O2NyPTE7Y3c9MTc5MDtkeD04NTc7ZHk9MDtmaT11bGNyb3A7aD02MDtxPTEwMDt3PTQ2/https://s.yimg.com/xe/i/us/sp/v/nba_cutout/players_l/01152026/6637.1.png"
"466.p.6604","424","Watford","Trendon","PHI","Available","","PF,F,C,Util","","","","","135","265","0.509","58","10","338","173","129","16","21","62","105","3","1","1","1","https://s.yimg.com/iu/api/res/1.2/nAyjyidW78lX2DfZDAhEqw--~C/YXBwaWQ9eXNwb3J0cztjaD0yMzM2O2NyPTE7Y3c9MTc5MDtkeD04NTc7ZHk9MDtmaT11bGNyb3A7aD02MDtxPTEwMDt3PTQ2/https://s.yimg.com/xe/i/us/sp/v/nba_cutout/players_l/11132025/6604.png"
"466.p.6743","425","Davison","JD","HOU","Available","","PG,SG,G,Util","","","","","21","54","0.389","5","8","55","23","28","5","4","7","16","0","0","0","0","https://s.yimg.com/iu/api/res/1.2/LCux1KKs465Jc13uxG0iew--~C/YXBwaWQ9eXNwb3J0cztjaD0yMzM2O2NyPTE7Y3c9MTc5MDtkeD04NTc7ZHk9MDtmaT11bGNyb3A7aD02MDtxPTEwMDt3PTQ2/https://s.yimg.com/xe/i/us/sp/v/nba_cutout/players_l/11172025/6743.png"
"466.p.6687","426","Waters III","Lindy","SAS","Available","","SG,G,SF,F,Util","","","","","32","86","0.372","2","26","92","28","19","5","1","7","23","0","0","0","0","https://s.yimg.com/iu/api/res/1.2/RP41kAamhuEJf7PBVpFDiQ--~C/YXBwaWQ9eXNwb3J0cztjaD0yMzM2O2NyPTE7Y3c9MTc5MDtkeD04NTc7ZHk9MDtmaT11bGNyb3A7aD02MDtxPTEwMDt3PTQ2/https://s.yimg.com/xe/i/us/sp/v/nba_cutout/players_l/11172025/6687.png"
"466.p.4469","427","Gordon","Eric","MEM","NotAvailable","NA","SG,G,SF,F,Util","","","","","12","21","0.571","1","8","33","2","3","4","1","3","3","0","0","0","0","https://s.yimg.com/iu/api/res/1.2/v4cEyv7LS29F_YNzTQW42Q--~C/YXBwaWQ9eXNwb3J0cztjaD0yMzM2O2NyPTE7Y3c9MTc5MDtkeD04NTc7ZHk9MDtmaT11bGNyb3A7aD02MDtxPTEwMDt3PTQ2/https://s.yimg.com/xe/i/us/sp/v/nba_cutout/players_l/10282024/4469.png"
"466.p.6427","428","Tillman","Xavier","CHA","Available","","PF,F,C,Util","","","","","16","41","0.390","1","3","36","38","11","8","3","8","13","0","0","0","0","https://s.yimg.com/iu/api/res/1.2/9ezUqVHfcTkiAg33zJ98DA--~C/YXBwaWQ9eXNwb3J0cztjaD0yMzM2O2NyPTE7Y3c9MTc5MDtkeD04NTc7ZHk9MDtmaT11bGNyb3A7aD02MDtxPTEwMDt3PTQ2/https://s.yimg.com/xe/i/us/sp/v/nba_cutout/players_l/02132026/6427.3.png"
"466.p.6621","429","Jarreau","DeJon","MEM","Available","","PG,SG,G,Util","","","","","28","67","0.418","12","4","72","41","30","8","4","18","24","0","0","0","0","https://s.yimg.com/iu/api/res/1.2/22cJmUV3hcCMuwUTs2kM9w--~C/YXBwaWQ9eXNwb3J0cztjaD0yMzM2O2NyPTE7Y3c9MTc5MDtkeD04NTc7ZHk9MDtmaT11bGNyb3A7aD02MDtxPTEwMDt3PTQ2/https://s.yimg.com/xe/i/us/sp/v/nba_cutout/players_l/10112021/6621.png"
"466.p.10415","430","Kawamura","Yuki","CHI","Available","","PG,G,Util","","","","","8","24","0.333","12","5","33","21","32","6","0","11","8","0","0","0","0","https://s.yimg.com/iu/api/res/1.2/00OsnXgTAsqKraScVOrzyg--~C/YXBwaWQ9eXNwb3J0cztjaD0yMzM2O2NyPTE7Y3c9MTc5MDtkeD04NTc7ZHk9MDtmaT11bGNyb3A7aD02MDtxPTEwMDt3PTQ2/https://s.yimg.com/xe/i/us/sp/v/nba_cutout/players_l/11132025/10415.png"
"466.p.6155","431","Highsmith","Haywood","PHX","Injured","INJ - Knee","SF,PF,F,Util,IL,IL+","","","","","10","20","0.500","5","8","33","13","7","4","0","0","8","0","0","0","0","https://s.yimg.com/iu/api/res/1.2/LZgAf9k8oBZW33uXqPPimQ--~C/YXBwaWQ9eXNwb3J0cztjaD0yMzM2O2NyPTE7Y3c9MTc5MDtkeD04NTc7ZHk9MDtmaT11bGNyb3A7aD02MDtxPTEwMDt3PTQ2/https://s.yimg.com/xe/i/us/sp/v/nba_cutout/players_l/10312025/6155.png"
"466.p.10097","432","Lively II","Dereck","DAL","Injured","INJ - Foot","C,Util,IL,IL+","107.2","11.1","$3.5","85%","11","18","0.611","8","0","30","37","13","4","11","10","21","0","0","0","0","https://s.yimg.com/iu/api/res/1.2/h8LdCpLeQ36OQTVic.V0hQ--~C/YXBwaWQ9eXNwb3J0cztjaD0yMzM2O2NyPTE7Y3c9MTc5MDtkeD04NTc7ZHk9MDtmaT11bGNyb3A7aD02MDtxPTEwMDt3PTQ2/https://s.yimg.com/xe/i/us/sp/v/nba_cutout/players_l/11172025/10097.png"
"466.p.10536","433","Youngblood","Chris","POR","Available","","SG,G,Util","","","","","22","63","0.349","9","18","71","28","12","4","3","2","21","0","0","0","0","https://s.yimg.com/iu/api/res/1.2/_.Ey6ArPAlGKQrVPygph1A--~C/YXBwaWQ9eXNwb3J0cztjaD0yMzM2O2NyPTE7Y3c9MTc5MDtkeD04NTc7ZHk9MDtmaT11bGNyb3A7aD02MDtxPTEwMDt3PTQ2/https://s.yimg.com/xe/i/us/sp/v/nba_cutout/players_l/11182025/10536.png"
"466.p.10478","434","Barnhizer","Brooks","OKC","Available","","SG,G,Util","","","","","19","50","0.380","4","5","47","63","18","6","4","8","23","0","0","0","0","https://s.yimg.com/iu/api/res/1.2/.iZUhJ5eh286nwTHc8dnXw--~C/YXBwaWQ9eXNwb3J0cztjaD0yMzM2O2NyPTE7Y3c9MTc5MDtkeD04NTc7ZHk9MDtmaT11bGNyb3A7aD02MDtxPTEwMDt3PTQ2/https://s.yimg.com/xe/i/us/sp/v/nba_cutout/players_l/11172025/10478.png"
"466.p.10544","435","Cryer","LJ","GSW","Available","","PG,G,Util","","","","","35","90","0.389","11","30","111","25","13","2","0","10","23","0","0","0","0","https://s.yimg.com/iu/api/res/1.2/vNyZlzLKWKBzQrzdbD56hw--~C/YXBwaWQ9eXNwb3J0cztjaD0yMzM2O2NyPTE7Y3c9MTc5MDtkeD04NTc7ZHk9MDtmaT11bGNyb3A7aD02MDtxPTEwMDt3PTQ2/https://s.yimg.com/xe/i/us/sp/v/nba_cutout/players_l/01152026/10544.1.png"
"466.p.10559","436","Reese","Julian","WAS","Available","","PF,F,C,Util","","","","","32","55","0.582","16","0","80","77","13","7","3","19","30","1","0","2","0","https://s.yimg.com/iu/api/res/1.2/TcM85WhJ.fAOHWf2QKLjIw--~C/YXBwaWQ9eXNwb3J0cztjaD0yMDA7Y3I9MTtjdz0xNTM7ZHg9NzQ7ZHk9MDtmaT11bGNyb3A7aD02MDtxPTEwMDt3PTQ2/https://s.yimg.com/dh/ap/default/140828/silhouette@2x.png"
"466.p.6762","437","Juzang","Johnny","MIN","NotAvailable","NA","SG,G,SF,F,Util","","","","","16","38","0.421","5","6","43","17","6","2","1","5","3","0","0","0","0","https://s.yimg.com/iu/api/res/1.2/8EqkF2yapEUPD8RmIailfg--~C/YXBwaWQ9eXNwb3J0cztjaD0yMzM2O2NyPTE7Y3c9MTc5MDtkeD04NTc7ZHk9MDtmaT11bGNyb3A7aD02MDtxPTEwMDt3PTQ2/https://s.yimg.com/xe/i/us/sp/v/nba_cutout/players_l/11172025/6762.png"
"466.p.10564","438","Garcia","Andersson","UTA","NotAvailable","NA","PF,F,Util","","","","","9","29","0.310","7","1","26","42","14","8","4","7","16","0","0","0","0","https://s.yimg.com/iu/api/res/1.2/TcM85WhJ.fAOHWf2QKLjIw--~C/YXBwaWQ9eXNwb3J0cztjaD0yMDA7Y3I9MTtjdz0xNTM7ZHg9NzQ7ZHk9MDtmaT11bGNyb3A7aD02MDtxPTEwMDt3PTQ2/https://s.yimg.com/dh/ap/default/140828/silhouette@2x.png"
"466.p.10497","439","Peavy","Micah","NOP","Available","","SG,G,SF,F,Util","","","","","87","231","0.377","13","21","208","97","48","34","6","15","74","0","1","0","0","https://s.yimg.com/iu/api/res/1.2/09aTQOi9PzEdtRONiDqUpw--~C/YXBwaWQ9eXNwb3J0cztjaD0yMzM2O2NyPTE7Y3c9MTc5MDtkeD04NTc7ZHk9MDtmaT11bGNyb3A7aD02MDtxPTEwMDt3PTQ2/https://s.yimg.com/xe/i/us/sp/v/nba_cutout/players_l/11172025/10497.png"
"466.p.6719","440","Washington Jr.","TyTy","LAC","Available","","PG,G,Util","","","","","9","18","0.500","0","3","21","3","14","4","2","3","4","0","0","0","0","https://s.yimg.com/iu/api/res/1.2/d7mvbycmB6ZHF7M7c5v_Fw--~C/YXBwaWQ9eXNwb3J0cztjaD0yMzM2O2NyPTE7Y3c9MTc5MDtkeD04NTc7ZHk9MDtmaT11bGNyb3A7aD02MDtxPTEwMDt3PTQ2/https://s.yimg.com/xe/i/us/sp/v/nba_cutout/players_l/10242023/6719.png"
"466.p.6399","441","Hayes","Killian","SAC","Available","","PG,G,Util","","","","","30","98","0.306","10","12","82","40","60","9","4","20","27","0","0","0","0","https://s.yimg.com/iu/api/res/1.2/xbSKawsnkjBufu5.nMJsdg--~C/YXBwaWQ9eXNwb3J0cztjaD0yMzM2O2NyPTE7Y3c9MTc5MDtkeD04NTc7ZHk9MDtmaT11bGNyb3A7aD02MDtxPTEwMDt3PTQ2/https://s.yimg.com/xe/i/us/sp/v/nba_cutout/players_l/10172023/6399.png"
"466.p.10482","442","Olbrich","Lachlan","CHI","Available","","PF,F,Util","","","","","18","36","0.500","9","2","47","58","19","6","3","9","29","0","0","0","0","https://s.yimg.com/iu/api/res/1.2/VbEqbfMvpBRz9_dHs6OszA--~C/YXBwaWQ9eXNwb3J0cztjaD0yMzM2O2NyPTE7Y3c9MTc5MDtkeD04NTc7ZHk9MDtmaT11bGNyb3A7aD02MDtxPTEwMDt3PTQ2/https://s.yimg.com/xe/i/us/sp/v/nba_cutout/players_l/10202025/10482.png"
"466.p.5245","443","Curry","Seth","GSW","Available","","SG,G,Util","","","","","10","18","0.556","3","4","27","7","7","2","0","0","4","0","0","0","0","https://s.yimg.com/iu/api/res/1.2/03fNm3A4ajP_p9.JUtl5nw--~C/YXBwaWQ9eXNwb3J0cztjaD0yMzM2O2NyPTE7Y3c9MTc5MDtkeD04NTc7ZHk9MDtmaT11bGNyb3A7aD02MDtxPTEwMDt3PTQ2/https://s.yimg.com/xe/i/us/sp/v/nba_cutout/players_l/01152026/5245.1.png"
"466.p.10418","444","Smith","Tolu","DET","Available","","C,Util","","","","","13","25","0.520","13","0","39","36","8","2","5","6","17","0","0","0","0","https://s.yimg.com/iu/api/res/1.2/O6ftZs.lJYzbSfWV2xjcbg--~C/YXBwaWQ9eXNwb3J0cztjaD0yMzM2O2NyPTE7Y3c9MTc5MDtkeD04NTc7ZHk9MDtmaT11bGNyb3A7aD02MDtxPTEwMDt3PTQ2/https://s.yimg.com/xe/i/us/sp/v/nba_cutout/players_l/11172025/10418.png"
"466.p.10297","445","Dadiet","Pacôme","NYK","Available","","SF,PF,F,Util","","","","","9","29","0.310","6","5","29","20","10","3","1","2","5","0","0","0","0","https://s.yimg.com/iu/api/res/1.2/P_gEgf_MOqE__rtFWENCIA--~C/YXBwaWQ9eXNwb3J0cztjaD0yMzM2O2NyPTE7Y3c9MTc5MDtkeD04NTc7ZHk9MDtmaT11bGNyb3A7aD02MDtxPTEwMDt3PTQ2/https://s.yimg.com/xe/i/us/sp/v/nba_cutout/players_l/11252025/10297.png"
"466.p.10300","446","Johnson","AJ","DAL","Available","","PG,SG,G,Util","","","","","42","131","0.321","19","9","112","46","37","9","2","24","22","0","0","0","0","https://s.yimg.com/iu/api/res/1.2/qPvJH3djQM_FytTBUj8Dig--~C/YXBwaWQ9eXNwb3J0cztjaD0yMzM2O2NyPTE7Y3c9MTc5MDtkeD04NTc7ZHk9MDtmaT11bGNyb3A7aD02MDtxPTEwMDt3PTQ2/https://s.yimg.com/xe/i/us/sp/v/nba_cutout/players_l/11172025/10300.png"
"466.p.6254","447","Dort","Luguentz","OKC","Available","","SG,G,SF,F,Util","117.6","11.7","$1.3","5%","182","482","0.378","44","114","522","231","76","50","26","50","171","2","2","0","0","https://s.yimg.com/iu/api/res/1.2/XuoCanrZnrFs2gZ.rO7duA--~C/YXBwaWQ9eXNwb3J0cztjaD0yMzM2O2NyPTE7Y3c9MTc5MDtkeD04NTc7ZHk9MDtmaT11bGNyb3A7aD02MDtxPTEwMDt3PTQ2/https://s.yimg.com/xe/i/us/sp/v/nba_cutout/players_l/11172025/6254.png"
"466.p.10082","448","Jackson Jr.","Andre","MIL","Available","","SG,G,SF,F,Util","","","","","28","85","0.329","14","12","82","52","34","15","2","24","35","0","0","0","0","https://s.yimg.com/iu/api/res/1.2/LyIaug7jWNYCsA8zlmYbnw--~C/YXBwaWQ9eXNwb3J0cztjaD0yMzM2O2NyPTE7Y3c9MTc5MDtkeD04NTc7ZHk9MDtmaT11bGNyb3A7aD02MDtxPTEwMDt3PTQ2/https://s.yimg.com/xe/i/us/sp/v/nba_cutout/players_l/11172025/10082.png"
"466.p.10383","449","Stevens","Isaiah","SAC","Injured","INJ - Ankle","PG,G,Util,IL,IL+","","","","","3","7","0.429","4","0","10","3","10","5","0","2","2","0","0","0","0","https://s.yimg.com/iu/api/res/1.2/cucRyzFK5xHpn1mWrrEhfg--~C/YXBwaWQ9eXNwb3J0cztjaD0yMzM2O2NyPTE7Y3c9MTc5MDtkeD04NTc7ZHk9MDtmaT11bGNyb3A7aD02MDtxPTEwMDt3PTQ2/https://s.yimg.com/xe/i/us/sp/v/nba_cutout/players_l/11132025/10383.png"
"466.p.5362","450","Antetokounmpo","Thanasis","MIL","Injured","INJ - Calf","PF,F,Util,IL,IL+","","","","","11","23","0.478","15","0","37","27","9","10","5","8","13","1","0","0","0","https://s.yimg.com/iu/api/res/1.2/3A3hgzEsqPD4jll8_oTaoA--~C/YXBwaWQ9eXNwb3J0cztjaD0yMzM2O2NyPTE7Y3c9MTc5MDtkeD04NTc7ZHk9MDtmaT11bGNyb3A7aD02MDtxPTEwMDt3PTQ2/https://s.yimg.com/xe/i/us/sp/v/nba_cutout/players_l/11172025/5362.png"
"466.p.10528","451","Lovering","Lawson","MEM","NotAvailable","NA","C,Util","","","","","6","10","0.600","2","0","14","15","3","3","1","2","7","0","0","1","0","https://s.yimg.com/iu/api/res/1.2/CD_CQwygFxLFPiMEsQBeZQ--~C/YXBwaWQ9eXNwb3J0cztjaD0yMzM2O2NyPTE7Y3c9MTc5MDtkeD04NTc7ZHk9MDtmaT11bGNyb3A7aD02MDtxPTEwMDt3PTQ2/https://s.yimg.com/xe/i/us/sp/v/nba_cutout/players_l/11172025/10528.png"
"466.p.6434","452","Richards","Nick","CHI","Injured","INJ - Elbow","C,Util,IL,IL+","","","","","103","201","0.512","65","5","276","243","16","10","32","59","88","3","1","4","0","https://s.yimg.com/iu/api/res/1.2/GnjSw65NUSevi.ITp.VtJw--~C/YXBwaWQ9eXNwb3J0cztjaD0yMzM2O2NyPTE7Y3c9MTc5MDtkeD04NTc7ZHk9MDtmaT11bGNyb3A7aD02MDtxPTEwMDt3PTQ2/https://s.yimg.com/xe/i/us/sp/v/nba_cutout/players_l/02132026/6434.1.png"
"466.p.10473","453","Williams","Amari","BOS","Available","","C,Util","","","","","8","17","0.471","8","0","24","32","8","2","9","9","15","0","0","0","0","https://s.yimg.com/iu/api/res/1.2/0BxQKs6ov6fETxsHl75kLw--~C/YXBwaWQ9eXNwb3J0cztjaD0yMzM2O2NyPTE7Y3c9MTc5MDtkeD04NTc7ZHk9MDtmaT11bGNyb3A7aD02MDtxPTEwMDt3PTQ2/https://s.yimg.com/xe/i/us/sp/v/nba_cutout/players_l/10202025/10473.png"
"466.p.10338","454","Reeves","Antonio","CHA","Available","","SG,G,SF,F,Util","","","","","10","20","0.500","0","7","27","8","2","1","0","1","3","0","0","0","0","https://s.yimg.com/iu/api/res/1.2/DoCxQ2C6NvMCx9C2LOWMFg--~C/YXBwaWQ9eXNwb3J0cztjaD0yMzM2O2NyPTE7Y3c9MTc5MDtkeD04NTc7ZHk9MDtmaT11bGNyb3A7aD02MDtxPTEwMDt3PTQ2/https://s.yimg.com/xe/i/us/sp/v/nba_cutout/players_l/11172025/10338.png"
"466.p.10504","455","Kelly","Miles","DAL","NotAvailable","NA - Shoulder","PG,G,Util","","","","","16","44","0.364","1","10","43","24","12","4","1","6","12","0","0","0","0","https://s.yimg.com/iu/api/res/1.2/rm8CzP3Qz6rM3B9etbE7YQ--~C/YXBwaWQ9eXNwb3J0cztjaD0yMzM2O2NyPTE7Y3c9MTc5MDtkeD04NTc7ZHk9MDtmaT11bGNyb3A7aD02MDtxPTEwMDt3PTQ2/https://s.yimg.com/xe/i/us/sp/v/nba_cutout/players_l/10202025/10504.png"
"466.p.6716","456","Moore Jr.","Wendell","DET","Available","","SF,F,Util","","","","","4","7","0.571","2","0","10","6","3","2","2","1","1","0","0","0","0","https://s.yimg.com/iu/api/res/1.2/zhJB8uQBpClbtBP3ywawkw--~C/YXBwaWQ9eXNwb3J0cztjaD0yMzM2O2NyPTE7Y3c9MTc5MDtkeD04NTc7ZHk9MDtmaT11bGNyb3A7aD02MDtxPTEwMDt3PTQ2/https://s.yimg.com/xe/i/us/sp/v/nba_cutout/players_l/10282024/6716.png"
"466.p.4631","457","Gibson","Taj","MEM","Out","O - Foot","PF,F,C,Util,IL+","","","","","10","18","0.556","5","3","28","15","4","2","1","1","10","0","0","0","0","https://s.yimg.com/iu/api/res/1.2/wWoHWEBJgMCEqlhUrcXGIQ--~C/YXBwaWQ9eXNwb3J0cztjaD0yMzM2O2NyPTE7Y3c9MTc5MDtkeD04NTc7ZHk9MDtmaT11bGNyb3A7aD02MDtxPTEwMDt3PTQ2/https://s.yimg.com/xe/i/us/sp/v/nba_cutout/players_l/10242024/4631.png"
"466.p.6595","458","Bassey","Charles","BOS","Available","","C,Util","","","","","6","12","0.500","2","0","14","18","2","2","2","1","5","0","0","0","0","https://s.yimg.com/iu/api/res/1.2/p_pyGzKC8L9gPhzyvovdmg--~C/YXBwaWQ9eXNwb3J0cztjaD0yMzM2O2NyPTE7Y3c9MTc5MDtkeD04NTc7ZHk9MDtmaT11bGNyb3A7aD02MDtxPTEwMDt3PTQ2/https://s.yimg.com/xe/i/us/sp/v/nba_cutout/players_l/02122026/6595.2.png"
"466.p.6718","459","Baldwin Jr.","Patrick","SAC","Available","","PF,F,Util","","","","","11","27","0.407","5","6","33","23","5","3","5","5","15","0","0","0","0","https://s.yimg.com/iu/api/res/1.2/_YE75P6C4aO_Lz3TnEaveg--~C/YXBwaWQ9eXNwb3J0cztjaD0yMzM2O2NyPTE7Y3c9MTc5MDtkeD04NTc7ZHk9MDtmaT11bGNyb3A7aD02MDtxPTEwMDt3PTQ2/https://s.yimg.com/xe/i/us/sp/v/nba_cutout/players_l/02122026/6718.2.png"
"466.p.10391","460","Battle","Jamison","TOR","Out","O - Not Injury Related","SF,PF,F,Util,IL+","","","","","68","136","0.500","8","35","179","87","22","7","3","19","42","0","1","0","0","https://s.yimg.com/iu/api/res/1.2/BsGgJteAhXYYiPQOrya3CQ--~C/YXBwaWQ9eXNwb3J0cztjaD0yMzM2O2NyPTE7Y3c9MTc5MDtkeD04NTc7ZHk9MDtmaT11bGNyb3A7aD02MDtxPTEwMDt3PTQ2/https://s.yimg.com/xe/i/us/sp/v/nba_cutout/players_l/11172025/10391.1.png"
"466.p.10490","461","Martin","Alijah","TOR","Available","","SG,G,Util","","","","","15","41","0.366","14","4","48","19","9","8","4","5","10","1","0","0","0","https://s.yimg.com/iu/api/res/1.2/o03KiPLbMGyioZacHfDcmw--~C/YXBwaWQ9eXNwb3J0cztjaD0yMzM2O2NyPTE7Y3c9MTc5MDtkeD04NTc7ZHk9MDtmaT11bGNyb3A7aD02MDtxPTEwMDt3PTQ2/https://s.yimg.com/xe/i/us/sp/v/nba_cutout/players_l/11172025/10490.1.png"
"466.p.10286","462","Holmes II","DaRon","DEN","Available","","PF,F,C,Util","","","","","30","58","0.517","9","19","88","30","16","0","4","11","19","1","0","0","0","https://s.yimg.com/iu/api/res/1.2/4q8rmxmNY5lMxxxE6WS70A--~C/YXBwaWQ9eXNwb3J0cztjaD0yMzM2O2NyPTE7Y3c9MTc5MDtkeD04NTc7ZHk9MDtmaT11bGNyb3A7aD02MDtxPTEwMDt3PTQ2/https://s.yimg.com/xe/i/us/sp/v/nba_cutout/players_l/11172025/10286.png"
"466.p.5659","463","Labissière","Skal","WAS","NotAvailable","NA","PF,F,C,Util","","","","","6","10","0.600","0","1","13","9","3","2","1","1","3","0","0","0","0","https://s.yimg.com/iu/api/res/1.2/CvrtBT6HcBnLpgTwMdOB0g--~C/YXBwaWQ9eXNwb3J0cztjaD0yMzM2O2NyPTE7Y3c9MTc5MDtkeD04NTc7ZHk9MDtmaT11bGNyb3A7aD02MDtxPTEwMDt3PTQ2/https://s.yimg.com/xe/i/us/sp/v/nba_cutout/players_l/02132026/5659.3.png"
"466.p.6276","464","Jeffries","DaQuan","SAC","Available","","SF,PF,F,Util","","","","","11","19","0.579","5","4","31","5","1","2","0","0","9","0","0","0","0","https://s.yimg.com/iu/api/res/1.2/0m8sIA7TAkz6.nsmvKAH9A--~C/YXBwaWQ9eXNwb3J0cztjaD0yMzM2O2NyPTE7Y3c9MTc5MDtkeD04NTc7ZHk9MDtmaT11bGNyb3A7aD02MDtxPTEwMDt3PTQ2/https://s.yimg.com/xe/i/us/sp/v/nba_cutout/players_l/12302024/6276.png"
"466.p.10320","465","Crawford","Isaiah","HOU","Available","","SF,F,Util","","","","","6","18","0.333","3","2","17","10","4","2","3","3","3","0","0","0","0","https://s.yimg.com/iu/api/res/1.2/owveNjUXoKAbtcGsPwAk9g--~C/YXBwaWQ9eXNwb3J0cztjaD0yMzM2O2NyPTE7Y3c9MTc5MDtkeD04NTc7ZHk9MDtmaT11bGNyb3A7aD02MDtxPTEwMDt3PTQ2/https://s.yimg.com/xe/i/us/sp/v/nba_cutout/players_l/11172025/10320.png"
"466.p.10561","466","Nelson","Grant","BKN","NotAvailable","NA","SF,PF,F,Util","","","","","5","9","0.556","7","0","17","6","5","1","5","4","6","0","0","0","0","https://s.yimg.com/iu/api/res/1.2/TcM85WhJ.fAOHWf2QKLjIw--~C/YXBwaWQ9eXNwb3J0cztjaD0yMDA7Y3I9MTtjdz0xNTM7ZHg9NzQ7ZHk9MDtmaT11bGNyb3A7aD02MDtxPTEwMDt3PTQ2/https://s.yimg.com/dh/ap/default/140828/silhouette@2x.png"
"466.p.10367","467","Minix","Riley","CLE","Available","","SF,F,Util","","","","","8","12","0.667","0","3","19","5","4","1","0","2","3","0","0","0","0","https://s.yimg.com/iu/api/res/1.2/J1PlPS496dKcLOreefnczQ--~C/YXBwaWQ9eXNwb3J0cztjaD0yMzM2O2NyPTE7Y3c9MTc5MDtkeD04NTc7ZHk9MDtmaT11bGNyb3A7aD02MDtxPTEwMDt3PTQ2/https://s.yimg.com/xe/i/us/sp/v/nba_cutout/players_l/11172025/10367.png"
"466.p.10410","468","Miller","Emanuel","SAS","Available","","SF,F,Util","","","","","6","13","0.462","1","2","15","3","4","2","0","0","2","0","0","0","0","https://s.yimg.com/iu/api/res/1.2/9ICTp09CjlAeeR2q4f5Jdg--~C/YXBwaWQ9eXNwb3J0cztjaD0yMzM2O2NyPTE7Y3c9MTc5MDtkeD04NTc7ZHk9MDtmaT11bGNyb3A7aD02MDtxPTEwMDt3PTQ2/https://s.yimg.com/xe/i/us/sp/v/nba_cutout/players_l/02132026/10410.1.png"
"466.p.10455","469","Traore","Nolan","BKN","Available","","PG,G,Util","","","","","159","426","0.373","64","52","434","85","196","38","20","117","112","1","1","1","0","https://s.yimg.com/iu/api/res/1.2/NUxyTSqaycHqvrMDd34gsw--~C/YXBwaWQ9eXNwb3J0cztjaD0yMzM2O2NyPTE7Y3c9MTc5MDtkeD04NTc7ZHk9MDtmaT11bGNyb3A7aD02MDtxPTEwMDt3PTQ2/https://s.yimg.com/xe/i/us/sp/v/nba_cutout/players_l/10202025/10455.png"
"466.p.5894","470","Boucher","Chris","UTA","NotAvailable","NA","PF,F,C,Util","","","","","8","25","0.320","3","2","21","18","3","5","7","1","17","0","0","0","0","https://s.yimg.com/iu/api/res/1.2/g5na77JcgXOFPfuiFyK1cQ--~C/YXBwaWQ9eXNwb3J0cztjaD0yMzM2O2NyPTE7Y3c9MTc5MDtkeD04NTc7ZHk9MDtmaT11bGNyb3A7aD02MDtxPTEwMDt3PTQ2/https://s.yimg.com/xe/i/us/sp/v/nba_cutout/players_l/02132026/5894.2.png"
"466.p.5487","471","Nance Jr.","Larry","CLE","Available","","PF,F,C,Util","","","","","38","98","0.388","4","19","99","76","28","15","4","14","49","1","0","0","0","https://s.yimg.com/iu/api/res/1.2/XiM7W28L7ZW_qpgp_iiEPA--~C/YXBwaWQ9eXNwb3J0cztjaD0yMzM2O2NyPTE7Y3c9MTc5MDtkeD04NTc7ZHk9MDtmaT11bGNyb3A7aD02MDtxPTEwMDt3PTQ2/https://s.yimg.com/xe/i/us/sp/v/nba_cutout/players_l/11132025/5487.png"
"466.p.10563","472","Kent","Jayson","POR","Available","","SF,F,Util","","","","","4","6","0.667","1","1","10","4","0","1","1","0","1","0","0","0","0","https://s.yimg.com/iu/api/res/1.2/TcM85WhJ.fAOHWf2QKLjIw--~C/YXBwaWQ9eXNwb3J0cztjaD0yMDA7Y3I9MTtjdz0xNTM7ZHg9NzQ7ZHk9MDtmaT11bGNyb3A7aD02MDtxPTEwMDt3PTQ2/https://s.yimg.com/dh/ap/default/140828/silhouette@2x.png"
"466.p.10067","473","Tyson","Hunter","BKN","NotAvailable","NA","SF,PF,F,Util","","","","","14","52","0.269","11","7","46","36","17","2","1","5","13","0","0","0","0","https://s.yimg.com/iu/api/res/1.2/fpodfP4_VUP_XavQS0WVrQ--~C/YXBwaWQ9eXNwb3J0cztjaD0yMzM2O2NyPTE7Y3c9MTc5MDtkeD04NTc7ZHk9MDtmaT11bGNyb3A7aD02MDtxPTEwMDt3PTQ2/https://s.yimg.com/xe/i/us/sp/v/nba_cutout/players_l/02122026/10067.2.png"
"466.p.10385","474","Alexander","Trey","NOP","Available","","SG,G,Util","","","","","6","9","0.667","0","2","14","4","5","1","1","1","4","0","0","0","0","https://s.yimg.com/iu/api/res/1.2/oR6UaS6ZjkScl8bx32AvVg--~C/YXBwaWQ9eXNwb3J0cztjaD0yMzM2O2NyPTE7Y3c9MTc5MDtkeD04NTc7ZHk9MDtmaT11bGNyb3A7aD02MDtxPTEwMDt3PTQ2/https://s.yimg.com/xe/i/us/sp/v/nba_cutout/players_l/11172025/10385.png"
"466.p.10488","475","Thiero","Adou","LAL","Injured","INJ - Knee","SF,F,Util,IL,IL+","","","","","10","22","0.455","9","0","29","20","6","5","2","5","16","0","0","0","0","https://s.yimg.com/iu/api/res/1.2/mqsF2yUVkqOhY79YaNpdPw--~C/YXBwaWQ9eXNwb3J0cztjaD0yMzM2O2NyPTE7Y3c9MTc5MDtkeD04NTc7ZHk9MDtmaT11bGNyb3A7aD02MDtxPTEwMDt3PTQ2/https://s.yimg.com/xe/i/us/sp/v/nba_cutout/players_l/10202025/10488.png"
"466.p.6628","476","McClung","Mac","CHI","Out","O - Hamstring","PG,SG,G,Util,IL+","","","","","9","25","0.360","3","2","23","5","2","5","2","3","8","0","0","0","0","https://s.yimg.com/iu/api/res/1.2/0BS5ejSpxgr72nylNY5zwg--~C/YXBwaWQ9eXNwb3J0cztjaD0yMzM2O2NyPTE7Y3c9MTc5MDtkeD04NTc7ZHk9MDtmaT11bGNyb3A7aD02MDtxPTEwMDt3PTQ2/https://s.yimg.com/xe/i/us/sp/v/nba_cutout/players_l/02132026/6628.1.png"
"466.p.6722","477","Houstan","Caleb","ATL","Available","","SG,G,SF,F,Util","","","","","10","22","0.455","3","8","31","7","3","2","1","4","9","0","0","0","0","https://s.yimg.com/iu/api/res/1.2/a62_Khi0da06XDFbnvtXAw--~C/YXBwaWQ9eXNwb3J0cztjaD0yMzM2O2NyPTE7Y3c9MTc5MDtkeD04NTc7ZHk9MDtmaT11bGNyb3A7aD02MDtxPTEwMDt3PTQ2/https://s.yimg.com/xe/i/us/sp/v/nba_cutout/players_l/11172025/6722.png"
"466.p.10480","478","Zikarsky","Rocco","MIN","Questionable","GTD - Undisclosed","C,Util,IL+","","","","","3","5","0.600","0","0","6","5","0","0","3","0","1","0","0","0","0","https://s.yimg.com/iu/api/res/1.2/0FzdMNS86pPb4ppIj9XL.w--~C/YXBwaWQ9eXNwb3J0cztjaD0yMzM2O2NyPTE7Y3c9MTc5MDtkeD04NTc7ZHk9MDtmaT11bGNyb3A7aD02MDtxPTEwMDt3PTQ2/https://s.yimg.com/xe/i/us/sp/v/nba_cutout/players_l/11172025/10480.png"
"466.p.6731","479","Liddell","E.J.","BKN","Available","","PF,F,C,Util","","","","","21","55","0.382","3","7","52","38","15","3","8","8","28","0","0","0","0","https://s.yimg.com/iu/api/res/1.2/eQl39d9pBxGdg4FJKxcMSQ--~C/YXBwaWQ9eXNwb3J0cztjaD0yMzM2O2NyPTE7Y3c9MTc5MDtkeD04NTc7ZHk9MDtmaT11bGNyb3A7aD02MDtxPTEwMDt3PTQ2/https://s.yimg.com/xe/i/us/sp/v/nba_cutout/players_l/10312025/6731.png"
"466.p.5864","480","Morris","Monté","IND","NotAvailable","NA","PG,G,Util","","","","","7","20","0.350","2","2","18","7","9","1","1","2","3","0","0","0","0","https://s.yimg.com/iu/api/res/1.2/IZfI1.qzH9icNcWdFcGhFw--~C/YXBwaWQ9eXNwb3J0cztjaD0yMzM2O2NyPTE7Y3c9MTc5MDtkeD04NTc7ZHk9MDtmaT11bGNyb3A7aD02MDtxPTEwMDt3PTQ2/https://s.yimg.com/xe/i/us/sp/v/nba_cutout/players_l/11172025/5864.png"
"466.p.10105","481","Bufkin","Kobe","LAL","Available","","PG,SG,G,Util","","","","","11","38","0.289","8","3","33","9","5","2","3","4","6","0","0","0","0","https://s.yimg.com/iu/api/res/1.2/u7HFxBuE45YJ9..Tgm2.7Q--~C/YXBwaWQ9eXNwb3J0cztjaD0yMzM2O2NyPTE7Y3c9MTc5MDtkeD04NTc7ZHk9MDtmaT11bGNyb3A7aD02MDtxPTEwMDt3PTQ2/https://s.yimg.com/xe/i/us/sp/v/nba_cutout/players_l/01152026/10105.1.png"
"466.p.10303","482","McCullar Jr.","Kevin","NYK","Available","","SF,PF,F,Util","","","","","14","36","0.389","2","6","36","26","19","7","0","12","18","0","0","0","0","https://s.yimg.com/iu/api/res/1.2/tAxWLn8DY3XbbUzVJQsyBQ--~C/YXBwaWQ9eXNwb3J0cztjaD0yMzM2O2NyPTE7Y3c9MTc5MDtkeD04NTc7ZHk9MDtmaT11bGNyb3A7aD02MDtxPTEwMDt3PTQ2/https://s.yimg.com/xe/i/us/sp/v/nba_cutout/players_l/11252025/10303.png"
"466.p.6224","483","Martin","Cody","IND","NotAvailable","NA","SG,G,SF,PF,F,Util","","","","","2","10","0.200","3","0","7","14","2","4","2","4","5","0","0","0","0","https://s.yimg.com/iu/api/res/1.2/6hMljH1SCpyZrjaBnobTmg--~C/YXBwaWQ9eXNwb3J0cztjaD0yMzM2O2NyPTE7Y3c9MTc5MDtkeD04NTc7ZHk9MDtmaT11bGNyb3A7aD02MDtxPTEwMDt3PTQ2/https://s.yimg.com/xe/i/us/sp/v/nba_cutout/players_l/02132026/6224.1.png"
"466.p.10526","484","Omier","Norchad","LAC","Available","","PF,F,Util","","","","","4","5","0.800","0","0","8","4","1","1","0","0","2","0","0","0","0","https://s.yimg.com/iu/api/res/1.2/H8ODT6u1kf4CDlbgkBxE6Q--~C/YXBwaWQ9eXNwb3J0cztjaD0yMzM2O2NyPTE7Y3c9MTc5MDtkeD04NTc7ZHk9MDtmaT11bGNyb3A7aD02MDtxPTEwMDt3PTQ2/https://s.yimg.com/xe/i/us/sp/v/nba_cutout/players_l/10202025/10526.png"
"466.p.10412","485","Ryan","Cormac","MIL","Available","","SG,G,Util","","","","","6","15","0.400","4","4","20","1","1","3","1","2","7","0","0","0","0","https://s.yimg.com/iu/api/res/1.2/oOwxtGre79xMTBA_jUqz2A--~C/YXBwaWQ9eXNwb3J0cztjaD0yMzM2O2NyPTE7Y3c9MTc5MDtkeD04NTc7ZHk9MDtmaT11bGNyb3A7aD02MDtxPTEwMDt3PTQ2/https://s.yimg.com/xe/i/us/sp/v/nba_cutout/players_l/11172025/10412.png"
"466.p.6017","486","Bamba","Mo","UTA","NotAvailable","NA","C,Util","","","","","5","11","0.455","0","0","10","22","1","0","3","2","6","0","0","0","0","https://s.yimg.com/iu/api/res/1.2/0oH8A0z6dlqIenfiR8kh3w--~C/YXBwaWQ9eXNwb3J0cztjaD0yMzM2O2NyPTE7Y3c9MTc5MDtkeD04NTc7ZHk9MDtmaT11bGNyb3A7aD02MDtxPTEwMDt3PTQ2/https://s.yimg.com/xe/i/us/sp/v/nba_cutout/players_l/01062026/6017.1.png"
"466.p.6588","487","Banton","Dalano","BOS","NotAvailable","NA","SG,G,SF,F,Util","","","","","4","9","0.444","2","0","10","1","4","1","1","2","1","0","0","0","0","https://s.yimg.com/iu/api/res/1.2/X95JVFQOkIz3cvg584qoIg--~C/YXBwaWQ9eXNwb3J0cztjaD0yMzM2O2NyPTE7Y3c9MTc5MDtkeD04NTc7ZHk9MDtmaT11bGNyb3A7aD02MDtxPTEwMDt3PTQ2/https://s.yimg.com/xe/i/us/sp/v/nba_cutout/players_l/02132026/6588.1.png"
"466.p.10530","488","Gilbert","Keshon","ATL","Available","","PG,G,Util","","","","","1","4","0.250","4","0","6","5","3","2","4","6","3","0","0","0","0","https://s.yimg.com/iu/api/res/1.2/8HwdKW3B78pcOIPUZB1qgw--~C/YXBwaWQ9eXNwb3J0cztjaD0yMzM2O2NyPTE7Y3c9MTc5MDtkeD04NTc7ZHk9MDtmaT11bGNyb3A7aD02MDtxPTEwMDt3PTQ2/https://s.yimg.com/xe/i/us/sp/v/nba_cutout/players_l/11172025/10530.png"
"466.p.10392","489","Enaruna","Tristan","CLE","Available","","SF,F,Util","","","","","6","16","0.375","0","1","13","9","3","1","0","2","1","0","0","0","0","https://s.yimg.com/iu/api/res/1.2/mt3b5h4jLVm7A2KO1pdI.g--~C/YXBwaWQ9eXNwb3J0cztjaD0yMzM2O2NyPTE7Y3c9MTc5MDtkeD04NTc7ZHk9MDtmaT11bGNyb3A7aD02MDtxPTEwMDt3PTQ2/https://s.yimg.com/xe/i/us/sp/v/nba_cutout/players_l/02132026/10392.png"
"466.p.10475","490","Brea","Koby","PHX","Available","","SG,G,Util","","","","","6","14","0.429","2","5","19","2","4","0","0","0","4","0","0","0","0","https://s.yimg.com/iu/api/res/1.2/7ixwIHHoNMJrR0ShpSV6VQ--~C/YXBwaWQ9eXNwb3J0cztjaD0yMzM2O2NyPTE7Y3c9MTc5MDtkeD04NTc7ZHk9MDtmaT11bGNyb3A7aD02MDtxPTEwMDt3PTQ2/https://s.yimg.com/xe/i/us/sp/v/nba_cutout/players_l/11172025/10475.png"
"466.p.10273","491","Carrington","Bub","WAS","Available","","PG,SG,G,Util","126.9","12.7","$1.5","10%","270","645","0.419","75","145","760","261","335","47","15","167","167","7","2","0","0","https://s.yimg.com/iu/api/res/1.2/6ZeB.HBbxcLLRFo1BNLRNA--~C/YXBwaWQ9eXNwb3J0cztjaD0yMzM2O2NyPTE7Y3c9MTc5MDtkeD04NTc7ZHk9MDtmaT11bGNyb3A7aD02MDtxPTEwMDt3PTQ2/https://s.yimg.com/xe/i/us/sp/v/nba_cutout/players_l/11172025/10273.png"
"466.p.10129","492","Toppin","Jacob","ATL","NotAvailable","NA - Shoulder","SF,F,Util","","","","","4","6","0.667","0","0","8","1","1","0","1","0","1","0","0","0","0","https://s.yimg.com/iu/api/res/1.2/csPAQNJQK.YiILTAAfdMIg--~C/YXBwaWQ9eXNwb3J0cztjaD0yMzM2O2NyPTE7Y3c9MTc5MDtkeD04NTc7ZHk9MDtmaT11bGNyb3A7aD02MDtxPTEwMDt3PTQ2/https://s.yimg.com/xe/i/us/sp/v/nba_cutout/players_l/11172025/10129.png"
"466.p.10532","493","Poulakidas","John","DAL","Available","","SG,G,Util","","","","","9","22","0.409","0","7","25","11","3","3","0","2","11","0","0","0","0","https://s.yimg.com/iu/api/res/1.2/TcM85WhJ.fAOHWf2QKLjIw--~C/YXBwaWQ9eXNwb3J0cztjaD0yMDA7Y3I9MTtjdz0xNTM7ZHg9NzQ7ZHk9MDtmaT11bGNyb3A7aD02MDtxPTEwMDt3PTQ2/https://s.yimg.com/dh/ap/default/140828/silhouette@2x.png"
"466.p.10516","494","Mañon","Chris","LAL","Available","","SG,G,Util","","","","","0","2","0.000","2","0","2","6","1","3","2","1","5","0","0","0","0","https://s.yimg.com/iu/api/res/1.2/APD.umIxOst2RbhhJZxm.w--~C/YXBwaWQ9eXNwb3J0cztjaD0yMzM2O2NyPTE7Y3c9MTc5MDtkeD04NTc7ZHk9MDtmaT11bGNyb3A7aD02MDtxPTEwMDt3PTQ2/https://s.yimg.com/xe/i/us/sp/v/nba_cutout/players_l/10202025/10516.png"
"466.p.10336","495","Ingram","Harrison","SAS","Available","","SF,F,Util","","","","","4","5","0.800","0","1","9","3","1","0","0","0","2","0","0","0","0","https://s.yimg.com/iu/api/res/1.2/xMuGeLMcLpt538EKT0bKWQ--~C/YXBwaWQ9eXNwb3J0cztjaD0yMzM2O2NyPTE7Y3c9MTc5MDtkeD04NTc7ZHk9MDtmaT11bGNyb3A7aD02MDtxPTEwMDt3PTQ2/https://s.yimg.com/xe/i/us/sp/v/nba_cutout/players_l/11172025/10336.png"
"466.p.10328","496","Dante","N'Faly","ATL","NotAvailable","NA - Knee","C,Util","","","","","1","4","0.250","1","0","3","7","0","2","0","1","1","0","0","0","0","https://s.yimg.com/iu/api/res/1.2/bAr8ZNDjkXbkhbdQpzc2tQ--~C/YXBwaWQ9eXNwb3J0cztjaD0yMzM2O2NyPTE7Y3c9MTc5MDtkeD04NTc7ZHk9MDtmaT11bGNyb3A7aD02MDtxPTEwMDt3PTQ2/https://s.yimg.com/xe/i/us/sp/v/nba_cutout/players_l/11172025/10328.png"
"466.p.6802","497","Robinson","Orlando","ORL","NotAvailable","NA","C,Util","","","","","3","5","0.600","0","1","7","4","3","1","0","0","3","0","0","0","0","https://s.yimg.com/iu/api/res/1.2/lhqX1ghJn.bgRLZracUrLw--~C/YXBwaWQ9eXNwb3J0cztjaD0yMzM2O2NyPTE7Y3c9MTc5MDtkeD04NTc7ZHk9MDtmaT11bGNyb3A7aD02MDtxPTEwMDt3PTQ2/https://s.yimg.com/xe/i/us/sp/v/nba_cutout/players_l/11172025/6802.png"
"466.p.4247","498","Green","Jeff","HOU","Available","","PF,F,Util","","","","","23","55","0.418","3","12","61","19","6","1","1","1","8","1","0","0","0","https://s.yimg.com/iu/api/res/1.2/lHMmTf2dgSddmesUDD5ENg--~C/YXBwaWQ9eXNwb3J0cztjaD0yMzM2O2NyPTE7Y3c9MTc5MDtkeD04NTc7ZHk9MDtmaT11bGNyb3A7aD02MDtxPTEwMDt3PTQ2/https://s.yimg.com/xe/i/us/sp/v/nba_cutout/players_l/11172025/4247.png"
"466.p.10517","499","Gardner","Myron","MIA","Available","","SF,F,Util","","","","","57","119","0.479","19","26","159","117","40","20","8","15","73","1","1","1","0","https://s.yimg.com/iu/api/res/1.2/sjZMiEEQHbWkDMEuVtZTJw--~C/YXBwaWQ9eXNwb3J0cztjaD0yMzM2O2NyPTE7Y3c9MTc5MDtkeD04NTc7ZHk9MDtmaT11bGNyb3A7aD02MDtxPTEwMDt3PTQ2/https://s.yimg.com/xe/i/us/sp/v/nba_cutout/players_l/11172025/10517.png"
"466.p.6560","500","Mann","Tre","CHA","Available","","PG,SG,G,Util","","","","","104","291","0.357","23","50","281","89","84","24","5","53","67","0","1","0","0","https://s.yimg.com/iu/api/res/1.2/Vvx.G5CECBVxpxSyhL.taQ--~C/YXBwaWQ9eXNwb3J0cztjaD0yMzM2O2NyPTE7Y3c9MTc5MDtkeD04NTc7ZHk9MDtmaT11bGNyb3A7aD02MDtxPTEwMDt3PTQ2/https://s.yimg.com/xe/i/us/sp/v/nba_cutout/players_l/11172025/6560.png"
"466.p.10500","501","Sears","Mark","MIL","NotAvailable","NA","PG,G,Util","","","","","6","13","0.462","6","4","22","2","2","0","0","4","4","0","0","0","0","https://s.yimg.com/iu/api/res/1.2/Uhhu5nW_RPvLlgkP0kDy2Q--~C/YXBwaWQ9eXNwb3J0cztjaD0yMzM2O2NyPTE7Y3c9MTc5MDtkeD04NTc7ZHk9MDtmaT11bGNyb3A7aD02MDtxPTEwMDt3PTQ2/https://s.yimg.com/xe/i/us/sp/v/nba_cutout/players_l/11172025/10500.png"
"466.p.10284","502","Jones","Dillon","NYK","Available","","SF,PF,F,Util","","","","","1","6","0.167","4","1","7","6","4","2","0","0","5","0","0","0","0","https://s.yimg.com/iu/api/res/1.2/T57jI_IenRCeKJkEX.POXw--~C/YXBwaWQ9eXNwb3J0cztjaD0yMzM2O2NyPTE7Y3c9MTc5MDtkeD04NTc7ZHk9MDtmaT11bGNyb3A7aD02MDtxPTEwMDt3PTQ2/https://s.yimg.com/xe/i/us/sp/v/nba_cutout/players_l/02122026/10284.2.png"
"466.p.10324","503","Freeman","Enrique","MIN","Available","","PF,F,Util","","","","","0","0","","0","0","0","3","0","0","1","0","0","0","0","0","0","https://s.yimg.com/iu/api/res/1.2/IyuS2gmYJR5Uo4lxEEn.pw--~C/YXBwaWQ9eXNwb3J0cztjaD0yMzM2O2NyPTE7Y3c9MTc5MDtkeD04NTc7ZHk9MDtmaT11bGNyb3A7aD02MDtxPTEwMDt3PTQ2/https://s.yimg.com/xe/i/us/sp/v/nba_cutout/players_l/11172025/10324.png"
"466.p.10088","504","Livingston","Chris","CLE","NotAvailable","NA","SF,F,Util","","","","","4","7","0.571","1","0","9","3","1","1","0","0","4","0","0","0","0","https://s.yimg.com/iu/api/res/1.2/6aL7yArl0q8DXRcitF2K5w--~C/YXBwaWQ9eXNwb3J0cztjaD0yMzM2O2NyPTE7Y3c9MTc5MDtkeD04NTc7ZHk9MDtmaT11bGNyb3A7aD02MDtxPTEwMDt3PTQ2/https://s.yimg.com/xe/i/us/sp/v/nba_cutout/players_l/11182025/10088.png"
"466.p.10560","505","Pedulla","Sean","LAC","Available","","PG,G,Util","","","","","5","13","0.385","0","3","13","2","4","0","0","0","3","0","0","0","0","https://s.yimg.com/iu/api/res/1.2/TcM85WhJ.fAOHWf2QKLjIw--~C/YXBwaWQ9eXNwb3J0cztjaD0yMDA7Y3I9MTtjdz0xNTM7ZHg9NzQ7ZHk9MDtmaT11bGNyb3A7aD02MDtxPTEwMDt3PTQ2/https://s.yimg.com/dh/ap/default/140828/silhouette@2x.png"
"466.p.10206","506","Peterson","Drew","CHA","NotAvailable","NA","SF,PF,F,Util","","","","","2","16","0.125","1","0","5","9","2","3","1","0","3","0","0","0","0","https://s.yimg.com/iu/api/res/1.2/LyT7aiuZdqdJOgdySoRb9Q--~C/YXBwaWQ9eXNwb3J0cztjaD0yMzM2O2NyPTE7Y3c9MTc5MDtkeD04NTc7ZHk9MDtmaT11bGNyb3A7aD02MDtxPTEwMDt3PTQ2/https://s.yimg.com/xe/i/us/sp/v/nba_cutout/players_l/11172025/10206.png"
"466.p.10493","507","Tonje","John","BOS","Available","","SG,G,Util","","","","","0","2","0.000","2","0","2","2","1","1","0","0","1","0","0","0","0","https://s.yimg.com/iu/api/res/1.2/UvfxAAwyStcG7d4YpwVvwA--~C/YXBwaWQ9eXNwb3J0cztjaD0yMzM2O2NyPTE7Y3c9MTc5MDtkeD04NTc7ZHk9MDtmaT11bGNyb3A7aD02MDtxPTEwMDt3PTQ2/https://s.yimg.com/xe/i/us/sp/v/nba_cutout/players_l/02122026/10493.2.png"
"466.p.10262","508","Smith","Tyler","DAL","Available","","PF,F,C,Util","","","","","4","11","0.364","1","2","11","6","0","1","0","3","2","0","0","0","0","https://s.yimg.com/iu/api/res/1.2/8la6g.yB2EwEllLHLaGOVw--~C/YXBwaWQ9eXNwb3J0cztjaD0yMzM2O2NyPTE7Y3c9MTc5MDtkeD04NTc7ZHk9MDtmaT11bGNyb3A7aD02MDtxPTEwMDt3PTQ2/https://s.yimg.com/xe/i/us/sp/v/nba_cutout/players_l/02132026/10262.1.png"
"466.p.6209","509","Clarke","Brandon","MEM","Injured","INJ - Calf","PF,F,C,Util,IL,IL+","","","","","3","9","0.333","2","0","8","6","1","2","0","0","5","0","0","0","0","https://s.yimg.com/iu/api/res/1.2/1ytnAyVGXP1BkMtpnGhdKg--~C/YXBwaWQ9eXNwb3J0cztjaD0yMzM2O2NyPTE7Y3c9MTc5MDtkeD04NTc7ZHk9MDtmaT11bGNyb3A7aD02MDtxPTEwMDt3PTQ2/https://s.yimg.com/xe/i/us/sp/v/nba_cutout/players_l/10292024/6209.png"
"466.p.4152","510","Lowry","Kyle","PHI","Available","","PG,G,Util","","","","","4","20","0.200","5","4","17","9","11","2","2","4","8","0","0","0","0","https://s.yimg.com/iu/api/res/1.2/YjBSUKEwGIb2XWEVRB0ThQ--~C/YXBwaWQ9eXNwb3J0cztjaD0yMzM2O2NyPTE7Y3c9MTc5MDtkeD04NTc7ZHk9MDtmaT11bGNyb3A7aD02MDtxPTEwMDt3PTQ2/https://s.yimg.com/xe/i/us/sp/v/nba_cutout/players_l/10282024/4152.png"
"466.p.10344","511","Pullin","Zyon","MIN","Available","","SG,G,Util","","","","","1","1","1.000","2","0","4","0","3","1","0","2","2","0","0","0","0","https://s.yimg.com/iu/api/res/1.2/z12HestBnhl8.2b.jvm8wQ--~C/YXBwaWQ9eXNwb3J0cztjaD0yMzM2O2NyPTE7Y3c9MTc5MDtkeD04NTc7ZHk9MDtmaT11bGNyb3A7aD02MDtxPTEwMDt3PTQ2/https://s.yimg.com/xe/i/us/sp/v/nba_cutout/players_l/02112025/10344.png"
"466.p.10341","512","Jones","Isaac","DET","Available","","PF,F,C,Util","","","","","3","6","0.500","1","0","7","5","1","0","1","0","4","0","0","0","0","https://s.yimg.com/iu/api/res/1.2/geUf14031S7FLJcFmjQQyw--~C/YXBwaWQ9eXNwb3J0cztjaD0yMzM2O2NyPTE7Y3c9MTc5MDtkeD04NTc7ZHk9MDtmaT11bGNyb3A7aD02MDtxPTEwMDt3PTQ2/https://s.yimg.com/xe/i/us/sp/v/nba_cutout/players_l/11182025/10341.png"
"466.p.6713","513","Roddy","David","DEN","Available","","SF,F,Util","","","","","0","3","0.000","2","0","2","4","2","1","0","0","2","0","0","0","0","https://s.yimg.com/iu/api/res/1.2/yzEvxxE1epdDuESg0gRhkA--~C/YXBwaWQ9eXNwb3J0cztjaD0yMzM2O2NyPTE7Y3c9MTc5MDtkeD04NTc7ZHk9MDtmaT11bGNyb3A7aD02MDtxPTEwMDt3PTQ2/https://s.yimg.com/xe/i/us/sp/v/nba_cutout/players_l/02132026/6713.1.png"
"466.p.10505","514","Goldin","Vladislav","MIA","Available","","C,Util","","","","","2","3","0.667","0","0","4","4","2","0","1","1","3","0","0","0","0","https://s.yimg.com/iu/api/res/1.2/qjU1GP2HfXpa1Hw2zw7MZA--~C/YXBwaWQ9eXNwb3J0cztjaD0yMzM2O2NyPTE7Y3c9MTc5MDtkeD04NTc7ZHk9MDtmaT11bGNyb3A7aD02MDtxPTEwMDt3PTQ2/https://s.yimg.com/xe/i/us/sp/v/nba_cutout/players_l/11172025/10505.png"
"466.p.5393","515","Ingles","Joe","MIN","Available","","SF,F,Util","","","","","7","13","0.538","2","3","19","9","20","7","1","9","6","1","0","0","0","https://s.yimg.com/iu/api/res/1.2/K4lxJPYfUsPNTHsfGnloBQ--~C/YXBwaWQ9eXNwb3J0cztjaD0yMzM2O2NyPTE7Y3c9MTc5MDtkeD04NTc7ZHk9MDtmaT11bGNyb3A7aD02MDtxPTEwMDt3PTQ2/https://s.yimg.com/xe/i/us/sp/v/nba_cutout/players_l/11172025/5393.png"
"466.p.10087","516","Jones","Colby","DET","NotAvailable","NA","SG,G,SF,F,Util","","","","","1","3","0.333","0","0","2","4","2","0","0","0","1","0","0","0","0","https://s.yimg.com/iu/api/res/1.2/7NnJmajs_naOsnAyWJw7WQ--~C/YXBwaWQ9eXNwb3J0cztjaD0yMzM2O2NyPTE7Y3c9MTc5MDtkeD04NTc7ZHk9MDtmaT11bGNyb3A7aD02MDtxPTEwMDt3PTQ2/https://s.yimg.com/xe/i/us/sp/v/nba_cutout/players_l/11172025/10087.png"
"466.p.10512","517","Huntley","CJ","PHX","Available","","PF,F,Util","","","","","1","2","0.500","0","0","2","0","0","0","0","0","0","0","0","0","0","https://s.yimg.com/iu/api/res/1.2/xw7_9LWrHQRI9_9PQO8mcQ--~C/YXBwaWQ9eXNwb3J0cztjaD0yMzM2O2NyPTE7Y3c9MTc5MDtkeD04NTc7ZHk9MDtmaT11bGNyb3A7aD02MDtxPTEwMDt3PTQ2/https://s.yimg.com/xe/i/us/sp/v/nba_cutout/players_l/11172025/10512.png"
"466.p.6782","518","Umude","Stanley","SAS","NotAvailable","NA","SF,F,Util","","","","","1","2","0.500","0","0","2","0","1","1","0","0","2","0","0","0","0","https://s.yimg.com/iu/api/res/1.2/qlP5JUTrZfnEbX4ukovcaQ--~C/YXBwaWQ9eXNwb3J0cztjaD0yMzM2O2NyPTE7Y3c9MTc5MDtkeD04NTc7ZHk9MDtmaT11bGNyb3A7aD02MDtxPTEwMDt3PTQ2/https://s.yimg.com/xe/i/us/sp/v/nba_cutout/players_l/02132026/6782.1.png"
"466.p.10395","519","Flowers","Trentyn","CHI","NotAvailable","NA - Knee","SF,F,Util","","","","","2","3","0.667","0","0","4","1","1","0","0","1","1","0","0","0","0","https://s.yimg.com/iu/api/res/1.2/ekEFOcXYwEoy8ze8OcQ27Q--~C/YXBwaWQ9eXNwb3J0cztjaD0yMzM2O2NyPTE7Y3c9MTc5MDtkeD04NTc7ZHk9MDtmaT11bGNyb3A7aD02MDtxPTEwMDt3PTQ2/https://s.yimg.com/xe/i/us/sp/v/nba_cutout/players_l/11132025/10395.png"
"466.p.6752","520","Boeheim","Buddy","OKC","NotAvailable","NA","SF,F,Util","","","","","2","6","0.333","0","2","6","0","0","0","0","0","1","0","0","0","0","https://s.yimg.com/iu/api/res/1.2/6E3CiTDckykS8Ar3_Zph3A--~C/YXBwaWQ9eXNwb3J0cztjaD0yMzM2O2NyPTE7Y3c9MTc5MDtkeD04NTc7ZHk9MDtmaT11bGNyb3A7aD02MDtxPTEwMDt3PTQ2/https://s.yimg.com/xe/i/us/sp/v/nba_cutout/players_l/10172023/6752.png"
"466.p.10515","521","Jones","Curtis","DEN","Available","","SG,G,Util","","","","","4","14","0.286","0","1","9","5","4","1","0","1","3","0","0","0","0","https://s.yimg.com/iu/api/res/1.2/si._xmielLMs0FW4w6StDQ--~C/YXBwaWQ9eXNwb3J0cztjaD0yMzM2O2NyPTE7Y3c9MTc5MDtkeD04NTc7ZHk9MDtmaT11bGNyb3A7aD02MDtxPTEwMDt3PTQ2/https://s.yimg.com/xe/i/us/sp/v/nba_cutout/players_l/11172025/10515.png"
"466.p.10556","522","Brown","Darius","CLE","NotAvailable","NA","SG,G,Util","","","","","0","1","0.000","0","0","0","1","0","0","0","0","0","0","0","0","0","https://s.yimg.com/iu/api/res/1.2/TcM85WhJ.fAOHWf2QKLjIw--~C/YXBwaWQ9eXNwb3J0cztjaD0yMDA7Y3I9MTtjdz0xNTM7ZHg9NzQ7ZHk9MDtmaT11bGNyb3A7aD02MDtxPTEwMDt3PTQ2/https://s.yimg.com/dh/ap/default/140828/silhouette@2x.png"
"466.p.10402","523","Young","Jahmir","MIA","Available","","PG,G,Util","","","","","8","22","0.364","2","2","20","4","6","1","0","3","6","0","0","0","0","https://s.yimg.com/iu/api/res/1.2/DglVvN2XGX6Hrh5epldX4A--~C/YXBwaWQ9eXNwb3J0cztjaD0yMzM2O2NyPTE7Y3c9MTc5MDtkeD04NTc7ZHk9MDtmaT11bGNyb3A7aD02MDtxPTEwMDt3PTQ2/https://s.yimg.com/xe/i/us/sp/v/nba_cutout/players_l/11172025/10402.png"
"466.p.10499","524","Sallis","Hunter","PHI","NotAvailable","NA","SG,G,Util","","","","","3","5","0.600","1","0","7","1","4","0","1","5","2","0","0","0","0","https://s.yimg.com/iu/api/res/1.2/UZrKgTClj6TlLPfF4O4_Sw--~C/YXBwaWQ9eXNwb3J0cztjaD0yMzM2O2NyPTE7Y3c9MTc5MDtkeD04NTc7ZHk9MDtmaT11bGNyb3A7aD02MDtxPTEwMDt3PTQ2/https://s.yimg.com/xe/i/us/sp/v/nba_cutout/players_l/10202025/10499.png"
"466.p.10442","525","Essengue","Noa","CHI","Injured","INJ - Shoulder","PF,F,Util,IL,IL+","","","","","0","3","0.000","0","0","0","0","0","1","0","0","1","0","0","0","0","https://s.yimg.com/iu/api/res/1.2/N5VgMNjUfoEzT_SOYdv5tw--~C/YXBwaWQ9eXNwb3J0cztjaD0yMzM2O2NyPTE7Y3c9MTc5MDtkeD04NTc7ZHk9MDtmaT11bGNyb3A7aD02MDtxPTEwMDt3PTQ2/https://s.yimg.com/xe/i/us/sp/v/nba_cutout/players_l/10202025/10442.png"
"466.p.5009","526","Beal","Bradley","LAC","Injured","INJ - Hip","SG,G,SF,F,Util,IL,IL+","96.9","10.1","$3.2","91%","18","48","0.375","6","7","49","5","10","3","0","9","14","0","0","0","0","https://s.yimg.com/iu/api/res/1.2/VS2xnpZ6R2tSI5zUkbFUGQ--~C/YXBwaWQ9eXNwb3J0cztjaD0yMzM2O2NyPTE7Y3c9MTc5MDtkeD04NTc7ZHk9MDtmaT11bGNyb3A7aD02MDtxPTEwMDt3PTQ2/https://s.yimg.com/xe/i/us/sp/v/nba_cutout/players_l/11122025/5009.png"
"466.p.10199","527","Evbuomwan","Tosan","CHA","Available","","SF,PF,F,Util","","","","","0","1","0.000","0","0","0","2","0","0","0","0","1","0","0","0","0","https://s.yimg.com/iu/api/res/1.2/tgkuu3O.XDPuk9P3uYnlRw--~C/YXBwaWQ9eXNwb3J0cztjaD0yMzM2O2NyPTE7Y3c9MTc5MDtkeD04NTc7ZHk9MDtmaT11bGNyb3A7aD02MDtxPTEwMDt3PTQ2/https://s.yimg.com/xe/i/us/sp/v/nba_cutout/players_l/02132026/10199.3.png"
"466.p.10331","528","Klintman","Bobi","DET","Available","","PF,F,Util","","","","","9","27","0.333","0","4","22","19","6","3","0","6","11","0","0","0","0","https://s.yimg.com/iu/api/res/1.2/NzLsuYsgoBVNsyC3oov3pA--~C/YXBwaWQ9eXNwb3J0cztjaD0yMzM2O2NyPTE7Y3c9MTc5MDtkeD04NTc7ZHk9MDtmaT11bGNyb3A7aD02MDtxPTEwMDt3PTQ2/https://s.yimg.com/xe/i/us/sp/v/nba_cutout/players_l/11172025/10331.png"
"466.p.10147","529","Castleton","Colin","ORL","Available","","PF,F,C,Util","","","","","1","3","0.333","0","0","2","4","1","0","0","2","1","0","0","0","0","https://s.yimg.com/iu/api/res/1.2/y1wkr9euYPse1DBy1_irlQ--~C/YXBwaWQ9eXNwb3J0cztjaD0yMzM2O2NyPTE7Y3c9MTc5MDtkeD04NTc7ZHk9MDtmaT11bGNyb3A7aD02MDtxPTEwMDt3PTQ2/https://s.yimg.com/xe/i/us/sp/v/nba_cutout/players_l/11172025/10147.png"
"466.p.5763","530","Fultz","Markelle","TOR","Available","","PG,SG,G,Util","","","","","2","10","0.200","0","0","4","1","8","2","0","4","2","0","0","0","0","https://s.yimg.com/iu/api/res/1.2/63cyXtU0tAFvGHlX.m.TgQ--~C/YXBwaWQ9eXNwb3J0cztjaD0yMzM2O2NyPTE7Y3c9MTc5MDtkeD04NTc7ZHk9MDtmaT11bGNyb3A7aD02MDtxPTEwMDt3PTQ2/https://s.yimg.com/xe/i/us/sp/v/nba_cutout/players_l/10192023/5763.png"
"466.p.10220","531","Jemison III","Trey","NYK","Available","","PF,F,C,Util","","","","","4","7","0.571","1","0","9","16","3","1","2","6","9","0","0","0","0","https://s.yimg.com/iu/api/res/1.2/uLeFjLHZuU3RwmhxjsWM8g--~C/YXBwaWQ9eXNwb3J0cztjaD0yMzM2O2NyPTE7Y3c9MTc5MDtkeD04NTc7ZHk9MDtmaT11bGNyb3A7aD02MDtxPTEwMDt3PTQ2/https://s.yimg.com/xe/i/us/sp/v/nba_cutout/players_l/11252025/10220.png"
"466.p.6673","532","Sarr","Olivier","CLE","Available","","C,Util","","","","","0","0","","1","0","1","0","0","0","0","0","2","0","0","0","0","https://s.yimg.com/iu/api/res/1.2/2oY0hORAIuDNmVdtBRvWVg--~C/YXBwaWQ9eXNwb3J0cztjaD0yMzM2O2NyPTE7Y3c9MTc5MDtkeD04NTc7ZHk9MDtmaT11bGNyb3A7aD02MDtxPTEwMDt3PTQ2/https://s.yimg.com/xe/i/us/sp/v/nba_cutout/players_l/02132026/6673.1.png"
"466.p.6732","533","Keels","Trevor","MIA","Available","","SG,G,Util","","","","","0","4","0.000","0","0","0","2","0","0","0","0","0","0","0","0","0","https://s.yimg.com/iu/api/res/1.2/ypiOENF5ubeo8QkD.YkAJQ--~C/YXBwaWQ9eXNwb3J0cztjaD0yMzM2O2NyPTE7Y3c9MTc5MDtkeD04NTc7ZHk9MDtmaT11bGNyb3A7aD02MDtxPTEwMDt3PTQ2/https://s.yimg.com/xe/i/us/sp/v/nba_cutout/players_l/02132026/6732.3.png"
"466.p.10474","534","Broome","Johni","PHI","Injured","INJ - Knee","C,Util,IL,IL+","","","","","4","24","0.167","2","0","10","16","4","3","2","3","7","0","0","0","0","https://s.yimg.com/iu/api/res/1.2/ahTS.gm64rYCEbgdkIwnjA--~C/YXBwaWQ9eXNwb3J0cztjaD0yMzM2O2NyPTE7Y3c9MTc5MDtkeD04NTc7ZHk9MDtmaT11bGNyb3A7aD02MDtxPTEwMDt3PTQ2/https://s.yimg.com/xe/i/us/sp/v/nba_cutout/players_l/10202025/10474.png"
"466.p.10501","535","Dickinson","Hunter","NOP","Questionable","GTD - Personal","C,Util,IL+","","","","","1","2","0.500","0","0","2","0","0","0","1","2","2","0","0","0","0","https://s.yimg.com/iu/api/res/1.2/oKjOGHeTPjPkJv7Wvg6Rjw--~C/YXBwaWQ9eXNwb3J0cztjaD0yMzM2O2NyPTE7Y3c9MTc5MDtkeD04NTc7ZHk9MDtmaT11bGNyb3A7aD02MDtxPTEwMDt3PTQ2/https://s.yimg.com/xe/i/us/sp/v/nba_cutout/players_l/11172025/10501.png"
"466.p.10566","536","Bal","Adama","MEM","Available","","SG,G,Util","","","","","1","8","0.125","0","1","3","2","3","2","0","0","5","0","0","0","0","https://s.yimg.com/iu/api/res/1.2/TcM85WhJ.fAOHWf2QKLjIw--~C/YXBwaWQ9eXNwb3J0cztjaD0yMDA7Y3I9MTtjdz0xNTM7ZHg9NzQ7ZHk9MDtmaT11bGNyb3A7aD02MDtxPTEwMDt3PTQ2/https://s.yimg.com/dh/ap/default/140828/silhouette@2x.png"
"466.p.5323","537","Šarić","Dario","DET","NotAvailable","NA","C,Util","","","","","1","6","0.167","2","1","5","6","2","0","0","2","3","0","0","0","0","https://s.yimg.com/iu/api/res/1.2/gT_e6JkcAojAvFMzr3UIbw--~C/YXBwaWQ9eXNwb3J0cztjaD0yMzM2O2NyPTE7Y3c9MTc5MDtkeD04NTc7ZHk9MDtmaT11bGNyb3A7aD02MDtxPTEwMDt3PTQ2/https://s.yimg.com/xe/i/us/sp/v/nba_cutout/players_l/02132026/5323.1.png"
"466.p.3930","538","Paul","Chris","TOR","NotAvailable","NA","PG,G,Util","123.0","12.3","$1.3","16%","18","56","0.321","1","10","47","28","53","11","0","16","23","1","0","0","0","https://s.yimg.com/iu/api/res/1.2/wICTUrhVE9CXi7pwYoIJHg--~C/YXBwaWQ9eXNwb3J0cztjaD0yMzM2O2NyPTE7Y3c9MTc5MDtkeD04NTc7ZHk9MDtmaT11bGNyb3A7aD02MDtxPTEwMDt3PTQ2/https://s.yimg.com/xe/i/us/sp/v/nba_cutout/players_l/02132026/3930.1.png"
"466.p.10169","539","Morales","Alex","ORL","Available","","SG,G,Util","","","","","1","2","0.500","0","0","2","3","4","0","0","2","4","0","0","0","0","https://s.yimg.com/iu/api/res/1.2/dNCKJeF0EKEJGAIJxkPcaw--~C/YXBwaWQ9eXNwb3J0cztjaD0yMzM2O2NyPTE7Y3c9MTc5MDtkeD04NTc7ZHk9MDtmaT11bGNyb3A7aD02MDtxPTEwMDt3PTQ2/https://s.yimg.com/xe/i/us/sp/v/nba_cutout/players_l/11172025/10169.png"
"466.p.10506","540","Hepburn","Chucky","TOR","Injured","INJ - Knee","PG,G,Util,IL,IL+","","","","","0","6","0.000","0","0","0","1","2","1","0","1","2","0","0","0","0","https://s.yimg.com/iu/api/res/1.2/CDZDPm1NAv9uV3ZsbMtlQA--~C/YXBwaWQ9eXNwb3J0cztjaD0yMzM2O2NyPTE7Y3c9MTc5MDtkeD04NTc7ZHk9MDtmaT11bGNyb3A7aD02MDtxPTEwMDt3PTQ2/https://s.yimg.com/xe/i/us/sp/v/nba_cutout/players_l/11172025/10506.1.png"
"466.p.6511","541","Yurtseven","Ömer","GSW","Available","","C,Util","","","","","5","17","0.294","7","0","17","22","4","2","0","8","10","0","0","0","0","https://s.yimg.com/iu/api/res/1.2/nmjijS1M.g1P63wOK3Xw5w--~C/YXBwaWQ9eXNwb3J0cztjaD0yMzM2O2NyPTE7Y3c9MTc5MDtkeD04NTc7ZHk9MDtmaT11bGNyb3A7aD02MDtxPTEwMDt3PTQ2/https://s.yimg.com/xe/i/us/sp/v/nba_cutout/players_l/10092023/6511.png"
"466.p.6806","542","Williams","Nate","GSW","Available","","SG,G,SF,F,Util","","","","","25","50","0.500","11","7","68","20","9","3","0","9","18","1","0","0","0","https://s.yimg.com/iu/api/res/1.2/d6VlC2aIhuRjoI.SsV3xuw--~C/YXBwaWQ9eXNwb3J0cztjaD0yMzM2O2NyPTE7Y3c9MTc5MDtkeD04NTc7ZHk9MDtmaT11bGNyb3A7aD02MDtxPTEwMDt3PTQ2/https://s.yimg.com/xe/i/us/sp/v/nba_cutout/players_l/02132026/6806.3.png"
"466.p.6236","543","Mann","Terance","BKN","Out","O - Achilles","SG,G,SF,F,Util,IL+","","","","","165","363","0.455","63","54","447","198","189","41","15","69","152","6","1","0","0","https://s.yimg.com/iu/api/res/1.2/cvqZM6_3p.PAbGUexOQlIg--~C/YXBwaWQ9eXNwb3J0cztjaD0yMzM2O2NyPTE7Y3c9MTc5MDtkeD04NTc7ZHk9MDtmaT11bGNyb3A7aD02MDtxPTEwMDt3PTQ2/https://s.yimg.com/xe/i/us/sp/v/nba_cutout/players_l/10312025/6236.png"
"466.p.10483","544","Shulga","Max","BOS","Available","","SG,G,Util","","","","","1","4","0.250","2","0","4","1","2","0","0","1","5","0","0","0","0","https://s.yimg.com/iu/api/res/1.2/RQtidj8keizMIIjP.F9NNA--~C/YXBwaWQ9eXNwb3J0cztjaD0yMzM2O2NyPTE7Y3c9MTc5MDtkeD04NTc7ZHk9MDtmaT11bGNyb3A7aD02MDtxPTEwMDt3PTQ2/https://s.yimg.com/xe/i/us/sp/v/nba_cutout/players_l/10202025/10483.png"
"466.p.10533","545","Telfort","Jahmyl","LAC","NotAvailable","NA","SF,F,Util","","","","","0","4","0.000","1","0","1","3","1","1","0","1","5","0","0","0","0","https://s.yimg.com/iu/api/res/1.2/hWFwVjppIcHn41f7OTnecA--~C/YXBwaWQ9eXNwb3J0cztjaD0yMzM2O2NyPTE7Y3c9MTc5MDtkeD04NTc7ZHk9MDtmaT11bGNyb3A7aD02MDtxPTEwMDt3PTQ2/https://s.yimg.com/xe/i/us/sp/v/nba_cutout/players_l/11172025/10533.png"
"466.p.6356","546","Wiseman","James","IND","NotAvailable","NA","C,Util","","","","","6","10","0.600","1","0","13","8","3","0","1","5","10","0","0","0","0","https://s.yimg.com/iu/api/res/1.2/.neCkOaqPQDH7atVzQab7w--~C/YXBwaWQ9eXNwb3J0cztjaD0yMzM2O2NyPTE7Y3c9MTc5MDtkeD04NTc7ZHk9MDtmaT11bGNyb3A7aD02MDtxPTEwMDt3PTQ2/https://s.yimg.com/xe/i/us/sp/v/nba_cutout/players_l/11172025/6356.png"
"466.p.5892","547","Kleber","Maxi","LAL","Available","","PF,F,C,Util","","","","","29","62","0.468","14","6","78","71","23","15","10","14","52","2","0","0","0","https://s.yimg.com/iu/api/res/1.2/FzmaTAVJ87rR05X7f0s9Dw--~C/YXBwaWQ9eXNwb3J0cztjaD0yMzM2O2NyPTE7Y3c9MTc5MDtkeD04NTc7ZHk9MDtmaT11bGNyb3A7aD02MDtxPTEwMDt3PTQ2/https://s.yimg.com/xe/i/us/sp/v/nba_cutout/players_l/02032025/5892.png"
"466.p.10562","548","Sandfort","Payton","OKC","Available","","SF,F,Util","","","","","1","5","0.200","1","1","4","2","0","0","0","1","5","0","0","0","0","https://s.yimg.com/iu/api/res/1.2/TcM85WhJ.fAOHWf2QKLjIw--~C/YXBwaWQ9eXNwb3J0cztjaD0yMDA7Y3I9MTtjdz0xNTM7ZHg9NzQ7ZHk9MDtmaT11bGNyb3A7aD02MDtxPTEwMDt3PTQ2/https://s.yimg.com/dh/ap/default/140828/silhouette@2x.png"
"466.p.6353","549","Vincent","Gabe","ATL","Available","","PG,SG,G,Util","","","","","69","201","0.343","17","53","208","47","66","24","2","22","70","0","1","0","0","https://s.yimg.com/iu/api/res/1.2/w2ElnAW5JoBQbFawfflwrQ--~C/YXBwaWQ9eXNwb3J0cztjaD0yMzM2O2NyPTE7Y3c9MTc5MDtkeD04NTc7ZHk9MDtmaT11bGNyb3A7aD02MDtxPTEwMDt3PTQ2/https://s.yimg.com/xe/i/us/sp/v/nba_cutout/players_l/02132026/6353.1.png"
"466.p.10416","550","Dennis","RayJ","ATL","Available","","PG,G,Util","","","","","22","73","0.301","8","12","64","23","30","4","4","15","17","1","0","0","0","https://s.yimg.com/iu/api/res/1.2/zpV4yXJ2txd1sa0Q88YXcg--~C/YXBwaWQ9eXNwb3J0cztjaD0yMzM2O2NyPTE7Y3c9MTc5MDtkeD04NTc7ZHk9MDtmaT11bGNyb3A7aD02MDtxPTEwMDt3PTQ2/https://s.yimg.com/xe/i/us/sp/v/nba_cutout/players_l/01152026/10416.1.png"
"466.p.5841","551","Bradley","Tony","IND","NotAvailable","NA","C,Util","","","","","59","106","0.557","32","1","151","107","20","6","7","17","60","0","1","0","0","https://s.yimg.com/iu/api/res/1.2/y9BP9jxoY8xf1NB6Mp7ojA--~C/YXBwaWQ9eXNwb3J0cztjaD0yMzM2O2NyPTE7Y3c9MTc5MDtkeD04NTc7ZHk9MDtmaT11bGNyb3A7aD02MDtxPTEwMDt3PTQ2/https://s.yimg.com/xe/i/us/sp/v/nba_cutout/players_l/11172025/5841.1.png"
"466.p.5643","552","Prince","Taurean","MIL","Available","","SF,F,Util","","","","","48","113","0.425","5","32","133","48","26","12","3","17","40","0","1","0","0","https://s.yimg.com/iu/api/res/1.2/NHJdrfmWfoSGLoe._BLnew--~C/YXBwaWQ9eXNwb3J0cztjaD0yMzM2O2NyPTE7Y3c9MTc5MDtkeD04NTc7ZHk9MDtmaT11bGNyb3A7aD02MDtxPTEwMDt3PTQ2/https://s.yimg.com/xe/i/us/sp/v/nba_cutout/players_l/11172025/5643.png"
"466.p.5490","553","Looney","Kevon","NOP","Available","","C,Util","","","","","23","54","0.426","5","1","52","100","25","6","9","8","32","0","1","0","0","https://s.yimg.com/iu/api/res/1.2/bxIo699ycM1bGWWZrx7L.Q--~C/YXBwaWQ9eXNwb3J0cztjaD0yMzM2O2NyPTE7Y3c9MTc5MDtkeD04NTc7ZHk9MDtmaT11bGNyb3A7aD02MDtxPTEwMDt3PTQ2/https://s.yimg.com/xe/i/us/sp/v/nba_cutout/players_l/11172025/5490.png"
"466.p.10161","554","Cooke","Javonte","POR","NotAvailable","NA","SG,G,Util","","","","","9","41","0.220","2","3","23","19","7","6","0","9","6","1","0","0","0","https://s.yimg.com/iu/api/res/1.2/tgW9UT.bhNWiEmI3myG3hg--~C/YXBwaWQ9eXNwb3J0cztjaD0yMzM2O2NyPTE7Y3c9MTc5MDtkeD04NTc7ZHk9MDtmaT11bGNyb3A7aD02MDtxPTEwMDt3PTQ2/https://s.yimg.com/xe/i/us/sp/v/nba_cutout/players_l/11182025/10161.png"
"466.p.6267","555","Strus","Max","CLE","Out","O - Foot","SG,G,SF,F,Util,IL+","","","","","25","49","0.510","5","20","75","39","12","3","0","5","18","0","1","0","0","https://s.yimg.com/iu/api/res/1.2/scZ0cv8uUehhjRSkoB_d.A--~C/YXBwaWQ9eXNwb3J0cztjaD0yMzM2O2NyPTE7Y3c9MTc5MDtkeD04NTc7ZHk9MDtmaT11bGNyb3A7aD02MDtxPTEwMDt3PTQ2/https://s.yimg.com/xe/i/us/sp/v/nba_cutout/players_l/10242024/6267.png"
"466.p.6600","556","Sims","Jericho","MIL","Available","","C,Util","","","","","115","139","0.827","26","0","256","297","70","14","13","62","115","0","3","4","0","https://s.yimg.com/iu/api/res/1.2/UgDdmLQwrjjll5vgxazXeQ--~C/YXBwaWQ9eXNwb3J0cztjaD0yMzM2O2NyPTE7Y3c9MTc5MDtkeD04NTc7ZHk9MDtmaT11bGNyb3A7aD02MDtxPTEwMDt3PTQ2/https://s.yimg.com/xe/i/us/sp/v/nba_cutout/players_l/11172025/6600.png"
"466.p.10372","557","Jones Garcia","David","SAS","Injured","INJ - Ankle","SF,F,Util,IL,IL+","","","","","13","25","0.520","3","3","32","13","18","6","1","5","6","0","1","0","0","https://s.yimg.com/iu/api/res/1.2/TtQyCVJvjjemOiDqSnlptA--~C/YXBwaWQ9eXNwb3J0cztjaD0yMzM2O2NyPTE7Y3c9MTc5MDtkeD04NTc7ZHk9MDtmaT11bGNyb3A7aD02MDtxPTEwMDt3PTQ2/https://s.yimg.com/xe/i/us/sp/v/nba_cutout/players_l/11172025/10372.png"
"466.p.10064","558","Rupert","Rayan","MEM","Available","","PG,SG,G,Util","","","","","97","247","0.393","25","39","258","150","48","46","6","41","109","0","2","0","0","https://s.yimg.com/iu/api/res/1.2/yDMvnje6Ue..qxRUYYleeA--~C/YXBwaWQ9eXNwb3J0cztjaD0yMzM2O2NyPTE7Y3c9MTc5MDtkeD04NTc7ZHk9MDtmaT11bGNyb3A7aD02MDtxPTEwMDt3PTQ2/https://s.yimg.com/xe/i/us/sp/v/nba_cutout/players_l/10292024/10064.png"
"466.p.10565","559","Mbeng","Bez","UTA","Available","","SG,G,Util","","","","","17","40","0.425","7","2","43","33","30","15","4","12","31","0","1","0","0","https://s.yimg.com/iu/api/res/1.2/TcM85WhJ.fAOHWf2QKLjIw--~C/YXBwaWQ9eXNwb3J0cztjaD0yMDA7Y3I9MTtjdz0xNTM7ZHg9NzQ7ZHk9MDtmaT11bGNyb3A7aD02MDtxPTEwMDt3PTQ2/https://s.yimg.com/dh/ap/default/140828/silhouette@2x.png"
"466.p.6746","560","Travers","Luke","CLE","NotAvailable","NA - Illness","SF,F,Util","","","","","9","36","0.250","9","1","28","24","9","7","4","3","6","0","1","0","0","https://s.yimg.com/iu/api/res/1.2/zCAVZ5pjQ0waGxmcqVah4g--~C/YXBwaWQ9eXNwb3J0cztjaD0yMzM2O2NyPTE7Y3c9MTc5MDtkeD04NTc7ZHk9MDtmaT11bGNyb3A7aD02MDtxPTEwMDt3PTQ2/https://s.yimg.com/xe/i/us/sp/v/nba_cutout/players_l/10242024/6746.png"
"466.p.10464","561","Hansen","Yang","POR","Available","","C,Util","124.6","12.5","$1.7","7%","31","100","0.310","28","5","95","65","22","3","10","32","43","1","0","0","0","https://s.yimg.com/iu/api/res/1.2/0uHY67seTKEEAWty6BZYag--~C/YXBwaWQ9eXNwb3J0cztjaD0yMzM2O2NyPTE7Y3c9MTc5MDtkeD04NTc7ZHk9MDtmaT11bGNyb3A7aD02MDtxPTEwMDt3PTQ2/https://s.yimg.com/xe/i/us/sp/v/nba_cutout/players_l/11172025/10464.png"
"466.p.6407","562","Anthony","Cole","PHX","NotAvailable","NA","PG,G,Util","","","","","98","231","0.424","16","22","234","87","121","20","11","65","73","2","1","0","0","https://s.yimg.com/iu/api/res/1.2/ZGI4CTCWEMes8HPrRU6x4g--~C/YXBwaWQ9eXNwb3J0cztjaD0yMzM2O2NyPTE7Y3c9MTc5MDtkeD04NTc7ZHk9MDtmaT11bGNyb3A7aD02MDtxPTEwMDt3PTQ2/https://s.yimg.com/xe/i/us/sp/v/nba_cutout/players_l/02132026/6407.1.png"
"466.p.10051","563","Cissoko","Sidy","POR","Available","","SF,PF,F,Util","","","","","131","326","0.402","56","59","377","163","107","51","25","69","178","1","2","0","0","https://s.yimg.com/iu/api/res/1.2/Dcxs8ZzSU_hWlr3dMWaQHA--~C/YXBwaWQ9eXNwb3J0cztjaD0yMzM2O2NyPTE7Y3c9MTc5MDtkeD04NTc7ZHk9MDtmaT11bGNyb3A7aD02MDtxPTEwMDt3PTQ2/https://s.yimg.com/xe/i/us/sp/v/nba_cutout/players_l/11172025/10051.png"
"466.p.5908","564","Hayes-Davis","Nigel","MIL","NotAvailable","NA","PF,F,Util","","","","","15","46","0.326","2","2","34","33","7","8","2","8","16","0","1","0","0","https://s.yimg.com/iu/api/res/1.2/h_QKPHjE6S7tYtmHpBz1aA--~C/YXBwaWQ9eXNwb3J0cztjaD0yMzM2O2NyPTE7Y3c9MTc5MDtkeD04NTc7ZHk9MDtmaT11bGNyb3A7aD02MDtxPTEwMDt3PTQ2/https://s.yimg.com/xe/i/us/sp/v/nba_cutout/players_l/02132026/5908.1.png"
"466.p.5693","565","Finney-Smith","Dorian","HOU","Available","","SF,PF,F,Util","","","","","38","120","0.317","6","25","107","89","34","15","6","22","60","0","1","0","0","https://s.yimg.com/iu/api/res/1.2/YCjLF_TJz2i8bwkK5bH6jQ--~C/YXBwaWQ9eXNwb3J0cztjaD0yMzM2O2NyPTE7Y3c9MTc5MDtkeD04NTc7ZHk9MDtmaT11bGNyb3A7aD02MDtxPTEwMDt3PTQ2/https://s.yimg.com/xe/i/us/sp/v/nba_cutout/players_l/11172025/5693.png"
"466.p.4682","566","Temple","Garrett","TOR","Available","","PG,SG,G,Util","","","","","3","14","0.214","6","2","14","8","8","3","2","7","6","0","1","0","0","https://s.yimg.com/iu/api/res/1.2/kNrjrSrcxoM_kfv8Y7.b8w--~C/YXBwaWQ9eXNwb3J0cztjaD0yMzM2O2NyPTE7Y3c9MTc5MDtkeD04NTc7ZHk9MDtmaT11bGNyb3A7aD02MDtxPTEwMDt3PTQ2/https://s.yimg.com/xe/i/us/sp/v/nba_cutout/players_l/11172025/4682.1.png"
"466.p.5317","567","Smart","Marcus","LAL","Injured","INJ - Ankle","PG,SG,G,Util,IL,IL+","","","","","185","464","0.399","102","96","568","165","168","84","22","87","157","8","3","0","0","https://s.yimg.com/iu/api/res/1.2/vg1qVlggehOUXErCK7Zhog--~C/YXBwaWQ9eXNwb3J0cztjaD0yMzM2O2NyPTE7Y3c9MTc5MDtkeD04NTc7ZHk9MDtmaT11bGNyb3A7aD02MDtxPTEwMDt3PTQ2/https://s.yimg.com/xe/i/us/sp/v/nba_cutout/players_l/11122025/5317.png"
"466.p.10301","568","Topić","Nikola","OKC","Available","","PG,G,Util","","","","","7","16","0.438","0","2","16","8","10","0","0","11","4","0","1","0","0","https://s.yimg.com/iu/api/res/1.2/Qc8Yf06FtfSpiZaqvh6aLQ--~C/YXBwaWQ9eXNwb3J0cztjaD0yMzM2O2NyPTE7Y3c9MTc5MDtkeD04NTc7ZHk9MDtmaT11bGNyb3A7aD02MDtxPTEwMDt3PTQ2/https://s.yimg.com/xe/i/us/sp/v/nba_cutout/players_l/11172025/10301.png"
"466.p.4888","569","Biyombo","Bismack","SAS","Available","","C,Util","","","","","8","14","0.571","5","0","21","24","5","4","1","7","26","0","1","0","0","https://s.yimg.com/iu/api/res/1.2/oNtT7NN_Ow_s8GZAkMUakw--~C/YXBwaWQ9eXNwb3J0cztjaD0yMzM2O2NyPTE7Y3c9MTc5MDtkeD04NTc7ZHk9MDtmaT11bGNyb3A7aD02MDtxPTEwMDt3PTQ2/https://s.yimg.com/xe/i/us/sp/v/nba_cutout/players_l/11172025/4888.png"
"466.p.6463","570","Tate","Jae'Sean","HOU","Available","","SF,PF,F,Util","","","","","44","86","0.512","6","9","103","52","17","9","3","12","41","2","1","0","0","https://s.yimg.com/iu/api/res/1.2/sHWZE.iDAZTSwaTqoMeqxQ--~C/YXBwaWQ9eXNwb3J0cztjaD0yMzM2O2NyPTE7Y3c9MTc5MDtkeD04NTc7ZHk9MDtmaT11bGNyb3A7aD02MDtxPTEwMDt3PTQ2/https://s.yimg.com/xe/i/us/sp/v/nba_cutout/players_l/11172025/6463.png"
"466.p.6408","571","Stewart","Isaiah","DET","Injured","INJ - Calf","PF,F,C,Util,IL,IL+","115.6","11.7","$1.7","2%","209","386","0.541","95","39","552","281","66","15","90","63","156","12","3","2","0","https://s.yimg.com/iu/api/res/1.2/trrmA4yf2SJygoUFnMDtAQ--~C/YXBwaWQ9eXNwb3J0cztjaD0yMzM2O2NyPTE7Y3c9MTc5MDtkeD04NTc7ZHk9MDtmaT11bGNyb3A7aD02MDtxPTEwMDt3PTQ2/https://s.yimg.com/xe/i/us/sp/v/nba_cutout/players_l/11172025/6408.png"
"466.p.5069","572","Green","Draymond","GSW","Available","","PF,F,C,Util","100.4","10.4","$3.6","99%","193","462","0.418","52","93","531","343","335","55","37","168","176","12","3","2","0","https://s.yimg.com/iu/api/res/1.2/q8IAVXPp5L8vcY7YZ7pXKg--~C/YXBwaWQ9eXNwb3J0cztjaD0yMzM2O2NyPTE7Y3c9MTc5MDtkeD04NTc7ZHk9MDtmaT11bGNyb3A7aD02MDtxPTEwMDt3PTQ2/https://s.yimg.com/xe/i/us/sp/v/nba_cutout/players_l/01142026/5069.1.png"
"466.p.5858","573","Brooks","Dillon","PHX","Injured","INJ - Hand","SF,PF,F,Util,IL,IL+","118.5","12.1","$1.6","14%","383","871","0.440","161","117","1044","183","88","52","8","89","166","16","4","0","0","https://s.yimg.com/iu/api/res/1.2/Qikh2BVRMPNHmZha1X__qg--~C/YXBwaWQ9eXNwb3J0cztjaD0yMzM2O2NyPTE7Y3c9MTc5MDtkeD04NTc7ZHk9MDtmaT11bGNyb3A7aD02MDtxPTEwMDt3PTQ2/https://s.yimg.com/xe/i/us/sp/v/nba_cutout/players_l/11172025/5858.png"
"466.p.10244","574","Flagler","Adam","SAS","NotAvailable","NA","PG,SG,G,Util","","","","","","","","","","","","","","","","","","","","","https://s.yimg.com/iu/api/res/1.2/ZH3jTdqQORamyx1ChRlHRA--~C/YXBwaWQ9eXNwb3J0cztjaD0yMzM2O2NyPTE7Y3c9MTc5MDtkeD04NTc7ZHk9MDtmaT11bGNyb3A7aD02MDtxPTEwMDt3PTQ2/https://s.yimg.com/xe/i/us/sp/v/nba_cutout/players_l/11172025/10244.png"
"466.p.10268","575","Williams","Malik","ATL","NotAvailable","NA","C,Util","","","","","","","","","","","","","","","","","","","","","https://s.yimg.com/iu/api/res/1.2/TcM85WhJ.fAOHWf2QKLjIw--~C/YXBwaWQ9eXNwb3J0cztjaD0yMDA7Y3I9MTtjdz0xNTM7ZHg9NzQ7ZHk9MDtmaT11bGNyb3A7aD02MDtxPTEwMDt3PTQ2/https://s.yimg.com/dh/ap/default/140828/silhouette@2x.png"
"466.p.5156","576","Len","Alex","NYK","NotAvailable","NA","C,Util","","","","","","","","","","","","","","","","","","","","","https://s.yimg.com/iu/api/res/1.2/mC7UCvGdc9nHFzIeN_8xgQ--~C/YXBwaWQ9eXNwb3J0cztjaD0yMzM2O2NyPTE7Y3c9MTc5MDtkeD04NTc7ZHk9MDtmaT11bGNyb3A7aD02MDtxPTEwMDt3PTQ2/https://s.yimg.com/xe/i/us/sp/v/nba_cutout/players_l/02122026/5156.2.png"
"466.p.6204","577","Okeke","Chuma","CLE","NotAvailable","NA","PF,F,Util","","","","","","","","","","","","","","","","","","","","","https://s.yimg.com/iu/api/res/1.2/EjK3lrhJbe1VHi_5_EBXhg--~C/YXBwaWQ9eXNwb3J0cztjaD0yMzM2O2NyPTE7Y3c9MTc5MDtkeD04NTc7ZHk9MDtmaT11bGNyb3A7aD02MDtxPTEwMDt3PTQ2/https://s.yimg.com/xe/i/us/sp/v/nba_cutout/players_l/10192023/6204.png"
"466.p.4163","578","Tucker","P.J.","NYK","NotAvailable","NA","PF,F,Util","","","","","","","","","","","","","","","","","","","","","https://s.yimg.com/iu/api/res/1.2/nDzbzEi6qKIB9rhLbQMV7w--~C/YXBwaWQ9eXNwb3J0cztjaD0yMzM2O2NyPTE7Y3c9MTc5MDtkeD04NTc7ZHk9MDtmaT11bGNyb3A7aD02MDtxPTEwMDt3PTQ2/https://s.yimg.com/xe/i/us/sp/v/nba_cutout/players_l/05132025/4163.png"
"466.p.10309","579","Bridges","Jalen","BOS","NotAvailable","NA","SF,F,Util","","","","","","","","","","","","","","","","","","","","","https://s.yimg.com/iu/api/res/1.2/CCRTL3_tNefXpp8s7I7sbA--~C/YXBwaWQ9eXNwb3J0cztjaD0yMzM2O2NyPTE7Y3c9MTc5MDtkeD04NTc7ZHk9MDtmaT11bGNyb3A7aD02MDtxPTEwMDt3PTQ2/https://s.yimg.com/xe/i/us/sp/v/nba_cutout/players_l/02122026/10309.2.png"
"466.p.10318","580","Newton","Tristen","HOU","Available","","PG,G,Util","","","","","","","","","","","","","","","","","","","","","https://s.yimg.com/iu/api/res/1.2/rcgELLoFseDfE6Cp9GoUYg--~C/YXBwaWQ9eXNwb3J0cztjaD0yMzM2O2NyPTE7Y3c9MTc5MDtkeD04NTc7ZHk9MDtmaT11bGNyb3A7aD02MDtxPTEwMDt3PTQ2/https://s.yimg.com/xe/i/us/sp/v/nba_cutout/players_l/02132026/10318.1.png"
"466.p.10321","581","Watson","Anton","LAL","NotAvailable","NA","PF,F,Util","","","","","","","","","","","","","","","","","","","","","https://s.yimg.com/iu/api/res/1.2/k17OjLplWoczaCK_CUiKmw--~C/YXBwaWQ9eXNwb3J0cztjaD0yMzM2O2NyPTE7Y3c9MTc5MDtkeD04NTc7ZHk9MDtmaT11bGNyb3A7aD02MDtxPTEwMDt3PTQ2/https://s.yimg.com/xe/i/us/sp/v/nba_cutout/players_l/02132026/10321.3.png"
"466.p.10322","582","Đurišić","Nikola","ATL","NotAvailable","NA","SF,F,Util","","","","","","","","","","","","","","","","","","","","","https://s.yimg.com/iu/api/res/1.2/pHoPhcryZVODqrUHQ58FoA--~C/YXBwaWQ9eXNwb3J0cztjaD0yMzM2O2NyPTE7Y3c9MTc5MDtkeD04NTc7ZHk9MDtmaT11bGNyb3A7aD02MDtxPTEwMDt3PTQ2/https://s.yimg.com/xe/i/us/sp/v/nba_cutout/players_l/11172025/10322.png"
"466.p.10325","583","Chomche","Ulrich","TOR","NotAvailable","NA","C,Util","","","","","","","","","","","","","","","","","","","","","https://s.yimg.com/iu/api/res/1.2/8zdi1b7tMq6Rtcd7vZO54w--~C/YXBwaWQ9eXNwb3J0cztjaD0yMzM2O2NyPTE7Y3c9MTc5MDtkeD04NTc7ZHk9MDtmaT11bGNyb3A7aD02MDtxPTEwMDt3PTQ2/https://s.yimg.com/xe/i/us/sp/v/nba_cutout/players_l/11172025/10325.png"
"466.p.6232","584","Bol","Bol","PHX","NotAvailable","NA","PF,F,C,Util","","","","","","","","","","","","","","","","","","","","","https://s.yimg.com/iu/api/res/1.2/f.IkISMxgdPiuF6E5t4e3A--~C/YXBwaWQ9eXNwb3J0cztjaD0yMzM2O2NyPTE7Y3c9MTc5MDtkeD04NTc7ZHk9MDtmaT11bGNyb3A7aD02MDtxPTEwMDt3PTQ2/https://s.yimg.com/xe/i/us/sp/v/nba_cutout/players_l/10172023/6232.png"
"466.p.6234","585","Horton-Tucker","Talen","CHI","NotAvailable","NA","SG,G,SF,F,Util","","","","","","","","","","","","","","","","","","","","","https://s.yimg.com/iu/api/res/1.2/MLV9gEMXTlLUhvmnHEUspA--~C/YXBwaWQ9eXNwb3J0cztjaD0yMzM2O2NyPTE7Y3c9MTc5MDtkeD04NTc7ZHk9MDtmaT11bGNyb3A7aD02MDtxPTEwMDt3PTQ2/https://s.yimg.com/xe/i/us/sp/v/nba_cutout/players_l/10242024/6234.png"
"466.p.10332","586","Beekman","Reece","ORL","NotAvailable","NA","PG,G,Util","","","","","","","","","","","","","","","","","","","","","https://s.yimg.com/iu/api/res/1.2/vYeUY_LdRYBks3s4gmcfXA--~C/YXBwaWQ9eXNwb3J0cztjaD0yMzM2O2NyPTE7Y3c9MTc5MDtkeD04NTc7ZHk9MDtmaT11bGNyb3A7aD02MDtxPTEwMDt3PTQ2/https://s.yimg.com/xe/i/us/sp/v/nba_cutout/players_l/11172025/10332.png"
"466.p.6240","587","McDaniels","Jalen","NOP","NotAvailable","NA","SF,PF,F,Util","","","","","","","","","","","","","","","","","","","","","https://s.yimg.com/iu/api/res/1.2/Y12LBb2_Q7005siLGWPKXg--~C/YXBwaWQ9eXNwb3J0cztjaD0yMzM2O2NyPTE7Y3c9MTc5MDtkeD04NTc7ZHk9MDtmaT11bGNyb3A7aD02MDtxPTEwMDt3PTQ2/https://s.yimg.com/xe/i/us/sp/v/nba_cutout/players_l/11172025/6240.png"
"466.p.10343","588","Ducas","Alex","OKC","NotAvailable","NA","SF,F,Util","","","","","","","","","","","","","","","","","","","","","https://s.yimg.com/iu/api/res/1.2/YCVw2L.ORh.ScJ2_qmATSg--~C/YXBwaWQ9eXNwb3J0cztjaD0yMzM2O2NyPTE7Y3c9MTc5MDtkeD04NTc7ZHk9MDtmaT11bGNyb3A7aD02MDtxPTEwMDt3PTQ2/https://s.yimg.com/xe/i/us/sp/v/nba_cutout/players_l/10292024/10343.png"
"466.p.10352","589","East II","Sean","UTA","NotAvailable","NA","PG,G,Util","","","","","","","","","","","","","","","","","","","","","https://s.yimg.com/iu/api/res/1.2/TcM85WhJ.fAOHWf2QKLjIw--~C/YXBwaWQ9eXNwb3J0cztjaD0yMDA7Y3I9MTtjdz0xNTM7ZHg9NzQ7ZHk9MDtmaT11bGNyb3A7aD02MDtxPTEwMDt3PTQ2/https://s.yimg.com/dh/ap/default/140828/silhouette@2x.png"
"466.p.10358","590","Rowe","Jackson","GSW","NotAvailable","NA","SF,PF,F,Util","","","","","","","","","","","","","","","","","","","","","https://s.yimg.com/iu/api/res/1.2/x9l43TW7RFL6QhM5NAK3iw--~C/YXBwaWQ9eXNwb3J0cztjaD0yMzM2O2NyPTE7Y3c9MTc5MDtkeD04NTc7ZHk9MDtmaT11bGNyb3A7aD02MDtxPTEwMDt3PTQ2/https://s.yimg.com/xe/i/us/sp/v/nba_cutout/players_l/10202025/10358.png"
"466.p.6280","591","Davis","Terence","SAC","NotAvailable","NA","SG,G,SF,F,Util","","","","","","","","","","","","","","","","","","","","","https://s.yimg.com/iu/api/res/1.2/VR3bl4PEo6.TuSEWTSSULA--~C/YXBwaWQ9eXNwb3J0cztjaD0yMzM2O2NyPTE7Y3c9MTc5MDtkeD04NTc7ZHk9MDtmaT11bGNyb3A7aD02MDtxPTEwMDt3PTQ2/https://s.yimg.com/xe/i/us/sp/v/nba_cutout/players_l/10042022/6280.png"
"466.p.6289","592","Brown","Moses","DEN","NotAvailable","NA - Foot","C,Util","","","","","","","","","","","","","","","","","","","","","https://s.yimg.com/iu/api/res/1.2/yodeJmq.DtYwKfHhNR3KoA--~C/YXBwaWQ9eXNwb3J0cztjaD0yMzM2O2NyPTE7Y3c9MTc5MDtkeD04NTc7ZHk9MDtmaT11bGNyb3A7aD02MDtxPTEwMDt3PTQ2/https://s.yimg.com/xe/i/us/sp/v/nba_cutout/players_l/02132026/6289.3.png"
"466.p.10387","593","Edwards","Jesse","MIN","NotAvailable","NA","C,Util","","","","","","","","","","","","","","","","","","","","","https://s.yimg.com/iu/api/res/1.2/vj.g1QHsaE_JI3_t30fXLg--~C/YXBwaWQ9eXNwb3J0cztjaD0yMzM2O2NyPTE7Y3c9MTc5MDtkeD04NTc7ZHk9MDtmaT11bGNyb3A7aD02MDtxPTEwMDt3PTQ2/https://s.yimg.com/xe/i/us/sp/v/nba_cutout/players_l/10292024/10387.png"
"466.p.10389","594","McVeigh","Jack","HOU","NotAvailable","NA","PF,F,Util","","","","","","","","","","","","","","","","","","","","","https://s.yimg.com/iu/api/res/1.2/myXskRrDPVDPzN3ix8BGSw--~C/YXBwaWQ9eXNwb3J0cztjaD0yMzM2O2NyPTE7Y3c9MTc5MDtkeD04NTc7ZHk9MDtmaT11bGNyb3A7aD02MDtxPTEwMDt3PTQ2/https://s.yimg.com/xe/i/us/sp/v/nba_cutout/players_l/10292024/10389.png"
"466.p.6293","595","Brown Jr.","Charlie","MEM","NotAvailable","NA","SG,G,Util","","","","","","","","","","","","","","","","","","","","","https://s.yimg.com/iu/api/res/1.2/p4zhbcTZ_aP5b6JwGIs8RQ--~C/YXBwaWQ9eXNwb3J0cztjaD0yMzM2O2NyPTE7Y3c9MTc5MDtkeD04NTc7ZHk9MDtmaT11bGNyb3A7aD02MDtxPTEwMDt3PTQ2/https://s.yimg.com/xe/i/us/sp/v/nba_cutout/players_l/02132026/6293.1.png"
"466.p.10400","596","McGlothan","Gabe","IND","NotAvailable","NA","PF,F,Util","","","","","","","","","","","","","","","","","","","","","https://s.yimg.com/iu/api/res/1.2/kJxlv9de7pAHIi18q7X78Q--~C/YXBwaWQ9eXNwb3J0cztjaD0yMzM2O2NyPTE7Y3c9MTc5MDtkeD04NTc7ZHk9MDtmaT11bGNyb3A7aD02MDtxPTEwMDt3PTQ2/https://s.yimg.com/xe/i/us/sp/v/nba_cutout/players_l/02132026/10400.1.png"
"466.p.10407","597","Abmas","Max","UTA","NotAvailable","NA","PG,G,Util","","","","","","","","","","","","","","","","","","","","","https://s.yimg.com/iu/api/res/1.2/TcM85WhJ.fAOHWf2QKLjIw--~C/YXBwaWQ9eXNwb3J0cztjaD0yMDA7Y3I9MTtjdz0xNTM7ZHg9NzQ7ZHk9MDtmaT11bGNyb3A7aD02MDtxPTEwMDt3PTQ2/https://s.yimg.com/dh/ap/default/140828/silhouette@2x.png"
"466.p.10409","598","Brooks Jr.","Keion","NOP","NotAvailable","NA","SF,PF,F,Util","","","","","","","","","","","","","","","","","","","","","https://s.yimg.com/iu/api/res/1.2/TcM85WhJ.fAOHWf2QKLjIw--~C/YXBwaWQ9eXNwb3J0cztjaD0yMDA7Y3I9MTtjdz0xNTM7ZHg9NzQ7ZHk9MDtmaT11bGNyb3A7aD02MDtxPTEwMDt3PTQ2/https://s.yimg.com/dh/ap/default/140828/silhouette@2x.png"
"466.p.10413","599","Reese","Alex","PHI","NotAvailable","NA","PF,F,Util","","","","","","","","","","","","","","","","","","","","","https://s.yimg.com/iu/api/res/1.2/ANdmyLhtnNVI33p1o6.2Rw--~C/YXBwaWQ9eXNwb3J0cztjaD0yMzM2O2NyPTE7Y3c9MTc5MDtkeD04NTc7ZHk9MDtmaT11bGNyb3A7aD02MDtxPTEwMDt3PTQ2/https://s.yimg.com/xe/i/us/sp/v/nba_cutout/players_l/10292024/10413.png"
"466.p.10421","600","Kopp","Miller","CLE","NotAvailable","NA","SF,F,Util","","","","","","","","","","","","","","","","","","","","","https://s.yimg.com/iu/api/res/1.2/XPj.VUATTdIybYGiMPLi4w--~C/YXBwaWQ9eXNwb3J0cztjaD0yMzM2O2NyPTE7Y3c9MTc5MDtkeD04NTc7ZHk9MDtmaT11bGNyb3A7aD02MDtxPTEwMDt3PTQ2/https://s.yimg.com/xe/i/us/sp/v/nba_cutout/players_l/10202025/10421.png"
"466.p.6326","601","Bolden","Marques","GSW","NotAvailable","NA","C,Util","","","","","","","","","","","","","","","","","","","","","https://s.yimg.com/iu/api/res/1.2/h57lvNtUIM0odDoB9zXV9w--~C/YXBwaWQ9eXNwb3J0cztjaD0yMzM2O2NyPTE7Y3c9MTc5MDtkeD04NTc7ZHk9MDtmaT11bGNyb3A7aD02MDtxPTEwMDt3PTQ2/https://s.yimg.com/xe/i/us/sp/v/nba_cutout/players_l/10242023/6326.png"
"466.p.10425","602","Oduro","Josh","NOP","Questionable","GTD - Ankle","PF,F,Util,IL+","","","","","","","","","","","","","","","","","","","","","https://s.yimg.com/iu/api/res/1.2/TcM85WhJ.fAOHWf2QKLjIw--~C/YXBwaWQ9eXNwb3J0cztjaD0yMDA7Y3I9MTtjdz0xNTM7ZHg9NzQ7ZHk9MDtmaT11bGNyb3A7aD02MDtxPTEwMDt3PTQ2/https://s.yimg.com/dh/ap/default/140828/silhouette@2x.png"
"466.p.10435","603","Armstrong","Taran","GSW","NotAvailable","NA","PG,G,Util","","","","","","","","","","","","","","","","","","","","","https://s.yimg.com/iu/api/res/1.2/TcM85WhJ.fAOHWf2QKLjIw--~C/YXBwaWQ9eXNwb3J0cztjaD0yMDA7Y3I9MTtjdz0xNTM7ZHg9NzQ7ZHk9MDtmaT11bGNyb3A7aD02MDtxPTEwMDt3PTQ2/https://s.yimg.com/dh/ap/default/140828/silhouette@2x.png"
"466.p.10436","604","Wheeler","Phillip","ORL","NotAvailable","NA","PF,F,Util","","","","","","","","","","","","","","","","","","","","","https://s.yimg.com/iu/api/res/1.2/TcM85WhJ.fAOHWf2QKLjIw--~C/YXBwaWQ9eXNwb3J0cztjaD0yMDA7Y3I9MTtjdz0xNTM7ZHg9NzQ7ZHk9MDtmaT11bGNyb3A7aD02MDtxPTEwMDt3PTQ2/https://s.yimg.com/dh/ap/default/140828/silhouette@2x.png"
"466.p.5316","605","Exum","Danté","WAS","NotAvailable","NA - Knee","PG,SG,G,Util","","","","","","","","","","","","","","","","","","","","","https://s.yimg.com/iu/api/res/1.2/Sx5VxBxfOvbWdcytOzz9nw--~C/YXBwaWQ9eXNwb3J0cztjaD0yMzM2O2NyPTE7Y3c9MTc5MDtkeD04NTc7ZHk9MDtmaT11bGNyb3A7aD02MDtxPTEwMDt3PTQ2/https://s.yimg.com/xe/i/us/sp/v/nba_cutout/players_l/02132026/5316.3.png"
"466.p.5321","606","Payton","Elfrid","NOP","NotAvailable","NA","PG,SG,G,Util","","","","","","","","","","","","","","","","","","","","","https://s.yimg.com/iu/api/res/1.2/CnzQ0j_XSjdGsm8JO3rPig--~C/YXBwaWQ9eXNwb3J0cztjaD0yMzM2O2NyPTE7Y3c9MTc5MDtkeD04NTc7ZHk9MDtmaT11bGNyb3A7aD02MDtxPTEwMDt3PTQ2/https://s.yimg.com/xe/i/us/sp/v/nba_cutout/players_l/05132025/5321.png"
"466.p.10463","607","Sorber","Thomas","OKC","Injured","INJ - Knee","C,Util,IL,IL+","","","","","","","","","","","","","","","","","","","","","https://s.yimg.com/iu/api/res/1.2/kclis7G83C52QHalNhQqrg--~C/YXBwaWQ9eXNwb3J0cztjaD0yMzM2O2NyPTE7Y3c9MTc5MDtkeD04NTc7ZHk9MDtmaT11bGNyb3A7aD02MDtxPTEwMDt3PTQ2/https://s.yimg.com/xe/i/us/sp/v/nba_cutout/players_l/11172025/10463.png"
"466.p.5349","608","Dinwiddie","Spencer","CHA","NotAvailable","NA","PG,SG,G,Util","","","","","","","","","","","","","","","","","","","","","https://s.yimg.com/iu/api/res/1.2/JMk2f26Gf0dCfgjujD23MQ--~C/YXBwaWQ9eXNwb3J0cztjaD0yMzM2O2NyPTE7Y3c9MTc5MDtkeD04NTc7ZHk9MDtmaT11bGNyb3A7aD02MDtxPTEwMDt3PTQ2/https://s.yimg.com/xe/i/us/sp/v/nba_cutout/players_l/11172025/5349.png"
"466.p.10477","609","Marković","Bogoljub","MIL","NotAvailable","NA","PF,F,Util","","","","","","","","","","","","","","","","","","","","","https://s.yimg.com/iu/api/res/1.2/TcM85WhJ.fAOHWf2QKLjIw--~C/YXBwaWQ9eXNwb3J0cztjaD0yMDA7Y3I9MTtjdz0xNTM7ZHg9NzQ7ZHk9MDtmaT11bGNyb3A7aD02MDtxPTEwMDt3PTQ2/https://s.yimg.com/dh/ap/default/140828/silhouette@2x.png"
"466.p.10481","610","Niang","Saliou","CLE","NotAvailable","NA","SF,F,Util","","","","","","","","","","","","","","","","","","","","","https://s.yimg.com/iu/api/res/1.2/TcM85WhJ.fAOHWf2QKLjIw--~C/YXBwaWQ9eXNwb3J0cztjaD0yMDA7Y3I9MTtjdz0xNTM7ZHg9NzQ7ZHk9MDtmaT11bGNyb3A7aD02MDtxPTEwMDt3PTQ2/https://s.yimg.com/dh/ap/default/140828/silhouette@2x.png"
"466.p.5363","611","Micić","Vasilije","MIL","NotAvailable","NA","PG,SG,G,Util","","","","","","","","","","","","","","","","","","","","","https://s.yimg.com/iu/api/res/1.2/UqEJdviyu8U.dp9fOhwJkQ--~C/YXBwaWQ9eXNwb3J0cztjaD0yMzM2O2NyPTE7Y3c9MTc5MDtkeD04NTc7ZHk9MDtmaT11bGNyb3A7aD02MDtxPTEwMDt3PTQ2/https://s.yimg.com/xe/i/us/sp/v/nba_cutout/players_l/10242024/5363.png"
"466.p.10484","612","Toohey","Alex","GSW","NotAvailable","NA - Knee","PF,F,Util","","","","","","","","","","","","","","","","","","","","","https://s.yimg.com/iu/api/res/1.2/YqKG2mseXCq0qk1_XAb5Rw--~C/YXBwaWQ9eXNwb3J0cztjaD0yMzM2O2NyPTE7Y3c9MTc5MDtkeD04NTc7ZHk9MDtmaT11bGNyb3A7aD02MDtxPTEwMDt3PTQ2/https://s.yimg.com/xe/i/us/sp/v/nba_cutout/players_l/10202025/10484.png"
"466.p.6404","613","Haliburton","Tyrese","IND","Injured","INJ - Achilles","PG,SG,G,Util,IL,IL+","101.4","10.5","$3.9","5%","","","","","","","","","","","","","","","","","https://s.yimg.com/iu/api/res/1.2/7wKKl1BlqZ479VgVu5SdIg--~C/YXBwaWQ9eXNwb3J0cztjaD0yMzM2O2NyPTE7Y3c9MTc5MDtkeD04NTc7ZHk9MDtmaT11bGNyb3A7aD02MDtxPTEwMDt3PTQ2/https://s.yimg.com/xe/i/us/sp/v/nba_cutout/players_l/11172025/6404.1.png"
"466.p.10502","614","Ndiaye","Eli John","ATL","NotAvailable","NA - Shoulder","PF,F,Util","","","","","","","","","","","","","","","","","","","","","https://s.yimg.com/iu/api/res/1.2/Edn52akQExIbw86wq_ZWqg--~C/YXBwaWQ9eXNwb3J0cztjaD0yMzM2O2NyPTE7Y3c9MTc5MDtkeD04NTc7ZHk9MDtmaT11bGNyb3A7aD02MDtxPTEwMDt3PTQ2/https://s.yimg.com/xe/i/us/sp/v/nba_cutout/players_l/10202025/10502.png"
"466.p.10503","615","Luis Jr.","RJ","BOS","NotAvailable","NA","SG,G,Util","","","","","","","","","","","","","","","","","","","","","https://s.yimg.com/iu/api/res/1.2/uIu_ozLsYy2gevzjpGjh_w--~C/YXBwaWQ9eXNwb3J0cztjaD0yMzM2O2NyPTE7Y3c9MTc5MDtkeD04NTc7ZHk9MDtmaT11bGNyb3A7aD02MDtxPTEwMDt3PTQ2/https://s.yimg.com/xe/i/us/sp/v/nba_cutout/players_l/10202025/10503.png"
"466.p.10507","616","Dixon","Eric","CHA","NotAvailable","NA","PF,F,Util","","","","","","","","","","","","","","","","","","","","","https://s.yimg.com/iu/api/res/1.2/TcM85WhJ.fAOHWf2QKLjIw--~C/YXBwaWQ9eXNwb3J0cztjaD0yMDA7Y3I9MTtjdz0xNTM7ZHg9NzQ7ZHk9MDtmaT11bGNyb3A7aD02MDtxPTEwMDt3PTQ2/https://s.yimg.com/dh/ap/default/140828/silhouette@2x.png"
"466.p.10509","617","Bates","Tamar","DEN","NotAvailable","NA - Foot","SG,G,Util","","","","","","","","","","","","","","","","","","","","","https://s.yimg.com/iu/api/res/1.2/abQKWOCc6dWbLloiatKjQA--~C/YXBwaWQ9eXNwb3J0cztjaD0yMzM2O2NyPTE7Y3c9MTc5MDtkeD04NTc7ZHk9MDtmaT11bGNyb3A7aD02MDtxPTEwMDt3PTQ2/https://s.yimg.com/xe/i/us/sp/v/nba_cutout/players_l/11172025/10509.png"
"466.p.10513","618","Matthews","Cameron","HOU","NotAvailable","NA","SF,F,Util","","","","","","","","","","","","","","","","","","","","","https://s.yimg.com/iu/api/res/1.2/GiVBnZISgUwK2TuYK7QEvg--~C/YXBwaWQ9eXNwb3J0cztjaD0yMzM2O2NyPTE7Y3c9MTc5MDtkeD04NTc7ZHk9MDtmaT11bGNyb3A7aD02MDtxPTEwMDt3PTQ2/https://s.yimg.com/xe/i/us/sp/v/nba_cutout/players_l/11172025/10513.png"
"466.p.10518","619","Marčiulionis","Augustas","LAL","NotAvailable","NA","PG,G,Util","","","","","","","","","","","","","","","","","","","","","https://s.yimg.com/iu/api/res/1.2/TcM85WhJ.fAOHWf2QKLjIw--~C/YXBwaWQ9eXNwb3J0cztjaD0yMDA7Y3I9MTtjdz0xNTM7ZHg9NzQ7ZHk9MDtmaT11bGNyb3A7aD02MDtxPTEwMDt3PTQ2/https://s.yimg.com/dh/ap/default/140828/silhouette@2x.png"
"466.p.10519","620","Kaluma","Arthur","LAL","NotAvailable","NA","PF,F,Util","","","","","","","","","","","","","","","","","","","","","https://s.yimg.com/iu/api/res/1.2/TcM85WhJ.fAOHWf2QKLjIw--~C/YXBwaWQ9eXNwb3J0cztjaD0yMDA7Y3I9MTtjdz0xNTM7ZHg9NzQ7ZHk9MDtmaT11bGNyb3A7aD02MDtxPTEwMDt3PTQ2/https://s.yimg.com/dh/ap/default/140828/silhouette@2x.png"
"466.p.10520","621","Davis","R.J.","LAL","NotAvailable","NA","PG,G,Util","","","","","","","","","","","","","","","","","","","","","https://s.yimg.com/iu/api/res/1.2/TcM85WhJ.fAOHWf2QKLjIw--~C/YXBwaWQ9eXNwb3J0cztjaD0yMDA7Y3I9MTtjdz0xNTM7ZHg9NzQ7ZHk9MDtmaT11bGNyb3A7aD02MDtxPTEwMDt3PTQ2/https://s.yimg.com/dh/ap/default/140828/silhouette@2x.png"
"466.p.10522","622","Brooks","Garrison","NOP","NotAvailable","NA","C,Util","","","","","","","","","","","","","","","","","","","","","https://s.yimg.com/iu/api/res/1.2/TcM85WhJ.fAOHWf2QKLjIw--~C/YXBwaWQ9eXNwb3J0cztjaD0yMDA7Y3I9MTtjdz0xNTM7ZHg9NzQ7ZHk9MDtmaT11bGNyb3A7aD02MDtxPTEwMDt3PTQ2/https://s.yimg.com/dh/ap/default/140828/silhouette@2x.png"
"466.p.10523","623","Samuel","Tyrese","PHX","NotAvailable","NA","PF,F,Util","","","","","","","","","","","","","","","","","","","","","https://s.yimg.com/iu/api/res/1.2/PONxeChUhLaDXByGiFInDw--~C/YXBwaWQ9eXNwb3J0cztjaD0yMzM2O2NyPTE7Y3c9MTc5MDtkeD04NTc7ZHk9MDtmaT11bGNyb3A7aD02MDtxPTEwMDt3PTQ2/https://s.yimg.com/xe/i/us/sp/v/nba_cutout/players_l/11172025/10523.png"
"466.p.10525","624","Cleveland","Matthew","DAL","NotAvailable","NA","SG,G,Util","","","","","","","","","","","","","","","","","","","","","https://s.yimg.com/iu/api/res/1.2/j0keJxEOkzZHz8wyG9VlAw--~C/YXBwaWQ9eXNwb3J0cztjaD0yMzM2O2NyPTE7Y3c9MTc5MDtkeD04NTc7ZHk9MDtmaT11bGNyb3A7aD02MDtxPTEwMDt3PTQ2/https://s.yimg.com/xe/i/us/sp/v/nba_cutout/players_l/10202025/10525.png"
"466.p.10531","625","Pierre","Jonathan","WAS","NotAvailable","NA","SF,F,Util","","","","","","","","","","","","","","","","","","","","","https://s.yimg.com/iu/api/res/1.2/1YOp3ufEluNnr.Nxtdz_QA--~C/YXBwaWQ9eXNwb3J0cztjaD0yMzM2O2NyPTE7Y3c9MTc5MDtkeD04NTc7ZHk9MDtmaT11bGNyb3A7aD02MDtxPTEwMDt3PTQ2/https://s.yimg.com/xe/i/us/sp/v/nba_cutout/players_l/11172025/10531.png"
"466.p.10535","626","Crowl","Steven","UTA","NotAvailable","NA","C,Util","","","","","","","","","","","","","","","","","","","","","https://s.yimg.com/iu/api/res/1.2/TcM85WhJ.fAOHWf2QKLjIw--~C/YXBwaWQ9eXNwb3J0cztjaD0yMDA7Y3I9MTtjdz0xNTM7ZHg9NzQ7ZHk9MDtmaT11bGNyb3A7aD02MDtxPTEwMDt3PTQ2/https://s.yimg.com/dh/ap/default/140828/silhouette@2x.png"
"466.p.10537","627","Milicic Jr.","Igor","PHI","NotAvailable","NA","PF,F,Util","","","","","","","","","","","","","","","","","","","","","https://s.yimg.com/iu/api/res/1.2/TcM85WhJ.fAOHWf2QKLjIw--~C/YXBwaWQ9eXNwb3J0cztjaD0yMDA7Y3I9MTtjdz0xNTM7ZHg9NzQ7ZHk9MDtmaT11bGNyb3A7aD02MDtxPTEwMDt3PTQ2/https://s.yimg.com/dh/ap/default/140828/silhouette@2x.png"
"466.p.10538","628","Austin","Zack","OKC","NotAvailable","NA","SF,F,Util","","","","","","","","","","","","","","","","","","","","","https://s.yimg.com/iu/api/res/1.2/TcM85WhJ.fAOHWf2QKLjIw--~C/YXBwaWQ9eXNwb3J0cztjaD0yMDA7Y3I9MTtjdz0xNTM7ZHg9NzQ7ZHk9MDtmaT11bGNyb3A7aD02MDtxPTEwMDt3PTQ2/https://s.yimg.com/dh/ap/default/140828/silhouette@2x.png"
"466.p.10539","629","Shumate","Christian","NOP","NotAvailable","NA","SF,F,Util","","","","","","","","","","","","","","","","","","","","","https://s.yimg.com/iu/api/res/1.2/TcM85WhJ.fAOHWf2QKLjIw--~C/YXBwaWQ9eXNwb3J0cztjaD0yMDA7Y3I9MTtjdz0xNTM7ZHg9NzQ7ZHk9MDtmaT11bGNyb3A7aD02MDtxPTEwMDt3PTQ2/https://s.yimg.com/dh/ap/default/140828/silhouette@2x.png"
"466.p.10540","630","Murrell","Matthew","UTA","NotAvailable","NA","SG,G,Util","","","","","","","","","","","","","","","","","","","","","https://s.yimg.com/iu/api/res/1.2/TcM85WhJ.fAOHWf2QKLjIw--~C/YXBwaWQ9eXNwb3J0cztjaD0yMDA7Y3I9MTtjdz0xNTM7ZHg9NzQ7ZHk9MDtmaT11bGNyb3A7aD02MDtxPTEwMDt3PTQ2/https://s.yimg.com/dh/ap/default/140828/silhouette@2x.png"
"466.p.6444","631","Martin","KJ","UTA","NotAvailable","NA","SF,PF,F,Util","","","","","","","","","","","","","","","","","","","","","https://s.yimg.com/iu/api/res/1.2/uuQHXxFN5DiQqeBhcQixyA--~C/YXBwaWQ9eXNwb3J0cztjaD0yMzM2O2NyPTE7Y3c9MTc5MDtkeD04NTc7ZHk9MDtmaT11bGNyb3A7aD02MDtxPTEwMDt3PTQ2/https://s.yimg.com/xe/i/us/sp/v/nba_cutout/players_l/02112025/6444.png"
"466.p.10541","632","Zeng","Fanbo","BKN","NotAvailable","NA","PF,F,Util","","","","","","","","","","","","","","","","","","","","","https://s.yimg.com/iu/api/res/1.2/TcM85WhJ.fAOHWf2QKLjIw--~C/YXBwaWQ9eXNwb3J0cztjaD0yMDA7Y3I9MTtjdz0xNTM7ZHg9NzQ7ZHk9MDtmaT11bGNyb3A7aD02MDtxPTEwMDt3PTQ2/https://s.yimg.com/dh/ap/default/140828/silhouette@2x.png"
"466.p.10542","633","Garcia","Dawson","DET","NotAvailable","NA","PF,F,Util","","","","","","","","","","","","","","","","","","","","","https://s.yimg.com/iu/api/res/1.2/TcM85WhJ.fAOHWf2QKLjIw--~C/YXBwaWQ9eXNwb3J0cztjaD0yMDA7Y3I9MTtjdz0xNTM7ZHg9NzQ7ZHk9MDtmaT11bGNyb3A7aD02MDtxPTEwMDt3PTQ2/https://s.yimg.com/dh/ap/default/140828/silhouette@2x.png"
"466.p.10543","634","Williams","Brice","DET","NotAvailable","NA","SF,F,Util","","","","","","","","","","","","","","","","","","","","","https://s.yimg.com/iu/api/res/1.2/TcM85WhJ.fAOHWf2QKLjIw--~C/YXBwaWQ9eXNwb3J0cztjaD0yMDA7Y3I9MTtjdz0xNTM7ZHg9NzQ7ZHk9MDtmaT11bGNyb3A7aD02MDtxPTEwMDt3PTQ2/https://s.yimg.com/dh/ap/default/140828/silhouette@2x.png"
"466.p.10545","635","Dainja","Dain","MIA","NotAvailable","NA","PF,F,Util","","","","","","","","","","","","","","","","","","","","","https://s.yimg.com/iu/api/res/1.2/TcM85WhJ.fAOHWf2QKLjIw--~C/YXBwaWQ9eXNwb3J0cztjaD0yMDA7Y3I9MTtjdz0xNTM7ZHg9NzQ7ZHk9MDtmaT11bGNyb3A7aD02MDtxPTEwMDt3PTQ2/https://s.yimg.com/dh/ap/default/140828/silhouette@2x.png"
"466.p.10546","636","Thomas","Saint","PHI","NotAvailable","NA","PF,F,Util","","","","","","","","","","","","","","","","","","","","","https://s.yimg.com/iu/api/res/1.2/TcM85WhJ.fAOHWf2QKLjIw--~C/YXBwaWQ9eXNwb3J0cztjaD0yMDA7Y3I9MTtjdz0xNTM7ZHg9NzQ7ZHk9MDtmaT11bGNyb3A7aD02MDtxPTEwMDt3PTQ2/https://s.yimg.com/dh/ap/default/140828/silhouette@2x.png"
"466.p.10547","637","Davis","Johnell","ORL","NotAvailable","NA","SG,G,Util","","","","","","","","","","","","","","","","","","","","","https://s.yimg.com/iu/api/res/1.2/TcM85WhJ.fAOHWf2QKLjIw--~C/YXBwaWQ9eXNwb3J0cztjaD0yMDA7Y3I9MTtjdz0xNTM7ZHg9NzQ7ZHk9MDtmaT11bGNyb3A7aD02MDtxPTEwMDt3PTQ2/https://s.yimg.com/dh/ap/default/140828/silhouette@2x.png"
"466.p.10548","638","Batcho","Daniel","SAC","NotAvailable","NA","PF,F,Util","","","","","","","","","","","","","","","","","","","","","https://s.yimg.com/iu/api/res/1.2/TcM85WhJ.fAOHWf2QKLjIw--~C/YXBwaWQ9eXNwb3J0cztjaD0yMDA7Y3I9MTtjdz0xNTM7ZHg9NzQ7ZHk9MDtmaT11bGNyb3A7aD02MDtxPTEwMDt3PTQ2/https://s.yimg.com/dh/ap/default/140828/silhouette@2x.png"
"466.p.10549","639","Mascari","Mitch","SAC","NotAvailable","NA","SG,G,Util","","","","","","","","","","","","","","","","","","","","","https://s.yimg.com/iu/api/res/1.2/TcM85WhJ.fAOHWf2QKLjIw--~C/YXBwaWQ9eXNwb3J0cztjaD0yMDA7Y3I9MTtjdz0xNTM7ZHg9NzQ7ZHk9MDtmaT11bGNyb3A7aD02MDtxPTEwMDt3PTQ2/https://s.yimg.com/dh/ap/default/140828/silhouette@2x.png"
"466.p.6453","640","Jones","Mason","SAC","NotAvailable","NA","SG,G,SF,F,Util","","","","","","","","","","","","","","","","","","","","","https://s.yimg.com/iu/api/res/1.2/Ra1FQDpu4H6jJQ7WYaB9hA--~C/YXBwaWQ9eXNwb3J0cztjaD0yMzM2O2NyPTE7Y3c9MTc5MDtkeD04NTc7ZHk9MDtmaT11bGNyb3A7aD02MDtxPTEwMDt3PTQ2/https://s.yimg.com/xe/i/us/sp/v/nba_cutout/players_l/10292024/6453.png"
"466.p.10550","641","Madsen","Gabe","MIA","NotAvailable","NA","SG,G,Util","","","","","","","","","","","","","","","","","","","","","https://s.yimg.com/iu/api/res/1.2/TcM85WhJ.fAOHWf2QKLjIw--~C/YXBwaWQ9eXNwb3J0cztjaD0yMDA7Y3I9MTtjdz0xNTM7ZHg9NzQ7ZHk9MDtmaT11bGNyb3A7aD02MDtxPTEwMDt3PTQ2/https://s.yimg.com/dh/ap/default/140828/silhouette@2x.png"
"466.p.10553","642","Butler","Lamont","ATL","NotAvailable","NA","PG,G,Util","","","","","","","","","","","","","","","","","","","","","https://s.yimg.com/iu/api/res/1.2/TcM85WhJ.fAOHWf2QKLjIw--~C/YXBwaWQ9eXNwb3J0cztjaD0yMDA7Y3I9MTtjdz0xNTM7ZHg9NzQ7ZHk9MDtmaT11bGNyb3A7aD02MDtxPTEwMDt3PTQ2/https://s.yimg.com/dh/ap/default/140828/silhouette@2x.png"
"466.p.10555","643","Settle III","Steve","MIA","NotAvailable","NA","SF,F,Util","","","","","","","","","","","","","","","","","","","","","https://s.yimg.com/iu/api/res/1.2/TcM85WhJ.fAOHWf2QKLjIw--~C/YXBwaWQ9eXNwb3J0cztjaD0yMDA7Y3I9MTtjdz0xNTM7ZHg9NzQ7ZHk9MDtmaT11bGNyb3A7aD02MDtxPTEwMDt3PTQ2/https://s.yimg.com/dh/ap/default/140828/silhouette@2x.png"
"466.p.6459","644","Stevens","Lamar","MEM","NotAvailable","NA","SF,PF,F,Util","","","","","","","","","","","","","","","","","","","","","https://s.yimg.com/iu/api/res/1.2/OD6v_ByHsuKAbduC6cqVsA--~C/YXBwaWQ9eXNwb3J0cztjaD0yMzM2O2NyPTE7Y3c9MTc5MDtkeD04NTc7ZHk9MDtmaT11bGNyb3A7aD02MDtxPTEwMDt3PTQ2/https://s.yimg.com/xe/i/us/sp/v/nba_cutout/players_l/02202024/6459.png"
"466.p.5472","645","Lyles","Trey","SAC","NotAvailable","NA","PF,F,C,Util","","","","","","","","","","","","","","","","","","","","","https://s.yimg.com/iu/api/res/1.2/4F6lqKAfCIciRwyha3XvEA--~C/YXBwaWQ9eXNwb3J0cztjaD0yMzM2O2NyPTE7Y3c9MTc5MDtkeD04NTc7ZHk9MDtmaT11bGNyb3A7aD02MDtxPTEwMDt3PTQ2/https://s.yimg.com/xe/i/us/sp/v/nba_cutout/players_l/10292024/5472.png"
"466.p.5476","646","Rozier","Terry","MIA","Injured","INJ - Not Injury Related","PG,G,Util,IL,IL+","","","","","","","","","","","","","","","","","","","","","https://s.yimg.com/iu/api/res/1.2/_c_PWH2bUnuzXyy34CuScA--~C/YXBwaWQ9eXNwb3J0cztjaD0yMzM2O2NyPTE7Y3c9MTc5MDtkeD04NTc7ZHk9MDtmaT11bGNyb3A7aD02MDtxPTEwMDt3PTQ2/https://s.yimg.com/xe/i/us/sp/v/nba_cutout/players_l/11172025/5476.png"
"466.p.6500","647","Queen","Trevelin","ORL","NotAvailable","NA","SG,G,SF,F,Util","","","","","","","","","","","","","","","","","","","","","https://s.yimg.com/iu/api/res/1.2/cMSuTngKpT5OLRkM263tfQ--~C/YXBwaWQ9eXNwb3J0cztjaD0yMzM2O2NyPTE7Y3c9MTc5MDtkeD04NTc7ZHk9MDtmaT11bGNyb3A7aD02MDtxPTEwMDt3PTQ2/https://s.yimg.com/xe/i/us/sp/v/nba_cutout/players_l/10292024/6500.png"
"466.p.5480","648","Wright","Delon","IND","NotAvailable","NA","PG,SG,G,Util","","","","","","","","","","","","","","","","","","","","","https://s.yimg.com/iu/api/res/1.2/GwED1pHoktNt.sCIj17Wbg--~C/YXBwaWQ9eXNwb3J0cztjaD0yMzM2O2NyPTE7Y3c9MTc5MDtkeD04NTc7ZHk9MDtmaT11bGNyb3A7aD02MDtxPTEwMDt3PTQ2/https://s.yimg.com/xe/i/us/sp/v/nba_cutout/players_l/02132026/5480.1.png"
"466.p.5497","649","Holmes","Richaun","WAS","NotAvailable","NA","C,Util","","","","","","","","","","","","","","","","","","","","","https://s.yimg.com/iu/api/res/1.2/DtK3CisUudGkeae2mkh.7Q--~C/YXBwaWQ9eXNwb3J0cztjaD0yMzM2O2NyPTE7Y3c9MTc5MDtkeD04NTc7ZHk9MDtmaT11bGNyb3A7aD02MDtxPTEwMDt3PTQ2/https://s.yimg.com/xe/i/us/sp/v/nba_cutout/players_l/11012024/5497.png"
"466.p.5500","650","Richardson","Josh","UTA","NotAvailable","NA","PG,SG,G,Util","","","","","","","","","","","","","","","","","","","","","https://s.yimg.com/iu/api/res/1.2/370FRRyyO2NcG9t3zmiyJA--~C/YXBwaWQ9eXNwb3J0cztjaD0yMzM2O2NyPTE7Y3c9MTc5MDtkeD04NTc7ZHk9MDtmaT11bGNyb3A7aD02MDtxPTEwMDt3PTQ2/https://s.yimg.com/xe/i/us/sp/v/nba_cutout/players_l/02112025/5500.png"
"466.p.6561","651","Jones","Kai","DAL","NotAvailable","NA","C,Util","","","","","","","","","","","","","","","","","","","","","https://s.yimg.com/iu/api/res/1.2/p7q4v.AwBwB.2g1yx7gp5w--~C/YXBwaWQ9eXNwb3J0cztjaD0yMzM2O2NyPTE7Y3c9MTc5MDtkeD04NTc7ZHk9MDtmaT11bGNyb3A7aD02MDtxPTEwMDt3PTQ2/https://s.yimg.com/xe/i/us/sp/v/nba_cutout/players_l/03052025/6561.png"
"466.p.6563","652","Johnson","Keon","BKN","NotAvailable","NA","PG,SG,G,Util","","","","","","","","","","","","","","","","","","","","","https://s.yimg.com/iu/api/res/1.2/tKdYsJoDMeLIsSDOkcZVEQ--~C/YXBwaWQ9eXNwb3J0cztjaD0yMzM2O2NyPTE7Y3c9MTc5MDtkeD04NTc7ZHk9MDtmaT11bGNyb3A7aD02MDtxPTEwMDt3PTQ2/https://s.yimg.com/xe/i/us/sp/v/nba_cutout/players_l/10232024/6563.png"
"466.p.6566","653","Christopher","Josh","MIA","NotAvailable","NA","PG,SG,G,Util","","","","","","","","","","","","","","","","","","","","","https://s.yimg.com/iu/api/res/1.2/PrijzbUrnBAAvpmm6nxntg--~C/YXBwaWQ9eXNwb3J0cztjaD0yMzM2O2NyPTE7Y3c9MTc5MDtkeD04NTc7ZHk9MDtmaT11bGNyb3A7aD02MDtxPTEwMDt3PTQ2/https://s.yimg.com/xe/i/us/sp/v/nba_cutout/players_l/10292024/6566.png"
"466.p.6570","654","Springer","Jaden","NOP","NotAvailable","NA","SG,G,Util","","","","","","","","","","","","","","","","","","","","","https://s.yimg.com/iu/api/res/1.2/cq7mSwbvdtZ5cZhPBph7vA--~C/YXBwaWQ9eXNwb3J0cztjaD0yMzM2O2NyPTE7Y3c9MTc5MDtkeD04NTc7ZHk9MDtmaT11bGNyb3A7aD02MDtxPTEwMDt3PTQ2/https://s.yimg.com/xe/i/us/sp/v/nba_cutout/players_l/02132026/6570.1.png"
"466.p.6575","655","Preston","Jason","LAC","NotAvailable","NA - Hamstring","PG,G,Util","","","","","","","","","","","","","","","","","","","","","https://s.yimg.com/iu/api/res/1.2/fYHFYWRcJIbJAl9XNne6cQ--~C/YXBwaWQ9eXNwb3J0cztjaD0yMzM2O2NyPTE7Y3c9MTc5MDtkeD04NTc7ZHk9MDtmaT11bGNyb3A7aD02MDtxPTEwMDt3PTQ2/https://s.yimg.com/xe/i/us/sp/v/nba_cutout/players_l/02132026/6575.3.png"
"466.p.6579","656","Thor","JT","WAS","NotAvailable","NA","PF,F,Util","","","","","","","","","","","","","","","","","","","","","https://s.yimg.com/iu/api/res/1.2/hj6Ht.t8U9Kxh189sSA5Lw--~C/YXBwaWQ9eXNwb3J0cztjaD0yMzM2O2NyPTE7Y3c9MTc5MDtkeD04NTc7ZHk9MDtmaT11bGNyb3A7aD02MDtxPTEwMDt3PTQ2/https://s.yimg.com/xe/i/us/sp/v/nba_cutout/players_l/10242024/6579.png"
"466.p.6582","657","Butler","Jared","PHX","NotAvailable","NA","PG,SG,G,Util","","","","","","","","","","","","","","","","","","","","","https://s.yimg.com/iu/api/res/1.2/LeJzWTIMdDJwKWVmchxdvQ--~C/YXBwaWQ9eXNwb3J0cztjaD0yMzM2O2NyPTE7Y3c9MTc5MDtkeD04NTc7ZHk9MDtmaT11bGNyb3A7aD02MDtxPTEwMDt3PTQ2/https://s.yimg.com/xe/i/us/sp/v/nba_cutout/players_l/11172025/6582.png"
"466.p.6586","658","Edwards","Kessler","DEN","NotAvailable","NA","PF,F,C,Util","","","","","","","","","","","","","","","","","","","","","https://s.yimg.com/iu/api/res/1.2/reb4JwGsfi_wDh0LJlPXvg--~C/YXBwaWQ9eXNwb3J0cztjaD0yMzM2O2NyPTE7Y3c9MTc5MDtkeD04NTc7ZHk9MDtmaT11bGNyb3A7aD02MDtxPTEwMDt3PTQ2/https://s.yimg.com/xe/i/us/sp/v/nba_cutout/players_l/02132026/6586.3.png"
"466.p.6593","659","Boston","Brandon","NOP","NotAvailable","NA","SF,PF,F,Util","","","","","","","","","","","","","","","","","","","","","https://s.yimg.com/iu/api/res/1.2/9NcRHRsvlLM4DVFZMI3ldg--~C/YXBwaWQ9eXNwb3J0cztjaD0yMzM2O2NyPTE7Y3c9MTc5MDtkeD04NTc7ZHk9MDtmaT11bGNyb3A7aD02MDtxPTEwMDt3PTQ2/https://s.yimg.com/xe/i/us/sp/v/nba_cutout/players_l/10302024/6593.png"
"466.p.5600","660","Simmons","Ben","LAC","NotAvailable","NA","PG,G,C,Util","","","","","","","","","","","","","","","","","","","","","https://s.yimg.com/iu/api/res/1.2/e7ZcJ0ZADFGA2_o8YNLegQ--~C/YXBwaWQ9eXNwb3J0cztjaD0yMzM2O2NyPTE7Y3c9MTc5MDtkeD04NTc7ZHk9MDtmaT11bGNyb3A7aD02MDtxPTEwMDt3PTQ2/https://s.yimg.com/xe/i/us/sp/v/nba_cutout/players_l/02122025/5600.png"
"466.p.6624","661","Duke Jr.","David","PHX","NotAvailable","NA","SG,G,SF,F,Util","","","","","","","","","","","","","","","","","","","","","https://s.yimg.com/iu/api/res/1.2/t9a8Yry4sgpCY.W0q4vrVw--~C/YXBwaWQ9eXNwb3J0cztjaD0yMzM2O2NyPTE7Y3c9MTc5MDtkeD04NTc7ZHk9MDtmaT11bGNyb3A7aD02MDtxPTEwMDt3PTQ2/https://s.yimg.com/xe/i/us/sp/v/nba_cutout/players_l/11172025/6624.png"
"466.p.6636","662","Dowtin Jr.","Jeff","PHI","NotAvailable","NA","PG,SG,G,Util","","","","","","","","","","","","","","","","","","","","","https://s.yimg.com/iu/api/res/1.2/0Mrey.dck9UKys_fcGKMog--~C/YXBwaWQ9eXNwb3J0cztjaD0yMzM2O2NyPTE7Y3c9MTc5MDtkeD04NTc7ZHk9MDtmaT11bGNyb3A7aD02MDtxPTEwMDt3PTQ2/https://s.yimg.com/xe/i/us/sp/v/nba_cutout/players_l/10282024/6636.png"
"466.p.6653","663","Smart","Javonte","ORL","NotAvailable","NA","PG,G,Util","","","","","","","","","","","","","","","","","","","","","https://s.yimg.com/iu/api/res/1.2/4kwhEyR.URW9Is.szV_gcQ--~C/YXBwaWQ9eXNwb3J0cztjaD0yMzM2O2NyPTE7Y3c9MTc5MDtkeD04NTc7ZHk9MDtmaT11bGNyb3A7aD02MDtxPTEwMDt3PTQ2/https://s.yimg.com/xe/i/us/sp/v/nba_cutout/players_l/02132026/6653.3.png"
"466.p.6654","664","Ryan","Matt","NYK","NotAvailable","NA","SF,F,Util","","","","","","","","","","","","","","","","","","","","","https://s.yimg.com/iu/api/res/1.2/MuO2MTI4T7koQPgZ87nM_w--~C/YXBwaWQ9eXNwb3J0cztjaD0yMzM2O2NyPTE7Y3c9MTc5MDtkeD04NTc7ZHk9MDtmaT11bGNyb3A7aD02MDtxPTEwMDt3PTQ2/https://s.yimg.com/xe/i/us/sp/v/nba_cutout/players_l/02122026/6654.2.png"
"466.p.6660","665","Hill","Malcolm","PHI","NotAvailable","NA","SF,F,Util","","","","","","","","","","","","","","","","","","","","","https://s.yimg.com/iu/api/res/1.2/276uHeKRJAeE4XInF6oZkg--~C/YXBwaWQ9eXNwb3J0cztjaD0yMzM2O2NyPTE7Y3c9MTc5MDtkeD04NTc7ZHk9MDtmaT11bGNyb3A7aD02MDtxPTEwMDt3PTQ2/https://s.yimg.com/xe/i/us/sp/v/nba_cutout/players_l/02122026/6660.2.png"
"466.p.6661","666","Crutcher","Jalen","ORL","NotAvailable","NA","PG,G,Util","","","","","","","","","","","","","","","","","","","","","https://s.yimg.com/iu/api/res/1.2/HPQmFMpFhtfC8qe5YvuV1Q--~C/YXBwaWQ9eXNwb3J0cztjaD0yMzM2O2NyPTE7Y3c9MTc5MDtkeD04NTc7ZHk9MDtmaT11bGNyb3A7aD02MDtxPTEwMDt3PTQ2/https://s.yimg.com/xe/i/us/sp/v/nba_cutout/players_l/02132026/6661.3.png"
"466.p.6662","667","McGriff","Cameron","UTA","NotAvailable","NA","PF,F,Util","","","","","","","","","","","","","","","","","","","","","https://s.yimg.com/iu/api/res/1.2/TcM85WhJ.fAOHWf2QKLjIw--~C/YXBwaWQ9eXNwb3J0cztjaD0yMDA7Y3I9MTtjdz0xNTM7ZHg9NzQ7ZHk9MDtmaT11bGNyb3A7aD02MDtxPTEwMDt3PTQ2/https://s.yimg.com/dh/ap/default/140828/silhouette@2x.png"
"466.p.4621","668","Johnson","James","IND","NotAvailable","NA","PF,F,Util","","","","","","","","","","","","","","","","","","","","","https://s.yimg.com/iu/api/res/1.2/nSxq9ub2ILuyvb3pA6URNg--~C/YXBwaWQ9eXNwb3J0cztjaD0yMzM2O2NyPTE7Y3c9MTc5MDtkeD04NTc7ZHk9MDtmaT11bGNyb3A7aD02MDtxPTEwMDt3PTQ2/https://s.yimg.com/xe/i/us/sp/v/nba_cutout/players_l/10292024/4621.png"
"466.p.5650","669","Beasley","Malik","DET","NotAvailable","NA","SG,G,SF,F,Util","","","","","","","","","","","","","","","","","","","","","https://s.yimg.com/iu/api/res/1.2/H2c5LtQ3ivBJ9JWh.CBq9Q--~C/YXBwaWQ9eXNwb3J0cztjaD0yMzM2O2NyPTE7Y3c9MTc5MDtkeD04NTc7ZHk9MDtmaT11bGNyb3A7aD02MDtxPTEwMDt3PTQ2/https://s.yimg.com/xe/i/us/sp/v/nba_cutout/players_l/10282024/5650.png"
"466.p.6686","670","Key","Braxton","MEM","NotAvailable","NA","SF,PF,F,Util","","","","","","","","","","","","","","","","","","","","","https://s.yimg.com/iu/api/res/1.2/18ISoV_.zSFAuRlRGtHv.Q--~C/YXBwaWQ9eXNwb3J0cztjaD0yMzM2O2NyPTE7Y3c9MTc5MDtkeD04NTc7ZHk9MDtmaT11bGNyb3A7aD02MDtxPTEwMDt3PTQ2/https://s.yimg.com/xe/i/us/sp/v/nba_cutout/players_l/11172025/6686.png"
"466.p.5667","671","Brogdon","Malcolm","NYK","NotAvailable","NA","PG,SG,G,Util","","","","","","","","","","","","","","","","","","","","","https://s.yimg.com/iu/api/res/1.2/aIxIJrBzpgrDjTPzHHa3YA--~C/YXBwaWQ9eXNwb3J0cztjaD0yMzM2O2NyPTE7Y3c9MTc5MDtkeD04NTc7ZHk9MDtmaT11bGNyb3A7aD02MDtxPTEwMDt3PTQ2/https://s.yimg.com/xe/i/us/sp/v/nba_cutout/players_l/02122026/5667.2.png"
"466.p.5681","672","Niang","Georges","MEM","NotAvailable","NA - Foot","PF,F,Util","","","","","","","","","","","","","","","","","","","","","https://s.yimg.com/iu/api/res/1.2/Vf.aDS2SRITLxHtgC2aPeg--~C/YXBwaWQ9eXNwb3J0cztjaD0yMzM2O2NyPTE7Y3c9MTc5MDtkeD04NTc7ZHk9MDtmaT11bGNyb3A7aD02MDtxPTEwMDt3PTQ2/https://s.yimg.com/xe/i/us/sp/v/nba_cutout/players_l/02132026/5681.1.png"
"466.p.4660","673","Mills","Patty","LAC","NotAvailable","NA","PG,G,Util","","","","","","","","","","","","","","","","","","","","","https://s.yimg.com/iu/api/res/1.2/HhIFUsempgmG_BekF5EdqQ--~C/YXBwaWQ9eXNwb3J0cztjaD0yMzM2O2NyPTE7Y3c9MTc5MDtkeD04NTc7ZHk9MDtmaT11bGNyb3A7aD02MDtxPTEwMDt3PTQ2/https://s.yimg.com/xe/i/us/sp/v/nba_cutout/players_l/10292024/4660.png"
"466.p.6738","674","Brown","Kendall","BOS","NotAvailable","NA","SF,F,Util","","","","","","","","","","","","","","","","","","","","","https://s.yimg.com/iu/api/res/1.2/_cZre6DxVOo_fGgwOMqe8g--~C/YXBwaWQ9eXNwb3J0cztjaD0yMzM2O2NyPTE7Y3c9MTc5MDtkeD04NTc7ZHk9MDtmaT11bGNyb3A7aD02MDtxPTEwMDt3PTQ2/https://s.yimg.com/xe/i/us/sp/v/nba_cutout/players_l/02122026/6738.2.png"
"466.p.6750","675","Quinones","Lester","ORL","NotAvailable","NA","SG,G,SF,F,Util","","","","","","","","","","","","","","","","","","","","","https://s.yimg.com/iu/api/res/1.2/pCqDPaO3hTN3e6EXJfQ1BQ--~C/YXBwaWQ9eXNwb3J0cztjaD0yMzM2O2NyPTE7Y3c9MTc5MDtkeD04NTc7ZHk9MDtmaT11bGNyb3A7aD02MDtxPTEwMDt3PTQ2/https://s.yimg.com/xe/i/us/sp/v/nba_cutout/players_l/11172025/6750.png"
"466.p.5727","676","VanVleet","Fred","HOU","Injured","INJ - Knee","PG,G,Util,IL,IL+","99.4","10.4","$3.4","11%","","","","","","","","","","","","","","","","","https://s.yimg.com/iu/api/res/1.2/r7otpQLWq0ZADLsmutnPTQ--~C/YXBwaWQ9eXNwb3J0cztjaD0yMzM2O2NyPTE7Y3c9MTc5MDtkeD04NTc7ZHk9MDtmaT11bGNyb3A7aD02MDtxPTEwMDt3PTQ2/https://s.yimg.com/xe/i/us/sp/v/nba_cutout/players_l/10292024/5727.png"
"466.p.5733","677","Lee","Damion","PHX","NotAvailable","NA","SG,G,SF,F,Util","","","","","","","","","","","","","","","","","","","","","https://s.yimg.com/iu/api/res/1.2/.Bq.s.3_HDPoTOXq4nXhVA--~C/YXBwaWQ9eXNwb3J0cztjaD0yMzM2O2NyPTE7Y3c9MTc5MDtkeD04NTc7ZHk9MDtmaT11bGNyb3A7aD02MDtxPTEwMDt3PTQ2/https://s.yimg.com/xe/i/us/sp/v/nba_cutout/players_l/11042024/5733.png"
"466.p.6767","678","Harris","Kevon","HOU","NotAvailable","NA","SG,G,Util","","","","","","","","","","","","","","","","","","","","","https://s.yimg.com/iu/api/res/1.2/kFc0Gl2Lyb.B7QbjvOX1AQ--~C/YXBwaWQ9eXNwb3J0cztjaD0yMzM2O2NyPTE7Y3c9MTc5MDtkeD04NTc7ZHk9MDtmaT11bGNyb3A7aD02MDtxPTEwMDt3PTQ2/https://s.yimg.com/xe/i/us/sp/v/nba_cutout/players_l/11172025/6767.png"
"466.p.6773","679","Gueye","Mouhamadou","CHI","NotAvailable","NA","C,Util","","","","","","","","","","","","","","","","","","","","","https://s.yimg.com/iu/api/res/1.2/m3470cZBAA9ZkpKJFmTYIA--~C/YXBwaWQ9eXNwb3J0cztjaD0yMzM2O2NyPTE7Y3c9MTc5MDtkeD04NTc7ZHk9MDtmaT11bGNyb3A7aD02MDtxPTEwMDt3PTQ2/https://s.yimg.com/xe/i/us/sp/v/nba_cutout/players_l/10092023/6773.png"
"466.p.6783","680","Bernard","Jules","MIN","NotAvailable","NA - Undisclosed","SG,G,SF,F,Util","","","","","","","","","","","","","","","","","","","","","https://s.yimg.com/iu/api/res/1.2/zpFeKKktkJ2HcHib8ZyA_A--~C/YXBwaWQ9eXNwb3J0cztjaD0yMzM2O2NyPTE7Y3c9MTc5MDtkeD04NTc7ZHk9MDtmaT11bGNyb3A7aD02MDtxPTEwMDt3PTQ2/https://s.yimg.com/xe/i/us/sp/v/nba_cutout/players_l/02132026/6783.2.png"
"466.p.6803","681","Rhoden","Jared","TOR","NotAvailable","NA","SG,G,SF,F,Util","","","","","","","","","","","","","","","","","","","","","https://s.yimg.com/iu/api/res/1.2/sOPshDRKVQFSy1p5MC9klw--~C/YXBwaWQ9eXNwb3J0cztjaD0yMzM2O2NyPTE7Y3c9MTc5MDtkeD04NTc7ZHk9MDtmaT11bGNyb3A7aD02MDtxPTEwMDt3PTQ2/https://s.yimg.com/xe/i/us/sp/v/nba_cutout/players_l/11172025/6803.1.png"
"466.p.6821","682","Badji","Ibou","CHA","NotAvailable","NA - Shoulder","C,Util","","","","","","","","","","","","","","","","","","","","","https://s.yimg.com/iu/api/res/1.2/cDenn8QrEvtsgnW4AgpDQQ--~C/YXBwaWQ9eXNwb3J0cztjaD0yMzM2O2NyPTE7Y3c9MTc5MDtkeD04NTc7ZHk9MDtmaT11bGNyb3A7aD02MDtxPTEwMDt3PTQ2/https://s.yimg.com/xe/i/us/sp/v/nba_cutout/players_l/02132026/6821.3.png"
"466.p.5822","683","Smith Jr.","Dennis","DAL","NotAvailable","NA","PG,G,Util","","","","","","","","","","","","","","","","","","","","","https://s.yimg.com/iu/api/res/1.2/Btn0ho1rqw2GFkVea1Sl3A--~C/YXBwaWQ9eXNwb3J0cztjaD0yMzM2O2NyPTE7Y3c9MTc5MDtkeD04NTc7ZHk9MDtmaT11bGNyb3A7aD02MDtxPTEwMDt3PTQ2/https://s.yimg.com/xe/i/us/sp/v/nba_cutout/players_l/11172025/5822.png"
"466.p.5862","684","Čančar","Vlatko","DEN","NotAvailable","NA","PF,F,C,Util","","","","","","","","","","","","","","","","","","","","","https://s.yimg.com/iu/api/res/1.2/Ufpm8VBrN4OldRXEOKpl3Q--~C/YXBwaWQ9eXNwb3J0cztjaD0yMzM2O2NyPTE7Y3c9MTc5MDtkeD04NTc7ZHk9MDtmaT11bGNyb3A7aD02MDtxPTEwMDt3PTQ2/https://s.yimg.com/xe/i/us/sp/v/nba_cutout/players_l/10282024/5862.png"
"466.p.4840","685","Irving","Kyrie","DAL","Injured","INJ - Knee","PG,G,Util,IL,IL+","117.0","11.9","$2.5","38%","","","","","","","","","","","","","","","","","https://s.yimg.com/iu/api/res/1.2/bZCa.uokythw8hjKd5VDXg--~C/YXBwaWQ9eXNwb3J0cztjaD0yMzM2O2NyPTE7Y3c9MTc5MDtkeD04NTc7ZHk9MDtmaT11bGNyb3A7aD02MDtxPTEwMDt3PTQ2/https://s.yimg.com/xe/i/us/sp/v/nba_cutout/players_l/11172025/4840.png"
"466.p.5893","686","Craig","Torrey","BOS","NotAvailable","NA","SF,PF,F,Util","","","","","","","","","","","","","","","","","","","","","https://s.yimg.com/iu/api/res/1.2/.ZWysSp8WWYKccMbuG5cYQ--~C/YXBwaWQ9eXNwb3J0cztjaD0yMzM2O2NyPTE7Y3c9MTc5MDtkeD04NTc7ZHk9MDtmaT11bGNyb3A7aD02MDtxPTEwMDt3PTQ2/https://s.yimg.com/xe/i/us/sp/v/nba_cutout/players_l/02102025/5893.png"
"466.p.4884","687","Thompson","Tristan","CLE","NotAvailable","NA","C,Util","","","","","","","","","","","","","","","","","","","","","https://s.yimg.com/iu/api/res/1.2/DcPw0_hzxwOn3kTJVYJdZw--~C/YXBwaWQ9eXNwb3J0cztjaD0yMzM2O2NyPTE7Y3c9MTc5MDtkeD04NTc7ZHk9MDtmaT11bGNyb3A7aD02MDtxPTEwMDt3PTQ2/https://s.yimg.com/xe/i/us/sp/v/nba_cutout/players_l/10242024/4884.png"
"466.p.4893","688","Burks","Alec","MIA","NotAvailable","NA","SG,G,SF,F,Util","","","","","","","","","","","","","","","","","","","","","https://s.yimg.com/iu/api/res/1.2/aRCi49TjwqhaJ0MK9BJbBg--~C/YXBwaWQ9eXNwb3J0cztjaD0yMzM2O2NyPTE7Y3c9MTc5MDtkeD04NTc7ZHk9MDtmaT11bGNyb3A7aD02MDtxPTEwMDt3PTQ2/https://s.yimg.com/xe/i/us/sp/v/nba_cutout/players_l/10292024/4893.png"
"466.p.4894","689","Morris","Markieff","LAL","NotAvailable","NA","PF,F,C,Util","","","","","","","","","","","","","","","","","","","","","https://s.yimg.com/iu/api/res/1.2/TEmEAoL_CoS.ImlBYHPVdw--~C/YXBwaWQ9eXNwb3J0cztjaD0yMzM2O2NyPTE7Y3c9MTc5MDtkeD04NTc7ZHk9MDtmaT11bGNyb3A7aD02MDtxPTEwMDt3PTQ2/https://s.yimg.com/xe/i/us/sp/v/nba_cutout/players_l/02032025/4894.png"
"466.p.4906","690","Jackson","Reggie","PHI","NotAvailable","NA","PG,SG,G,Util","","","","","","","","","","","","","","","","","","","","","https://s.yimg.com/iu/api/res/1.2/J3XMECzJ8Sb205V8v6iVjA--~C/YXBwaWQ9eXNwb3J0cztjaD0yMzM2O2NyPTE7Y3c9MTc5MDtkeD04NTc7ZHk9MDtmaT11bGNyb3A7aD02MDtxPTEwMDt3PTQ2/https://s.yimg.com/xe/i/us/sp/v/nba_cutout/players_l/10282024/4906.png"
"466.p.4911","691","Joseph","Cory","ORL","NotAvailable","NA","PG,G,Util","","","","","","","","","","","","","","","","","","","","","https://s.yimg.com/iu/api/res/1.2/DFS5o5uw__hWWoYRbtS8Iw--~C/YXBwaWQ9eXNwb3J0cztjaD0yMzM2O2NyPTE7Y3c9MTc5MDtkeD04NTc7ZHk9MDtmaT11bGNyb3A7aD02MDtxPTEwMDt3PTQ2/https://s.yimg.com/xe/i/us/sp/v/nba_cutout/players_l/10292024/4911.png"
"466.p.10061","692","Minaya","Justin","ORL","NotAvailable","NA","SG,G,SF,F,Util","","","","","","","","","","","","","","","","","","","","","https://s.yimg.com/iu/api/res/1.2/ma98MswNfwIfCp_EkGK0vA--~C/YXBwaWQ9eXNwb3J0cztjaD0yMzM2O2NyPTE7Y3c9MTc5MDtkeD04NTc7ZHk9MDtmaT11bGNyb3A7aD02MDtxPTEwMDt3PTQ2/https://s.yimg.com/xe/i/us/sp/v/nba_cutout/players_l/11172025/10061.png"
"466.p.10066","693","Bates","Emoni","PHI","NotAvailable","NA - Knee","SG,G,SF,F,Util","","","","","","","","","","","","","","","","","","","","","https://s.yimg.com/iu/api/res/1.2/ASRqLLL11mZoEcK9ebJJrA--~C/YXBwaWQ9eXNwb3J0cztjaD0yMzM2O2NyPTE7Y3c9MTc5MDtkeD04NTc7ZHk9MDtmaT11bGNyb3A7aD02MDtxPTEwMDt3PTQ2/https://s.yimg.com/xe/i/us/sp/v/nba_cutout/players_l/02122026/10066.2.png"
"466.p.10073","694","Lundy","Seth","LAC","NotAvailable","NA","SF,F,Util","","","","","","","","","","","","","","","","","","","","","https://s.yimg.com/iu/api/res/1.2/eRZP3Lx5O9lVPO820HXr4g--~C/YXBwaWQ9eXNwb3J0cztjaD0yMzM2O2NyPTE7Y3c9MTc5MDtkeD04NTc7ZHk9MDtmaT11bGNyb3A7aD02MDtxPTEwMDt3PTQ2/https://s.yimg.com/xe/i/us/sp/v/nba_cutout/players_l/10212024/10073.png"
"466.p.10079","695","Lewis","Maxwell","BKN","NotAvailable","NA","SG,G,SF,F,Util","","","","","","","","","","","","","","","","","","","","","https://s.yimg.com/iu/api/res/1.2/XEgQ2GRPXb3LUt0MHTpSTQ--~C/YXBwaWQ9eXNwb3J0cztjaD0yMzM2O2NyPTE7Y3c9MTc5MDtkeD04NTc7ZHk9MDtmaT11bGNyb3A7aD02MDtxPTEwMDt3PTQ2/https://s.yimg.com/xe/i/us/sp/v/nba_cutout/players_l/12302024/10079.png"
"466.p.10109","696","Hood-Schifino","Jalen","PHI","NotAvailable","NA","SG,G,SF,F,Util","","","","","","","","","","","","","","","","","","","","","https://s.yimg.com/iu/api/res/1.2/L6b_hjX2sngOzw7TzINRZw--~C/YXBwaWQ9eXNwb3J0cztjaD0yMzM2O2NyPTE7Y3c9MTc5MDtkeD04NTc7ZHk9MDtmaT11bGNyb3A7aD02MDtxPTEwMDt3PTQ2/https://s.yimg.com/xe/i/us/sp/v/nba_cutout/players_l/04142025/10109.png"
"466.p.10111","697","Whitehead","Dariq","OKC","NotAvailable","NA","SG,G,SF,F,Util","","","","","","","","","","","","","","","","","","","","","https://s.yimg.com/iu/api/res/1.2/RdRdcHtecpEwI0gHgPq06g--~C/YXBwaWQ9eXNwb3J0cztjaD0yMzM2O2NyPTE7Y3c9MTc5MDtkeD04NTc7ZHk9MDtmaT11bGNyb3A7aD02MDtxPTEwMDt3PTQ2/https://s.yimg.com/xe/i/us/sp/v/nba_cutout/players_l/02132026/10111.3.png"
"466.p.6020","698","Knox II","Kevin","CHI","NotAvailable","NA","SF,PF,F,Util","","","","","","","","","","","","","","","","","","","","","https://s.yimg.com/iu/api/res/1.2/fCztOWk2TwOYRL0BNAMmqA--~C/YXBwaWQ9eXNwb3J0cztjaD0yMzM2O2NyPTE7Y3c9MTc5MDtkeD04NTc7ZHk9MDtmaT11bGNyb3A7aD02MDtxPTEwMDt3PTQ2/https://s.yimg.com/xe/i/us/sp/v/nba_cutout/players_l/12052023/6020.png"
"466.p.10125","699","Council IV","Ricky","BKN","NotAvailable","NA - Knee","SG,G,SF,F,Util","","","","","","","","","","","","","","","","","","","","","https://s.yimg.com/iu/api/res/1.2/k1LuFHO7_Spish1qT0CuwQ--~C/YXBwaWQ9eXNwb3J0cztjaD0yMzM2O2NyPTE7Y3c9MTc5MDtkeD04NTc7ZHk9MDtmaT11bGNyb3A7aD02MDtxPTEwMDt3PTQ2/https://s.yimg.com/xe/i/us/sp/v/nba_cutout/players_l/10282024/10125.png"
"466.p.6029","700","Walker IV","Lonnie","PHI","NotAvailable","NA","SG,G,SF,F,Util","","","","","","","","","","","","","","","","","","","","","https://s.yimg.com/iu/api/res/1.2/dPAZY3pJ8cOq9zkIvyE9Zw--~C/YXBwaWQ9eXNwb3J0cztjaD0yMzM2O2NyPTE7Y3c9MTc5MDtkeD04NTc7ZHk9MDtmaT11bGNyb3A7aD02MDtxPTEwMDt3PTQ2/https://s.yimg.com/xe/i/us/sp/v/nba_cutout/players_l/03052025/6029.png"
"466.p.5012","701","Lillard","Damian","POR","Injured","INJ - Achilles","PG,G,Util,IL,IL+","108.6","11.3","$1.4","3%","","","","","","","","","","","","","","","","","https://s.yimg.com/iu/api/res/1.2/Akk1qbByyEVNlIS54sJ5.w--~C/YXBwaWQ9eXNwb3J0cztjaD0yMzM2O2NyPTE7Y3c9MTc5MDtkeD04NTc7ZHk9MDtmaT11bGNyb3A7aD02MDtxPTEwMDt3PTQ2/https://s.yimg.com/xe/i/us/sp/v/nba_cutout/players_l/11172025/5012.png"
"466.p.10134","702","Martin","Jaylen","WAS","NotAvailable","NA","SG,G,SF,F,Util","","","","","","","","","","","","","","","","","","","","","https://s.yimg.com/iu/api/res/1.2/SyrurFT.SOW4D13_4L87eA--~C/YXBwaWQ9eXNwb3J0cztjaD0yMzM2O2NyPTE7Y3c9MTc5MDtkeD04NTc7ZHk9MDtmaT11bGNyb3A7aD02MDtxPTEwMDt3PTQ2/https://s.yimg.com/xe/i/us/sp/v/nba_cutout/players_l/02102025/10134.png"
"466.p.10148","703","Norris","Miles","BOS","NotAvailable","NA","SF,PF,F,Util","","","","","","","","","","","","","","","","","","","","","https://s.yimg.com/iu/api/res/1.2/gnY89gUCiaE_QDru4EpJvw--~C/YXBwaWQ9eXNwb3J0cztjaD0yMzM2O2NyPTE7Y3c9MTc5MDtkeD04NTc7ZHk9MDtmaT11bGNyb3A7aD02MDtxPTEwMDt3PTQ2/https://s.yimg.com/xe/i/us/sp/v/nba_cutout/players_l/04142025/10148.png"
"466.p.10155","704","Dennis","Dexter","SAC","NotAvailable","NA","SG,G,Util","","","","","","","","","","","","","","","","","","","","","https://s.yimg.com/iu/api/res/1.2/1Rkl_ryDQAoZ6V4qqVxazw--~C/YXBwaWQ9eXNwb3J0cztjaD0yMzM2O2NyPTE7Y3c9MTc5MDtkeD04NTc7ZHk9MDtmaT11bGNyb3A7aD02MDtxPTEwMDt3PTQ2/https://s.yimg.com/xe/i/us/sp/v/nba_cutout/players_l/02132026/10155.3.png"
"466.p.6061","705","Johnson","Alize","MIN","NotAvailable","NA","PF,F,Util","","","","","","","","","","","","","","","","","","","","","https://s.yimg.com/iu/api/res/1.2/Lt0_QG0Ygh_lhUgE9HJS0w--~C/YXBwaWQ9eXNwb3J0cztjaD0yMzM2O2NyPTE7Y3c9MTc5MDtkeD04NTc7ZHk9MDtmaT11bGNyb3A7aD02MDtxPTEwMDt3PTQ2/https://s.yimg.com/xe/i/us/sp/v/nba_cutout/players_l/11172025/6061.png"
"466.p.10160","706","Antetokounmpo","Alex","MIL","Available","","SF,F,Util","","","","","","","","","","","","","","","","","","","","","https://s.yimg.com/iu/api/res/1.2/js8LkWT55ZVBBKztN_SB8A--~C/YXBwaWQ9eXNwb3J0cztjaD0yMzM2O2NyPTE7Y3c9MTc5MDtkeD04NTc7ZHk9MDtmaT11bGNyb3A7aD02MDtxPTEwMDt3PTQ2/https://s.yimg.com/xe/i/us/sp/v/nba_cutout/players_l/11172025/10160.png"
"466.p.6065","707","Milton","Shake","LAL","NotAvailable","NA","PG,SG,G,Util","","","","","","","","","","","","","","","","","","","","","https://s.yimg.com/iu/api/res/1.2/iCh0kyxb9PXAJseHsHKtgw--~C/YXBwaWQ9eXNwb3J0cztjaD0yMzM2O2NyPTE7Y3c9MTc5MDtkeD04NTc7ZHk9MDtmaT11bGNyb3A7aD02MDtxPTEwMDt3PTQ2/https://s.yimg.com/xe/i/us/sp/v/nba_cutout/players_l/02032025/6065.png"
"466.p.5068","708","Crowder","Jae","SAC","NotAvailable","NA","SF,PF,F,Util","","","","","","","","","","","","","","","","","","","","","https://s.yimg.com/iu/api/res/1.2/j9GxofTxww.JYFWc3a84NQ--~C/YXBwaWQ9eXNwb3J0cztjaD0yMzM2O2NyPTE7Y3c9MTc5MDtkeD04NTc7ZHk9MDtmaT11bGNyb3A7aD02MDtxPTEwMDt3PTQ2/https://s.yimg.com/xe/i/us/sp/v/nba_cutout/players_l/12302024/5068.png"
"466.p.10195","709","Bradshaw","Pedro","UTA","NotAvailable","NA","SF,F,Util","","","","","","","","","","","","","","","","","","","","","https://s.yimg.com/iu/api/res/1.2/TcM85WhJ.fAOHWf2QKLjIw--~C/YXBwaWQ9eXNwb3J0cztjaD0yMDA7Y3I9MTtjdz0xNTM7ZHg9NzQ7ZHk9MDtmaT11bGNyb3A7aD02MDtxPTEwMDt3PTQ2/https://s.yimg.com/dh/ap/default/140828/silhouette@2x.png"
"466.p.10210","710","Bediako","Charles","DET","NotAvailable","NA","C,Util","","","","","","","","","","","","","","","","","","","","","https://s.yimg.com/iu/api/res/1.2/HEz0x1KkoNnKWabZb6yQkw--~C/YXBwaWQ9eXNwb3J0cztjaD0yMzM2O2NyPTE7Y3c9MTc5MDtkeD04NTc7ZHk9MDtmaT11bGNyb3A7aD02MDtxPTEwMDt3PTQ2/https://s.yimg.com/xe/i/us/sp/v/nba_cutout/players_l/02132026/10210.1.png"
"466.p.10213","711","Baugh","Damion","PHX","NotAvailable","NA","PG,SG,G,Util","","","","","","","","","","","","","","","","","","","","","https://s.yimg.com/iu/api/res/1.2/hWCYc__wdK8Rtq48mxgPsQ--~C/YXBwaWQ9eXNwb3J0cztjaD0yMzM2O2NyPTE7Y3c9MTc5MDtkeD04NTc7ZHk9MDtmaT11bGNyb3A7aD02MDtxPTEwMDt3PTQ2/https://s.yimg.com/xe/i/us/sp/v/nba_cutout/players_l/11172025/10213.png"
"466.p.10223","712","Gortman","Jazian","OKC","NotAvailable","NA - Shoulder","PG,G,Util","","","","","","","","","","","","","","","","","","","","","https://s.yimg.com/iu/api/res/1.2/v1XuKxX7QsEpD25UqIhH9w--~C/YXBwaWQ9eXNwb3J0cztjaD0yMzM2O2NyPTE7Y3c9MTc5MDtkeD04NTc7ZHk9MDtmaT11bGNyb3A7aD02MDtxPTEwMDt3PTQ2/https://s.yimg.com/xe/i/us/sp/v/nba_cutout/players_l/02132026/10223.3.png"
"466.p.10225","713","Kinsey","Taevion","GSW","NotAvailable","NA","SG,G,Util","","","","","","","","","","","","","","","","","","","","","https://s.yimg.com/iu/api/res/1.2/TcM85WhJ.fAOHWf2QKLjIw--~C/YXBwaWQ9eXNwb3J0cztjaD0yMDA7Y3I9MTtjdz0xNTM7ZHg9NzQ7ZHk9MDtmaT11bGNyb3A7aD02MDtxPTEwMDt3PTQ2/https://s.yimg.com/dh/ap/default/140828/silhouette@2x.png"
"466.p.10237","714","Mangas","Kyle","SAS","NotAvailable","NA","PG,G,Util","","","","","","","","","","","","","","","","","","","","","https://s.yimg.com/iu/api/res/1.2/TcM85WhJ.fAOHWf2QKLjIw--~C/YXBwaWQ9eXNwb3J0cztjaD0yMDA7Y3I9MTtjdz0xNTM7ZHg9NzQ7ZHk9MDtmaT11bGNyb3A7aD02MDtxPTEwMDt3PTQ2/https://s.yimg.com/dh/ap/default/140828/silhouette@2x.png"
